npm warn deprecated w3c-hr-time@1.0.2: Use your platform's native performance.now() and performance.timeOrigin.
npm warn deprecated sourcemap-codec@1.4.8: Please use @jridgewell/sourcemap-codec instead
npm warn deprecated stable@0.1.8: Modern JS already guarantees Array#sort() is a stable sort, so this library is deprecated. See the compatibility table on MDN: https://developer.mozilla.org/en-US/docs/Web/JavaScript/Reference/Global_Objects/Array/sort#browser_compatibility
npm warn deprecated rimraf@3.0.2: Rimraf versions prior to v4 are no longer supported
npm warn deprecated rollup-plugin-terser@7.0.2: This package has been deprecated and is no longer maintained. Please use @rollup/plugin-terser
npm warn deprecated q@1.5.1: You or someone you depend on is using Q, the JavaScript Promise library that gave JavaScript developers strong feelings about promises. They can almost certainly migrate to the native JavaScript promise now. Thank you literally everyone for joining me in this bet against the odds. Be excellent to each other.
npm warn deprecated
npm warn deprecated (For a CapTP with native promises, see @endo/eventual-send and @endo/captp)
npm warn deprecated workbox-cacheable-response@6.6.0: workbox-background-sync@6.6.0
npm warn deprecated workbox-google-analytics@6.6.0: It is not compatible with newer versions of GA starting with v4, as long as you are using GAv3 it should be ok, but the package is not longer being maintained
npm warn deprecated inflight@1.0.6: This module is not supported, and leaks memory. Do not use it. Check out lru-cache if you want a good and tested way to coalesce async requests by a key value, which is much more comprehensive and powerful.
npm warn deprecated glob@7.2.3: Glob versions prior to v9 are no longer supported
npm warn deprecated domexception@2.0.1: Use your platform's native DOMException instead
npm warn deprecated abab@2.0.6: Use your platform's native atob() and btoa() methods instead
npm warn tar TAR_ENTRY_ERROR ENOENT: no such file or directory, open '/home/kavia/workspace/code-generation/tictacplus-persistent-fullstack-tic-tac-toe-61826-a614edb6/tic_tac_toe_frontend/node_modules/@babel/plugin-transform-react-pure-annotations/lib/index.js'
npm warn tar TAR_ENTRY_ERROR ENOENT: no such file or directory, open '/home/kavia/workspace/code-generation/tictacplus-persistent-fullstack-tic-tac-toe-61826-a614edb6/tic_tac_toe_frontend/node_modules/@babel/plugin-transform-react-constant-elements/lib/index.js'
npm warn tar TAR_ENTRY_ERROR ENOENT: no such file or directory, open '/home/kavia/workspace/code-generation/tictacplus-persistent-fullstack-tic-tac-toe-61826-a614edb6/tic_tac_toe_frontend/node_modules/@babel/plugin-transform-property-literals/lib/index.js'
npm warn tar TAR_ENTRY_ERROR ENOENT: no such file or directory, open '/home/kavia/workspace/code-generation/tictacplus-persistent-fullstack-tic-tac-toe-61826-a614edb6/tic_tac_toe_frontend/node_modules/@babel/plugin-transform-react-jsx/lib/create-plugin.js'
npm warn tar TAR_ENTRY_ERROR ENOENT: no such file or directory, open '/home/kavia/workspace/code-generation/tictacplus-persistent-fullstack-tic-tac-toe-61826-a614edb6/tic_tac_toe_frontend/node_modules/@babel/plugin-transform-nullish-coalescing-operator/README.md'
npm warn tar TAR_ENTRY_ERROR ENOENT: no such file or directory, open '/home/kavia/workspace/code-generation/tictacplus-persistent-fullstack-tic-tac-toe-61826-a614edb6/tic_tac_toe_frontend/node_modules/@babel/plugin-transform-modules-umd/README.md'
npm warn tar TAR_ENTRY_ERROR ENOENT: no such file or directory, open '/home/kavia/workspace/code-generation/tictacplus-persistent-fullstack-tic-tac-toe-61826-a614edb6/tic_tac_toe_frontend/node_modules/@babel/plugin-transform-modules-amd/README.md'
npm warn tar TAR_ENTRY_ERROR ENOENT: no such file or directory, open '/home/kavia/workspace/code-generation/tictacplus-persistent-fullstack-tic-tac-toe-61826-a614edb6/tic_tac_toe_frontend/node_modules/@babel/plugin-transform-new-target/README.md'
npm warn tar TAR_ENTRY_ERROR ENOENT: no such file or directory, open '/home/kavia/workspace/code-generation/tictacplus-persistent-fullstack-tic-tac-toe-61826-a614edb6/tic_tac_toe_frontend/node_modules/@babel/plugin-transform-function-name/README.md'
npm warn tar TAR_ENTRY_ERROR ENOENT: no such file or directory, open '/home/kavia/workspace/code-generation/tictacplus-persistent-fullstack-tic-tac-toe-61826-a614edb6/tic_tac_toe_frontend/node_modules/@babel/plugin-transform-modules-systemjs/README.md'
npm warn tar TAR_ENTRY_ERROR ENOENT: no such file or directory, open '/home/kavia/workspace/code-generation/tictacplus-persistent-fullstack-tic-tac-toe-61826-a614edb6/tic_tac_toe_frontend/node_modules/@babel/plugin-transform-member-expression-literals/README.md'
npm warn tar TAR_ENTRY_ERROR ENOENT: no such file or directory, open '/home/kavia/workspace/code-generation/tictacplus-persistent-fullstack-tic-tac-toe-61826-a614edb6/tic_tac_toe_frontend/node_modules/@babel/plugin-transform-literals/README.md'
npm warn tar TAR_ENTRY_ERROR ENOENT: no such file or directory, open '/home/kavia/workspace/code-generation/tictacplus-persistent-fullstack-tic-tac-toe-61826-a614edb6/tic_tac_toe_frontend/node_modules/@babel/plugin-transform-logical-assignment-operators/README.md'
npm warn tar TAR_ENTRY_ERROR ENOENT: no such file or directory, open '/home/kavia/workspace/code-generation/tictacplus-persistent-fullstack-tic-tac-toe-61826-a614edb6/tic_tac_toe_frontend/node_modules/@babel/plugin-transform-json-strings/README.md'
npm warn tar TAR_ENTRY_ERROR ENOENT: no such file or directory, open '/home/kavia/workspace/code-generation/tictacplus-persistent-fullstack-tic-tac-toe-61826-a614edb6/tic_tac_toe_frontend/node_modules/@babel/plugin-transform-modules-commonjs/README.md'
npm warn tar TAR_ENTRY_ERROR ENOENT: no such file or directory, open '/home/kavia/workspace/code-generation/tictacplus-persistent-fullstack-tic-tac-toe-61826-a614edb6/tic_tac_toe_frontend/node_modules/@babel/plugin-transform-dynamic-import/LICENSE'
npm warn tar TAR_ENTRY_ERROR ENOENT: no such file or directory, open '/home/kavia/workspace/code-generation/tictacplus-persistent-fullstack-tic-tac-toe-61826-a614edb6/tic_tac_toe_frontend/node_modules/@babel/plugin-transform-duplicate-named-capturing-groups-regex/LICENSE'
npm warn tar TAR_ENTRY_ERROR ENOENT: no such file or directory, open '/home/kavia/workspace/code-generation/tictacplus-persistent-fullstack-tic-tac-toe-61826-a614edb6/tic_tac_toe_frontend/node_modules/@babel/plugin-transform-duplicate-keys/LICENSE'
npm warn tar TAR_ENTRY_ERROR ENOENT: no such file or directory, open '/home/kavia/workspace/code-generation/tictacplus-persistent-fullstack-tic-tac-toe-61826-a614edb6/tic_tac_toe_frontend/node_modules/@babel/plugin-transform-dotall-regex/LICENSE'
npm warn tar TAR_ENTRY_ERROR ENOENT: no such file or directory, open '/home/kavia/workspace/code-generation/tictacplus-persistent-fullstack-tic-tac-toe-61826-a614edb6/tic_tac_toe_frontend/node_modules/@babel/plugin-transform-computed-properties/LICENSE'
npm warn tar TAR_ENTRY_ERROR ENOENT: no such file or directory, open '/home/kavia/workspace/code-generation/tictacplus-persistent-fullstack-tic-tac-toe-61826-a614edb6/tic_tac_toe_frontend/node_modules/@babel/plugin-transform-destructuring/LICENSE'
npm warn tar TAR_ENTRY_ERROR ENOENT: no such file or directory, open '/home/kavia/workspace/code-generation/tictacplus-persistent-fullstack-tic-tac-toe-61826-a614edb6/tic_tac_toe_frontend/node_modules/@babel/plugin-transform-class-static-block/LICENSE'
npm warn tar TAR_ENTRY_ERROR ENOENT: no such file or directory, open '/home/kavia/workspace/code-generation/tictacplus-persistent-fullstack-tic-tac-toe-61826-a614edb6/tic_tac_toe_frontend/node_modules/@babel/plugin-transform-classes/LICENSE'
npm warn tar TAR_ENTRY_ERROR ENOENT: no such file or directory, open '/home/kavia/workspace/code-generation/tictacplus-persistent-fullstack-tic-tac-toe-61826-a614edb6/tic_tac_toe_frontend/node_modules/@babel/plugin-transform-for-of/LICENSE'
npm warn tar TAR_ENTRY_ERROR ENOENT: no such file or directory, open '/home/kavia/workspace/code-generation/tictacplus-persistent-fullstack-tic-tac-toe-61826-a614edb6/tic_tac_toe_frontend/node_modules/@babel/plugin-transform-flow-strip-types/LICENSE'
npm warn tar TAR_ENTRY_ERROR ENOENT: no such file or directory, open '/home/kavia/workspace/code-generation/tictacplus-persistent-fullstack-tic-tac-toe-61826-a614edb6/tic_tac_toe_frontend/node_modules/@babel/plugin-transform-export-namespace-from/LICENSE'
npm warn tar TAR_ENTRY_ERROR ENOENT: no such file or directory, open '/home/kavia/workspace/code-generation/tictacplus-persistent-fullstack-tic-tac-toe-61826-a614edb6/tic_tac_toe_frontend/node_modules/@babel/plugin-transform-exponentiation-operator/LICENSE'
npm warn tar ENOENT: Cannot cd into '/home/kavia/workspace/code-generation/tictacplus-persistent-fullstack-tic-tac-toe-61826-a614edb6/tic_tac_toe_frontend/node_modules/@babel/plugin-syntax-logical-assignment-operators'
npm warn tarball tarball data for @babel/plugin-syntax-logical-assignment-operators@https://registry.npmjs.org/@babel/plugin-syntax-logical-assignment-operators/-/plugin-syntax-logical-assignment-operators-7.10.4.tgz (sha512-d8waShlpFDinQ5MtvGU9xDAOzKH47+FFoney2baFIoMr952hKOLp1HR7VszoZvOsV/4+RRszNY7D17ba0te0ig==) seems to be corrupted. Trying again.
npm warn tar ENOENT: Cannot cd into '/home/kavia/workspace/code-generation/tictacplus-persistent-fullstack-tic-tac-toe-61826-a614edb6/tic_tac_toe_frontend/node_modules/@babel/plugin-syntax-jsx'
npm warn tarball tarball data for @babel/plugin-syntax-jsx@https://registry.npmjs.org/@babel/plugin-syntax-jsx/-/plugin-syntax-jsx-7.25.9.tgz (sha512-ld6oezHQMZsZfp6pWtbjaNDF2tiiCYYDqQszHt5VV437lewP9aSi2Of99CK0D0XB21k7FLgnLcmQKyKzynfeAA==) seems to be corrupted. Trying again.
npm warn tar ENOENT: Cannot cd into '/home/kavia/workspace/code-generation/tictacplus-persistent-fullstack-tic-tac-toe-61826-a614edb6/tic_tac_toe_frontend/node_modules/@babel/plugin-syntax-top-level-await'
npm warn tarball tarball data for @babel/plugin-syntax-top-level-await@https://registry.npmjs.org/@babel/plugin-syntax-top-level-await/-/plugin-syntax-top-level-await-7.14.5.tgz (sha512-hx++upLv5U1rgYfwe1xBQUhRmU41NEvpUvrp8jkrSCdvGSnM5/qdRMtylJ6PG5OFkBaHkbTAKTnd3/YyESRHFw==) seems to be corrupted. Trying again.
npm warn tar ENOENT: Cannot cd into '/home/kavia/workspace/code-generation/tictacplus-persistent-fullstack-tic-tac-toe-61826-a614edb6/tic_tac_toe_frontend/node_modules/@babel/plugin-syntax-optional-chaining'
npm warn tarball tarball data for @babel/plugin-syntax-optional-chaining@https://registry.npmjs.org/@babel/plugin-syntax-optional-chaining/-/plugin-syntax-optional-chaining-7.8.3.tgz (sha512-KoK9ErH1MBlCPxV0VANkXW2/dw4vlbGDrFgz8bmUsBGYkFRcbRwMh6cIJubdPrkxRwuGdtCk0v/wPTKbQgBjkg==) seems to be corrupted. Trying again.
npm warn tar ENOENT: Cannot cd into '/home/kavia/workspace/code-generation/tictacplus-persistent-fullstack-tic-tac-toe-61826-a614edb6/tic_tac_toe_frontend/node_modules/@babel/plugin-syntax-object-rest-spread'
npm warn tarball tarball data for @babel/plugin-syntax-object-rest-spread@https://registry.npmjs.org/@babel/plugin-syntax-object-rest-spread/-/plugin-syntax-object-rest-spread-7.8.3.tgz (sha512-XoqMijGZb9y3y2XskN+P1wUGiVwWZ5JmoDRwx5+3GmEplNyVM2s2Dg8ILFQm8rWM48orGy5YpI5Bl8U1y7ydlA==) seems to be corrupted. Trying again.
npm warn tar ENOENT: Cannot cd into '/home/kavia/workspace/code-generation/tictacplus-persistent-fullstack-tic-tac-toe-61826-a614edb6/tic_tac_toe_frontend/node_modules/@babel/plugin-syntax-numeric-separator'
npm warn tarball tarball data for @babel/plugin-syntax-numeric-separator@https://registry.npmjs.org/@babel/plugin-syntax-numeric-separator/-/plugin-syntax-numeric-separator-7.10.4.tgz (sha512-9H6YdfkcK/uOnY/K7/aA2xpzaAgkQn37yzWUMRK7OaPOqOpGS1+n0H5hxT9AUw9EsSjPW8SVyMJwYRtWs3X3ug==) seems to be corrupted. Trying again.
npm warn tar ENOENT: Cannot cd into '/home/kavia/workspace/code-generation/tictacplus-persistent-fullstack-tic-tac-toe-61826-a614edb6/tic_tac_toe_frontend/node_modules/@babel/plugin-syntax-optional-catch-binding'
npm warn tarball tarball data for @babel/plugin-syntax-optional-catch-binding@https://registry.npmjs.org/@babel/plugin-syntax-optional-catch-binding/-/plugin-syntax-optional-catch-binding-7.8.3.tgz (sha512-6VPD0Pc1lpTqw0aKoeRTMiB+kWhAoT24PA+ksWSBrFtl5SIRVpZlwN3NNPQjehA2E/91FV3RjLWoVTglWcSV3Q==) seems to be corrupted. Trying again.
npm warn tar ENOENT: Cannot cd into '/home/kavia/workspace/code-generation/tictacplus-persistent-fullstack-tic-tac-toe-61826-a614edb6/tic_tac_toe_frontend/node_modules/@babel/plugin-syntax-private-property-in-object'
npm warn tarball tarball data for @babel/plugin-syntax-private-property-in-object@https://registry.npmjs.org/@babel/plugin-syntax-private-property-in-object/-/plugin-syntax-private-property-in-object-7.14.5.tgz (sha512-0wVnp9dxJ72ZUJDV27ZfbSj6iHLoytYZmh3rFcxNnvsJF3ktkzLDZPy/mA17HGsaQT3/DQsWYX1f1QGWkCoVUg==) seems to be corrupted. Trying again.
npm warn tar ENOENT: Cannot cd into '/home/kavia/workspace/code-generation/tictacplus-persistent-fullstack-tic-tac-toe-61826-a614edb6/tic_tac_toe_frontend/node_modules/@babel/plugin-syntax-nullish-coalescing-operator'
npm warn tarball tarball data for @babel/plugin-syntax-nullish-coalescing-operator@https://registry.npmjs.org/@babel/plugin-syntax-nullish-coalescing-operator/-/plugin-syntax-nullish-coalescing-operator-7.8.3.tgz (sha512-aSff4zPII1u2QD7y+F8oDsz19ew4IGEJg9SVW+bqwpwtfFleiQDMdzA/R+UlWDzfnHFCxxleFT0PMIrR36XLNQ==) seems to be corrupted. Trying again.
npm warn tar TAR_ENTRY_ERROR ENOENT: no such file or directory, open '/home/kavia/workspace/code-generation/tictacplus-persistent-fullstack-tic-tac-toe-61826-a614edb6/tic_tac_toe_frontend/node_modules/yaml/README.md'
npm warn tar TAR_ENTRY_ERROR ENOENT: no such file or directory, open '/home/kavia/workspace/code-generation/tictacplus-persistent-fullstack-tic-tac-toe-61826-a614edb6/tic_tac_toe_frontend/node_modules/js-yaml/lib/js-yaml/type/str.js'
npm warn tar TAR_ENTRY_ERROR ENOENT: no such file or directory, open '/home/kavia/workspace/code-generation/tictacplus-persistent-fullstack-tic-tac-toe-61826-a614edb6/tic_tac_toe_frontend/node_modules/underscore/amd/_optimizeCb.js'
npm warn tar TAR_ENTRY_ERROR ENOENT: no such file or directory, lstat '/home/kavia/workspace/code-generation/tictacplus-persistent-fullstack-tic-tac-toe-61826-a614edb6/tic_tac_toe_frontend/node_modules/resolve/test/node_path'
npm warn tar TAR_ENTRY_ERROR ENOENT: no such file or directory, open '/home/kavia/workspace/code-generation/tictacplus-persistent-fullstack-tic-tac-toe-61826-a614edb6/tic_tac_toe_frontend/node_modules/regenerate-unicode-properties/Script/Cyrillic.js'
npm warn tar TAR_ENTRY_ERROR ENOENT: no such file or directory, open '/home/kavia/workspace/code-generation/tictacplus-persistent-fullstack-tic-tac-toe-61826-a614edb6/tic_tac_toe_frontend/node_modules/renderkid/lib/renderKid/styles/rule/declarationBlock/Padding.js'
npm warn tar TAR_ENTRY_ERROR ENOENT: no such file or directory, open '/home/kavia/workspace/code-generation/tictacplus-persistent-fullstack-tic-tac-toe-61826-a614edb6/tic_tac_toe_frontend/node_modules/prompts/dist/elements/toggle.js'
npm warn tar TAR_ENTRY_ERROR ENOENT: no such file or directory, open '/home/kavia/workspace/code-generation/tictacplus-persistent-fullstack-tic-tac-toe-61826-a614edb6/tic_tac_toe_frontend/node_modules/sucrase/dist/esm/util/getTSImportedNames.js'
npm warn tar TAR_ENTRY_ERROR ENOENT: no such file or directory, open '/home/kavia/workspace/code-generation/tictacplus-persistent-fullstack-tic-tac-toe-61826-a614edb6/tic_tac_toe_frontend/node_modules/webpack/lib/rules/BasicEffectRulePlugin.js'
npm warn tar TAR_ENTRY_ERROR ENOENT: no such file or directory, open '/home/kavia/workspace/code-generation/tictacplus-persistent-fullstack-tic-tac-toe-61826-a614edb6/tic_tac_toe_frontend/node_modules/neo-async/forever.js'
npm warn tar TAR_ENTRY_ERROR ENOENT: no such file or directory, open '/home/kavia/workspace/code-generation/tictacplus-persistent-fullstack-tic-tac-toe-61826-a614edb6/tic_tac_toe_frontend/node_modules/lodash/_baseInverter.js'
npm warn tar TAR_ENTRY_ERROR ENOENT: no such file or directory, open '/home/kavia/workspace/code-generation/tictacplus-persistent-fullstack-tic-tac-toe-61826-a614edb6/tic_tac_toe_frontend/node_modules/jsx-ast-utils/__tests__/src/hasProp-test.js'
npm warn tar TAR_ENTRY_ERROR ENOENT: no such file or directory, open '/home/kavia/workspace/code-generation/tictacplus-persistent-fullstack-tic-tac-toe-61826-a614edb6/tic_tac_toe_frontend/node_modules/node-forge/lib/index.all.js'
npm warn tar TAR_ENTRY_ERROR ENOENT: no such file or directory, open '/home/kavia/workspace/code-generation/tictacplus-persistent-fullstack-tic-tac-toe-61826-a614edb6/tic_tac_toe_frontend/node_modules/jake/lib/package_task.js'
npm warn tar TAR_ENTRY_ERROR ENOENT: no such file or directory, open '/home/kavia/workspace/code-generation/tictacplus-persistent-fullstack-tic-tac-toe-61826-a614edb6/tic_tac_toe_frontend/node_modules/iconv-lite/encodings/tables/gb18030-ranges.json'
npm warn tar TAR_ENTRY_ERROR ENOENT: no such file or directory, open '/home/kavia/workspace/code-generation/tictacplus-persistent-fullstack-tic-tac-toe-61826-a614edb6/tic_tac_toe_frontend/node_modules/fast-glob/out/managers/tasks.js'
npm warn tar TAR_ENTRY_ERROR ENOENT: no such file or directory, open '/home/kavia/workspace/code-generation/tictacplus-persistent-fullstack-tic-tac-toe-61826-a614edb6/tic_tac_toe_frontend/node_modules/fork-ts-checker-webpack-plugin/lib/reporter/FilesChange.js'
npm warn tar TAR_ENTRY_ERROR ENOENT: no such file or directory, open '/home/kavia/workspace/code-generation/tictacplus-persistent-fullstack-tic-tac-toe-61826-a614edb6/tic_tac_toe_frontend/node_modules/eslint-plugin-testing-library/rules/no-wait-for-empty-callback.js'
npm warn tar TAR_ENTRY_ERROR ENOENT: no such file or directory, open '/home/kavia/workspace/code-generation/tictacplus-persistent-fullstack-tic-tac-toe-61826-a614edb6/tic_tac_toe_frontend/node_modules/eslint-plugin-react/index.js'
npm warn tar TAR_ENTRY_ERROR ENOENT: no such file or directory, open '/home/kavia/workspace/code-generation/tictacplus-persistent-fullstack-tic-tac-toe-61826-a614edb6/tic_tac_toe_frontend/node_modules/eslint-plugin-jsx-a11y/lib/rules/aria-unsupported-elements.js'
npm warn tar TAR_ENTRY_ERROR ENOENT: no such file or directory, open '/home/kavia/workspace/code-generation/tictacplus-persistent-fullstack-tic-tac-toe-61826-a614edb6/tic_tac_toe_frontend/node_modules/jsdom/lib/jsdom/living/helpers/svg/basic-types.js'
npm warn tar TAR_ENTRY_ERROR ENOENT: no such file or directory, open '/home/kavia/workspace/code-generation/tictacplus-persistent-fullstack-tic-tac-toe-61826-a614edb6/tic_tac_toe_frontend/node_modules/es-iterator-helpers/aos/GeneratorResume.js'
npm warn tar TAR_ENTRY_ERROR ENOENT: no such file or directory, open '/home/kavia/workspace/code-generation/tictacplus-persistent-fullstack-tic-tac-toe-61826-a614edb6/tic_tac_toe_frontend/node_modules/cssstyle/lib/properties/borderTopStyle.js'
npm warn tar TAR_ENTRY_ERROR ENOENT: no such file or directory, open '/home/kavia/workspace/code-generation/tictacplus-persistent-fullstack-tic-tac-toe-61826-a614edb6/tic_tac_toe_frontend/node_modules/csso/lib/compress.js'
npm warn tar TAR_ENTRY_ERROR ENOENT: no such file or directory, open '/home/kavia/workspace/code-generation/tictacplus-persistent-fullstack-tic-tac-toe-61826-a614edb6/tic_tac_toe_frontend/node_modules/enhanced-resolve/lib/ModulesInHierarchicalDirectoriesPlugin.js'
npm warn tar TAR_ENTRY_ERROR ENOENT: no such file or directory, open '/home/kavia/workspace/code-generation/tictacplus-persistent-fullstack-tic-tac-toe-61826-a614edb6/tic_tac_toe_frontend/node_modules/core-js-pure/stable/math/acosh.js'
npm warn tar TAR_ENTRY_ERROR ENOENT: no such file or directory, open '/home/kavia/workspace/code-generation/tictacplus-persistent-fullstack-tic-tac-toe-61826-a614edb6/tic_tac_toe_frontend/node_modules/core-js/stable/math/acosh.js'
npm warn tar TAR_ENTRY_ERROR ENOENT: no such file or directory, open '/home/kavia/workspace/code-generation/tictacplus-persistent-fullstack-tic-tac-toe-61826-a614edb6/tic_tac_toe_frontend/node_modules/css-tree/lib/syntax/node/Combinator.js'
npm warn tar TAR_ENTRY_ERROR ENOENT: no such file or directory, lstat '/home/kavia/workspace/code-generation/tictacplus-persistent-fullstack-tic-tac-toe-61826-a614edb6/tic_tac_toe_frontend/node_modules/clean-css/lib/optimizer/level-1'
npm warn tar TAR_ENTRY_ERROR ENOENT: no such file or directory, open '/home/kavia/workspace/code-generation/tictacplus-persistent-fullstack-tic-tac-toe-61826-a614edb6/tic_tac_toe_frontend/node_modules/caniuse-lite/data/regions/AL.js'
npm warn tar TAR_ENTRY_ERROR ENOENT: no such file or directory, open '/home/kavia/workspace/code-generation/tictacplus-persistent-fullstack-tic-tac-toe-61826-a614edb6/tic_tac_toe_frontend/node_modules/bonjour-service/dist/index.js.map'
npm warn tar TAR_ENTRY_ERROR ENOENT: no such file or directory, open '/home/kavia/workspace/code-generation/tictacplus-persistent-fullstack-tic-tac-toe-61826-a614edb6/tic_tac_toe_frontend/node_modules/axobject-query/lib/etc/objects/ColumnHeaderRole.js'
npm warn tar TAR_ENTRY_ERROR ENOENT: no such file or directory, open '/home/kavia/workspace/code-generation/tictacplus-persistent-fullstack-tic-tac-toe-61826-a614edb6/tic_tac_toe_frontend/node_modules/aria-query/lib/etc/roles/literal/articleRole.js'
npm warn tar TAR_ENTRY_ERROR ENOENT: no such file or directory, open '/home/kavia/workspace/code-generation/tictacplus-persistent-fullstack-tic-tac-toe-61826-a614edb6/tic_tac_toe_frontend/node_modules/ajv/dist/ajv.bundle.js'
npm warn tar TAR_ENTRY_ERROR ENOENT: no such file or directory, open '/home/kavia/workspace/code-generation/tictacplus-persistent-fullstack-tic-tac-toe-61826-a614edb6/tic_tac_toe_frontend/node_modules/acorn/CHANGELOG.md'
npm warn tar TAR_ENTRY_ERROR ENOENT: no such file or directory, open '/home/kavia/workspace/code-generation/tictacplus-persistent-fullstack-tic-tac-toe-61826-a614edb6/tic_tac_toe_frontend/node_modules/@webassemblyjs/ast/esm/index.js'
npm warn tar TAR_ENTRY_ERROR ENOENT: no such file or directory, open '/home/kavia/workspace/code-generation/tictacplus-persistent-fullstack-tic-tac-toe-61826-a614edb6/tic_tac_toe_frontend/node_modules/@typescript-eslint/utils/dist/ts-eslint-scope/Definition.js'
npm warn tar TAR_ENTRY_ERROR ENOENT: no such file or directory, open '/home/kavia/workspace/code-generation/tictacplus-persistent-fullstack-tic-tac-toe-61826-a614edb6/tic_tac_toe_frontend/node_modules/@typescript-eslint/types/dist/parser-options.d.ts.map'
npm warn tar TAR_ENTRY_ERROR ENOENT: no such file or directory, open '/home/kavia/workspace/code-generation/tictacplus-persistent-fullstack-tic-tac-toe-61826-a614edb6/tic_tac_toe_frontend/node_modules/@typescript-eslint/scope-manager/dist/lib/decorators.legacy.js'
npm warn tar TAR_ENTRY_ERROR ENOENT: no such file or directory, open '/home/kavia/workspace/code-generation/tictacplus-persistent-fullstack-tic-tac-toe-61826-a614edb6/tic_tac_toe_frontend/node_modules/@typescript-eslint/type-utils/dist/requiresQuoting.js'
npm warn tar TAR_ENTRY_ERROR ENOENT: no such file or directory, open '/home/kavia/workspace/code-generation/tictacplus-persistent-fullstack-tic-tac-toe-61826-a614edb6/tic_tac_toe_frontend/node_modules/@typescript-eslint/typescript-estree/dist/create-program/createSourceFile.js'
npm warn tar TAR_ENTRY_ERROR ENOENT: no such file or directory, open '/home/kavia/workspace/code-generation/tictacplus-persistent-fullstack-tic-tac-toe-61826-a614edb6/tic_tac_toe_frontend/node_modules/@types/prettier/parser-yaml.d.ts'
npm warn tar TAR_ENTRY_ERROR ENOENT: no such file or directory, open '/home/kavia/workspace/code-generation/tictacplus-persistent-fullstack-tic-tac-toe-61826-a614edb6/tic_tac_toe_frontend/node_modules/@types/eslint/rules/index.d.ts'
npm warn tar TAR_ENTRY_ERROR ENOENT: no such file or directory, open '/home/kavia/workspace/code-generation/tictacplus-persistent-fullstack-tic-tac-toe-61826-a614edb6/tic_tac_toe_frontend/node_modules/@svgr/hast-util-to-babel-ast/README.md'
npm warn tar TAR_ENTRY_ERROR ENOENT: no such file or directory, open '/home/kavia/workspace/code-generation/tictacplus-persistent-fullstack-tic-tac-toe-61826-a614edb6/tic_tac_toe_frontend/node_modules/@rushstack/eslint-patch/eslint-bulk-suppressions.js'
npm warn tar TAR_ENTRY_ERROR ENOENT: no such file or directory, open '/home/kavia/workspace/code-generation/tictacplus-persistent-fullstack-tic-tac-toe-61826-a614edb6/tic_tac_toe_frontend/node_modules/@nodelib/fs.stat/out/providers/sync.js'
npm warn tar TAR_ENTRY_ERROR ENOENT: no such file or directory, open '/home/kavia/workspace/code-generation/tictacplus-persistent-fullstack-tic-tac-toe-61826-a614edb6/tic_tac_toe_frontend/node_modules/@rollup/plugin-node-resolve/CHANGELOG.md'
npm warn tar TAR_ENTRY_ERROR ENOENT: no such file or directory, open '/home/kavia/workspace/code-generation/tictacplus-persistent-fullstack-tic-tac-toe-61826-a614edb6/tic_tac_toe_frontend/node_modules/@nodelib/fs.walk/out/types/index.js'
npm warn tar TAR_ENTRY_ERROR ENOENT: no such file or directory, open '/home/kavia/workspace/code-generation/tictacplus-persistent-fullstack-tic-tac-toe-61826-a614edb6/tic_tac_toe_frontend/node_modules/@pmmmwh/react-refresh-webpack-plugin/client/utils/formatWebpackErrors.js'
npm warn tar TAR_ENTRY_ERROR ENOENT: no such file or directory, open '/home/kavia/workspace/code-generation/tictacplus-persistent-fullstack-tic-tac-toe-61826-a614edb6/tic_tac_toe_frontend/node_modules/@sinonjs/commons/lib/every.test.js'
npm warn tar TAR_ENTRY_ERROR ENOENT: no such file or directory, open '/home/kavia/workspace/code-generation/tictacplus-persistent-fullstack-tic-tac-toe-61826-a614edb6/tic_tac_toe_frontend/node_modules/@sinclair/typebox/value/create.js'
npm warn tar TAR_ENTRY_ERROR ENOENT: no such file or directory, open '/home/kavia/workspace/code-generation/tictacplus-persistent-fullstack-tic-tac-toe-61826-a614edb6/tic_tac_toe_frontend/node_modules/@pkgjs/parseargs/internal/util.js'
npm warn tar TAR_ENTRY_ERROR ENOENT: no such file or directory, open '/home/kavia/workspace/code-generation/tictacplus-persistent-fullstack-tic-tac-toe-61826-a614edb6/tic_tac_toe_frontend/node_modules/@jridgewell/source-map/dist/source-map.umd.js.map'
npm warn tar TAR_ENTRY_ERROR ENOENT: no such file or directory, open '/home/kavia/workspace/code-generation/tictacplus-persistent-fullstack-tic-tac-toe-61826-a614edb6/tic_tac_toe_frontend/node_modules/@jest/reporters/build/getResultHeader.js'
npm warn tar TAR_ENTRY_ERROR ENOENT: no such file or directory, open '/home/kavia/workspace/code-generation/tictacplus-persistent-fullstack-tic-tac-toe-61826-a614edb6/tic_tac_toe_frontend/node_modules/@jest/core/build/FailedTestsInteractiveMode.js'
npm warn tar TAR_ENTRY_ERROR ENOENT: no such file or directory, open '/home/kavia/workspace/code-generation/tictacplus-persistent-fullstack-tic-tac-toe-61826-a614edb6/tic_tac_toe_frontend/node_modules/@jest/console/build/BufferedConsole.d.ts'
npm warn tar TAR_ENTRY_ERROR ENOENT: no such file or directory, open '/home/kavia/workspace/code-generation/tictacplus-persistent-fullstack-tic-tac-toe-61826-a614edb6/tic_tac_toe_frontend/node_modules/@isaacs/cliui/LICENSE.txt'
npm warn tar TAR_ENTRY_ERROR ENOENT: no such file or directory, open '/home/kavia/workspace/code-generation/tictacplus-persistent-fullstack-tic-tac-toe-61826-a614edb6/tic_tac_toe_frontend/node_modules/@humanwhocodes/object-schema/README.md'
npm warn tar TAR_ENTRY_ERROR ENOENT: no such file or directory, open '/home/kavia/workspace/code-generation/tictacplus-persistent-fullstack-tic-tac-toe-61826-a614edb6/tic_tac_toe_frontend/node_modules/@humanwhocodes/module-importer/package.json'
npm warn tar TAR_ENTRY_ERROR ENOENT: no such file or directory, open '/home/kavia/workspace/code-generation/tictacplus-persistent-fullstack-tic-tac-toe-61826-a614edb6/tic_tac_toe_frontend/node_modules/@csstools/postcss-unset-value/dist/index.d.ts'
npm warn tar TAR_ENTRY_ERROR ENOENT: no such file or directory, open '/home/kavia/workspace/code-generation/tictacplus-persistent-fullstack-tic-tac-toe-61826-a614edb6/tic_tac_toe_frontend/node_modules/@csstools/postcss-trigonometric-functions/dist/acos.d.ts'
npm warn tar TAR_ENTRY_ERROR ENOENT: no such file or directory, open '/home/kavia/workspace/code-generation/tictacplus-persistent-fullstack-tic-tac-toe-61826-a614edb6/tic_tac_toe_frontend/node_modules/@csstools/postcss-stepped-value-functions/dist/rem.d.ts'
npm warn tar TAR_ENTRY_ERROR ENOENT: no such file or directory, open '/home/kavia/workspace/code-generation/tictacplus-persistent-fullstack-tic-tac-toe-61826-a614edb6/tic_tac_toe_frontend/node_modules/@csstools/postcss-text-decoration-shorthand/dist/index.d.ts'
npm warn tar TAR_ENTRY_ERROR ENOENT: no such file or directory, open '/home/kavia/workspace/code-generation/tictacplus-persistent-fullstack-tic-tac-toe-61826-a614edb6/tic_tac_toe_frontend/node_modules/@csstools/postcss-ic-unit/dist/index.d.ts'
npm warn tar TAR_ENTRY_ERROR ENOENT: no such file or directory, open '/home/kavia/workspace/code-generation/tictacplus-persistent-fullstack-tic-tac-toe-61826-a614edb6/tic_tac_toe_frontend/node_modules/@csstools/postcss-is-pseudo-class/dist/index.mjs'
npm warn tar TAR_ENTRY_ERROR ENOENT: no such file or directory, open '/home/kavia/workspace/code-generation/tictacplus-persistent-fullstack-tic-tac-toe-61826-a614edb6/tic_tac_toe_frontend/node_modules/@csstools/postcss-normalize-display-values/dist/index.mjs'
npm warn tar TAR_ENTRY_ERROR ENOENT: no such file or directory, open '/home/kavia/workspace/code-generation/tictacplus-persistent-fullstack-tic-tac-toe-61826-a614edb6/tic_tac_toe_frontend/node_modules/@csstools/postcss-nested-calc/dist/occurrences.d.ts'
npm warn tar TAR_ENTRY_ERROR ENOENT: no such file or directory, open '/home/kavia/workspace/code-generation/tictacplus-persistent-fullstack-tic-tac-toe-61826-a614edb6/tic_tac_toe_frontend/node_modules/@csstools/postcss-hwb-function/README.md'
npm warn tar TAR_ENTRY_ERROR ENOENT: no such file or directory, open '/home/kavia/workspace/code-generation/tictacplus-persistent-fullstack-tic-tac-toe-61826-a614edb6/tic_tac_toe_frontend/node_modules/@csstools/postcss-font-format-keywords/dist/index.mjs'
npm warn tar TAR_ENTRY_ERROR ENOENT: no such file or directory, open '/home/kavia/workspace/code-generation/tictacplus-persistent-fullstack-tic-tac-toe-61826-a614edb6/tic_tac_toe_frontend/node_modules/@csstools/postcss-cascade-layers/dist/index.mjs'
npm warn tar TAR_ENTRY_ERROR ENOENT: no such file or directory, open '/home/kavia/workspace/code-generation/tictacplus-persistent-fullstack-tic-tac-toe-61826-a614edb6/tic_tac_toe_frontend/node_modules/@babel/preset-typescript/package.json'
npm warn tar TAR_ENTRY_ERROR ENOENT: no such file or directory, open '/home/kavia/workspace/code-generation/tictacplus-persistent-fullstack-tic-tac-toe-61826-a614edb6/tic_tac_toe_frontend/node_modules/@bcoe/v8-coverage/dist/lib/clone.js'
npm warn tar TAR_ENTRY_ERROR ENOENT: no such file or directory, open '/home/kavia/workspace/code-generation/tictacplus-persistent-fullstack-tic-tac-toe-61826-a614edb6/tic_tac_toe_frontend/node_modules/@babel/runtime/helpers/applyDecs2203.js'
npm warn tar TAR_ENTRY_ERROR ENOENT: no such file or directory, open '/home/kavia/workspace/code-generation/tictacplus-persistent-fullstack-tic-tac-toe-61826-a614edb6/tic_tac_toe_frontend/node_modules/@babel/preset-env/data/built-ins.js'
npm warn tar TAR_ENTRY_ERROR ENOENT: no such file or directory, lstat '/home/kavia/workspace/code-generation/tictacplus-persistent-fullstack-tic-tac-toe-61826-a614edb6/tic_tac_toe_frontend/node_modules/@babel/preset-modules/lib/plugins'
npm warn tar TAR_ENTRY_ERROR ENOENT: no such file or directory, open '/home/kavia/workspace/code-generation/tictacplus-persistent-fullstack-tic-tac-toe-61826-a614edb6/tic_tac_toe_frontend/node_modules/@babel/plugin-transform-sticky-regex/package.json'
npm warn tar TAR_ENTRY_ERROR ENOENT: no such file or directory, open '/home/kavia/workspace/code-generation/tictacplus-persistent-fullstack-tic-tac-toe-61826-a614edb6/tic_tac_toe_frontend/node_modules/@babel/plugin-transform-typescript/lib/enum.js'
npm warn tar TAR_ENTRY_ERROR ENOENT: no such file or directory, open '/home/kavia/workspace/code-generation/tictacplus-persistent-fullstack-tic-tac-toe-61826-a614edb6/tic_tac_toe_frontend/node_modules/@babel/plugin-transform-reserved-words/package.json'
npm warn tar TAR_ENTRY_ERROR ENOENT: no such file or directory, open '/home/kavia/workspace/code-generation/tictacplus-persistent-fullstack-tic-tac-toe-61826-a614edb6/tic_tac_toe_frontend/node_modules/@babel/plugin-transform-shorthand-properties/package.json'
npm warn tar TAR_ENTRY_ERROR ENOENT: no such file or directory, open '/home/kavia/workspace/code-generation/tictacplus-persistent-fullstack-tic-tac-toe-61826-a614edb6/tic_tac_toe_frontend/node_modules/@babel/plugin-transform-runtime/lib/babel-7/index.cjs.map'
npm warn tar TAR_ENTRY_ERROR ENOENT: no such file or directory, open '/home/kavia/workspace/code-generation/tictacplus-persistent-fullstack-tic-tac-toe-61826-a614edb6/tic_tac_toe_frontend/node_modules/@babel/plugin-transform-regenerator/package.json'
npm warn tar TAR_ENTRY_ERROR ENOENT: no such file or directory, open '/home/kavia/workspace/code-generation/tictacplus-persistent-fullstack-tic-tac-toe-61826-a614edb6/tic_tac_toe_frontend/node_modules/@babel/plugin-transform-private-property-in-object/lib/index.js.map'
npm warn tar TAR_ENTRY_ERROR ENOENT: no such file or directory, open '/home/kavia/workspace/code-generation/tictacplus-persistent-fullstack-tic-tac-toe-61826-a614edb6/tic_tac_toe_frontend/node_modules/@babel/plugin-transform-parameters/lib/index.js.map'
npm warn tar TAR_ENTRY_ERROR ENOENT: no such file or directory, open '/home/kavia/workspace/code-generation/tictacplus-persistent-fullstack-tic-tac-toe-61826-a614edb6/tic_tac_toe_frontend/node_modules/@babel/plugin-transform-optional-catch-binding/lib/index.js.map'
npm warn tar TAR_ENTRY_ERROR ENOENT: no such file or directory, open '/home/kavia/workspace/code-generation/tictacplus-persistent-fullstack-tic-tac-toe-61826-a614edb6/tic_tac_toe_frontend/node_modules/@babel/plugin-transform-object-super/lib/index.js.map'
npm warn tar TAR_ENTRY_ERROR ENOENT: no such file or directory, open '/home/kavia/workspace/code-generation/tictacplus-persistent-fullstack-tic-tac-toe-61826-a614edb6/tic_tac_toe_frontend/node_modules/@babel/plugin-transform-react-display-name/lib/index.js.map'
npm warn tar TAR_ENTRY_ERROR ENOENT: no such file or directory, open '/home/kavia/workspace/code-generation/tictacplus-persistent-fullstack-tic-tac-toe-61826-a614edb6/tic_tac_toe_frontend/node_modules/@babel/plugin-transform-regexp-modifiers/lib/index.js.map'
npm warn tar TAR_ENTRY_ERROR ENOENT: no such file or directory, open '/home/kavia/workspace/code-generation/tictacplus-persistent-fullstack-tic-tac-toe-61826-a614edb6/tic_tac_toe_frontend/node_modules/@babel/plugin-transform-react-jsx-development/lib/index.js.map'
npm warn tar TAR_ENTRY_ERROR ENOENT: no such file or directory, open '/home/kavia/workspace/code-generation/tictacplus-persistent-fullstack-tic-tac-toe-61826-a614edb6/tic_tac_toe_frontend/node_modules/@babel/plugin-transform-react-pure-annotations/lib/index.js.map'
npm warn tar TAR_ENTRY_ERROR ENOENT: no such file or directory, open '/home/kavia/workspace/code-generation/tictacplus-persistent-fullstack-tic-tac-toe-61826-a614edb6/tic_tac_toe_frontend/node_modules/@babel/plugin-transform-react-constant-elements/lib/index.js.map'
npm warn tar TAR_ENTRY_ERROR ENOENT: no such file or directory, open '/home/kavia/workspace/code-generation/tictacplus-persistent-fullstack-tic-tac-toe-61826-a614edb6/tic_tac_toe_frontend/node_modules/@babel/plugin-transform-property-literals/lib/index.js.map'
npm warn tar TAR_ENTRY_ERROR ENOENT: no such file or directory, open '/home/kavia/workspace/code-generation/tictacplus-persistent-fullstack-tic-tac-toe-61826-a614edb6/tic_tac_toe_frontend/node_modules/@babel/plugin-transform-named-capturing-groups-regex/lib/index.js'
npm warn tar TAR_ENTRY_ERROR ENOENT: no such file or directory, open '/home/kavia/workspace/code-generation/tictacplus-persistent-fullstack-tic-tac-toe-61826-a614edb6/tic_tac_toe_frontend/node_modules/@babel/plugin-transform-private-methods/lib/index.js'
npm warn tar TAR_ENTRY_ERROR ENOENT: no such file or directory, open '/home/kavia/workspace/code-generation/tictacplus-persistent-fullstack-tic-tac-toe-61826-a614edb6/tic_tac_toe_frontend/node_modules/@babel/plugin-transform-object-rest-spread/lib/index.js'
npm warn tar TAR_ENTRY_ERROR ENOENT: no such file or directory, open '/home/kavia/workspace/code-generation/tictacplus-persistent-fullstack-tic-tac-toe-61826-a614edb6/tic_tac_toe_frontend/node_modules/@babel/plugin-transform-optional-chaining/lib/index.js'
npm warn tar TAR_ENTRY_ERROR ENOENT: no such file or directory, open '/home/kavia/workspace/code-generation/tictacplus-persistent-fullstack-tic-tac-toe-61826-a614edb6/tic_tac_toe_frontend/node_modules/@babel/plugin-transform-numeric-separator/lib/index.js'
npm warn tar TAR_ENTRY_ERROR ENOENT: no such file or directory, lstat '/home/kavia/workspace/code-generation/tictacplus-persistent-fullstack-tic-tac-toe-61826-a614edb6/tic_tac_toe_frontend/node_modules/@babel/plugin-transform-function-name/lib'
npm warn tar TAR_ENTRY_ERROR ENOENT: no such file or directory, lstat '/home/kavia/workspace/code-generation/tictacplus-persistent-fullstack-tic-tac-toe-61826-a614edb6/tic_tac_toe_frontend/node_modules/@babel/plugin-transform-nullish-coalescing-operator/lib'
npm warn tar TAR_ENTRY_ERROR ENOENT: no such file or directory, lstat '/home/kavia/workspace/code-generation/tictacplus-persistent-fullstack-tic-tac-toe-61826-a614edb6/tic_tac_toe_frontend/node_modules/@babel/plugin-transform-modules-umd/lib'
npm warn tar TAR_ENTRY_ERROR ENOENT: no such file or directory, lstat '/home/kavia/workspace/code-generation/tictacplus-persistent-fullstack-tic-tac-toe-61826-a614edb6/tic_tac_toe_frontend/node_modules/@babel/plugin-transform-modules-amd/lib'
npm warn tar TAR_ENTRY_ERROR ENOENT: no such file or directory, lstat '/home/kavia/workspace/code-generation/tictacplus-persistent-fullstack-tic-tac-toe-61826-a614edb6/tic_tac_toe_frontend/node_modules/@babel/plugin-transform-new-target/lib'
npm warn tar TAR_ENTRY_ERROR ENOENT: no such file or directory, lstat '/home/kavia/workspace/code-generation/tictacplus-persistent-fullstack-tic-tac-toe-61826-a614edb6/tic_tac_toe_frontend/node_modules/@babel/plugin-transform-modules-systemjs/lib'
npm warn tar TAR_ENTRY_ERROR ENOENT: no such file or directory, lstat '/home/kavia/workspace/code-generation/tictacplus-persistent-fullstack-tic-tac-toe-61826-a614edb6/tic_tac_toe_frontend/node_modules/@babel/plugin-transform-member-expression-literals/lib'
npm warn tar TAR_ENTRY_ERROR ENOENT: no such file or directory, lstat '/home/kavia/workspace/code-generation/tictacplus-persistent-fullstack-tic-tac-toe-61826-a614edb6/tic_tac_toe_frontend/node_modules/@babel/plugin-transform-literals/lib'
npm warn tar TAR_ENTRY_ERROR ENOENT: no such file or directory, lstat '/home/kavia/workspace/code-generation/tictacplus-persistent-fullstack-tic-tac-toe-61826-a614edb6/tic_tac_toe_frontend/node_modules/@babel/plugin-transform-logical-assignment-operators/lib'
npm warn tar TAR_ENTRY_ERROR ENOENT: no such file or directory, lstat '/home/kavia/workspace/code-generation/tictacplus-persistent-fullstack-tic-tac-toe-61826-a614edb6/tic_tac_toe_frontend/node_modules/@babel/plugin-transform-json-strings/lib'
npm warn tar TAR_ENTRY_ERROR ENOENT: no such file or directory, lstat '/home/kavia/workspace/code-generation/tictacplus-persistent-fullstack-tic-tac-toe-61826-a614edb6/tic_tac_toe_frontend/node_modules/@babel/plugin-transform-modules-commonjs/lib'
npm warn tar TAR_ENTRY_ERROR ENOENT: no such file or directory, open '/home/kavia/workspace/code-generation/tictacplus-persistent-fullstack-tic-tac-toe-61826-a614edb6/tic_tac_toe_frontend/node_modules/@babel/plugin-transform-dotall-regex/README.md'
npm warn tar TAR_ENTRY_ERROR ENOENT: no such file or directory, open '/home/kavia/workspace/code-generation/tictacplus-persistent-fullstack-tic-tac-toe-61826-a614edb6/tic_tac_toe_frontend/node_modules/@babel/plugin-transform-computed-properties/README.md'
npm warn tar TAR_ENTRY_ERROR ENOENT: no such file or directory, open '/home/kavia/workspace/code-generation/tictacplus-persistent-fullstack-tic-tac-toe-61826-a614edb6/tic_tac_toe_frontend/node_modules/@babel/plugin-transform-destructuring/README.md'
npm warn tar TAR_ENTRY_ERROR ENOENT: no such file or directory, open '/home/kavia/workspace/code-generation/tictacplus-persistent-fullstack-tic-tac-toe-61826-a614edb6/tic_tac_toe_frontend/node_modules/@babel/plugin-transform-class-static-block/README.md'
npm warn tar TAR_ENTRY_ERROR ENOENT: no such file or directory, open '/home/kavia/workspace/code-generation/tictacplus-persistent-fullstack-tic-tac-toe-61826-a614edb6/tic_tac_toe_frontend/node_modules/@babel/plugin-transform-classes/README.md'
npm warn tar TAR_ENTRY_ERROR ENOENT: no such file or directory, open '/home/kavia/workspace/code-generation/tictacplus-persistent-fullstack-tic-tac-toe-61826-a614edb6/tic_tac_toe_frontend/node_modules/@babel/plugin-transform-duplicate-keys/README.md'
npm warn tar TAR_ENTRY_ERROR ENOENT: no such file or directory, open '/home/kavia/workspace/code-generation/tictacplus-persistent-fullstack-tic-tac-toe-61826-a614edb6/tic_tac_toe_frontend/node_modules/@babel/plugin-transform-for-of/README.md'
npm warn tar TAR_ENTRY_ERROR ENOENT: no such file or directory, open '/home/kavia/workspace/code-generation/tictacplus-persistent-fullstack-tic-tac-toe-61826-a614edb6/tic_tac_toe_frontend/node_modules/@babel/plugin-transform-flow-strip-types/README.md'
npm warn tar TAR_ENTRY_ERROR ENOENT: no such file or directory, open '/home/kavia/workspace/code-generation/tictacplus-persistent-fullstack-tic-tac-toe-61826-a614edb6/tic_tac_toe_frontend/node_modules/@babel/plugin-transform-export-namespace-from/README.md'
npm warn tar TAR_ENTRY_ERROR ENOENT: no such file or directory, open '/home/kavia/workspace/code-generation/tictacplus-persistent-fullstack-tic-tac-toe-61826-a614edb6/tic_tac_toe_frontend/node_modules/@babel/plugin-transform-exponentiation-operator/README.md'
npm warn tar TAR_ENTRY_ERROR ENOENT: no such file or directory, open '/home/kavia/workspace/code-generation/tictacplus-persistent-fullstack-tic-tac-toe-61826-a614edb6/tic_tac_toe_frontend/node_modules/@babel/plugin-transform-async-to-generator/LICENSE'
npm warn tar TAR_ENTRY_ERROR ENOENT: no such file or directory, open '/home/kavia/workspace/code-generation/tictacplus-persistent-fullstack-tic-tac-toe-61826-a614edb6/tic_tac_toe_frontend/node_modules/@babel/plugin-transform-arrow-functions/LICENSE'
npm warn tar TAR_ENTRY_ERROR ENOENT: no such file or directory, open '/home/kavia/workspace/code-generation/tictacplus-persistent-fullstack-tic-tac-toe-61826-a614edb6/tic_tac_toe_frontend/node_modules/@babel/plugin-syntax-unicode-sets-regex/LICENSE'
npm warn tar TAR_ENTRY_ERROR ENOENT: no such file or directory, open '/home/kavia/workspace/code-generation/tictacplus-persistent-fullstack-tic-tac-toe-61826-a614edb6/tic_tac_toe_frontend/node_modules/@babel/plugin-transform-async-generator-functions/LICENSE'
npm warn tar TAR_ENTRY_ERROR ENOENT: no such file or directory, open '/home/kavia/workspace/code-generation/tictacplus-persistent-fullstack-tic-tac-toe-61826-a614edb6/tic_tac_toe_frontend/node_modules/@babel/plugin-syntax-typescript/LICENSE'
npm warn tar TAR_ENTRY_ERROR ENOENT: no such file or directory, open '/home/kavia/workspace/code-generation/tictacplus-persistent-fullstack-tic-tac-toe-61826-a614edb6/tic_tac_toe_frontend/node_modules/@babel/plugin-transform-block-scoping/LICENSE'
npm warn tar TAR_ENTRY_ERROR ENOENT: no such file or directory, open '/home/kavia/workspace/code-generation/tictacplus-persistent-fullstack-tic-tac-toe-61826-a614edb6/tic_tac_toe_frontend/node_modules/@babel/plugin-transform-block-scoped-functions/LICENSE'
npm warn tar TAR_ENTRY_ERROR ENOENT: no such file or directory, open '/home/kavia/workspace/code-generation/tictacplus-persistent-fullstack-tic-tac-toe-61826-a614edb6/tic_tac_toe_frontend/node_modules/@babel/plugin-transform-class-properties/LICENSE'
npm warn tar ENOENT: Cannot cd into '/home/kavia/workspace/code-generation/tictacplus-persistent-fullstack-tic-tac-toe-61826-a614edb6/tic_tac_toe_frontend/node_modules/@babel/plugin-syntax-import-meta'
npm warn tarball tarball data for @babel/plugin-syntax-import-meta@https://registry.npmjs.org/@babel/plugin-syntax-import-meta/-/plugin-syntax-import-meta-7.10.4.tgz (sha512-Yqfm+XDx0+Prh3VSeEQCPU81yC+JWZ2pDPFSS4ZdpfZhp4MkFMaDC1UqseovEKwSUpnIL7+vK+Clp7bfh0iD7g==) seems to be corrupted. Trying again.
npm warn tar ENOENT: Cannot cd into '/home/kavia/workspace/code-generation/tictacplus-persistent-fullstack-tic-tac-toe-61826-a614edb6/tic_tac_toe_frontend/node_modules/@babel/plugin-syntax-json-strings'
npm warn tarball tarball data for @babel/plugin-syntax-json-strings@https://registry.npmjs.org/@babel/plugin-syntax-json-strings/-/plugin-syntax-json-strings-7.8.3.tgz (sha512-lY6kdGpWHvjoe2vk4WrAapEuBR69EMxZl+RoGRhrFGNYVK8mOPAW8VfbT/ZgrFbXlDNiiaxQnAtgVCZ6jv30EA==) seems to be corrupted. Trying again.
npm warn tar ENOENT: Cannot cd into '/home/kavia/workspace/code-generation/tictacplus-persistent-fullstack-tic-tac-toe-61826-a614edb6/tic_tac_toe_frontend/node_modules/@babel/plugin-syntax-import-attributes'
npm warn tarball tarball data for @babel/plugin-syntax-import-attributes@https://registry.npmjs.org/@babel/plugin-syntax-import-attributes/-/plugin-syntax-import-attributes-7.26.0.tgz (sha512-e2dttdsJ1ZTpi3B9UYGLw41hifAubg19AtCu/2I/F1QNVclOBr1dYpTdmdyZ84Xiz43BS/tCUkMAZNLv12Pi+A==) seems to be corrupted. Trying again.
npm warn tar TAR_ENTRY_ERROR ENOENT: no such file or directory, open '/home/kavia/workspace/code-generation/tictacplus-persistent-fullstack-tic-tac-toe-61826-a614edb6/tic_tac_toe_frontend/node_modules/sucrase/dist/util/getTSImportedNames.js'
npm warn tar TAR_ENTRY_ERROR ENOENT: no such file or directory, open '/home/kavia/workspace/code-generation/tictacplus-persistent-fullstack-tic-tac-toe-61826-a614edb6/tic_tac_toe_frontend/node_modules/webpack/lib/javascript/BasicEvaluatedExpression.js'
npm warn tar TAR_ENTRY_ERROR ENOENT: no such file or directory, open '/home/kavia/workspace/code-generation/tictacplus-persistent-fullstack-tic-tac-toe-61826-a614edb6/tic_tac_toe_frontend/node_modules/fork-ts-checker-webpack-plugin/lib/reporter/FilesMatch.js'
npm warn tar TAR_ENTRY_ERROR ENOENT: no such file or directory, lstat '/home/kavia/workspace/code-generation/tictacplus-persistent-fullstack-tic-tac-toe-61826-a614edb6/tic_tac_toe_frontend/node_modules/eslint-plugin-flowtype/dist/rules/arrayStyle'
npm warn tar TAR_ENTRY_ERROR ENOENT: no such file or directory, lstat '/home/kavia/workspace/code-generation/tictacplus-persistent-fullstack-tic-tac-toe-61826-a614edb6/tic_tac_toe_frontend/node_modules/eslint-plugin-import/lib/core'
npm warn tar TAR_ENTRY_ERROR ENOENT: no such file or directory, lstat '/home/kavia/workspace/code-generation/tictacplus-persistent-fullstack-tic-tac-toe-61826-a614edb6/tic_tac_toe_frontend/node_modules/eslint/lib/source-code/token-store'
npm warn tar TAR_ENTRY_ERROR ENOENT: no such file or directory, open '/home/kavia/workspace/code-generation/tictacplus-persistent-fullstack-tic-tac-toe-61826-a614edb6/tic_tac_toe_frontend/node_modules/cssstyle/lib/properties/borderTopWidth.js'
npm warn tar TAR_ENTRY_ERROR ENOENT: no such file or directory, lstat '/home/kavia/workspace/code-generation/tictacplus-persistent-fullstack-tic-tac-toe-61826-a614edb6/tic_tac_toe_frontend/node_modules/csso/lib/restructure/prepare'
npm warn tar TAR_ENTRY_ERROR ENOENT: no such file or directory, open '/home/kavia/workspace/code-generation/tictacplus-persistent-fullstack-tic-tac-toe-61826-a614edb6/tic_tac_toe_frontend/node_modules/css-tree/lib/syntax/node/Comment.js'
npm warn tar TAR_ENTRY_ERROR ENOENT: no such file or directory, lstat '/home/kavia/workspace/code-generation/tictacplus-persistent-fullstack-tic-tac-toe-61826-a614edb6/tic_tac_toe_frontend/node_modules/@webassemblyjs/ast/esm/transform'
npm warn tar TAR_ENTRY_ERROR ENOENT: no such file or directory, lstat '/home/kavia/workspace/code-generation/tictacplus-persistent-fullstack-tic-tac-toe-61826-a614edb6/tic_tac_toe_frontend/node_modules/@typescript-eslint/utils/dist'
npm warn tar TAR_ENTRY_ERROR ENOENT: no such file or directory, lstat '/home/kavia/workspace/code-generation/tictacplus-persistent-fullstack-tic-tac-toe-61826-a614edb6/tic_tac_toe_frontend/node_modules/@rushstack/eslint-patch/lib/exports'
npm warn tar TAR_ENTRY_ERROR ENOENT: no such file or directory, lstat '/home/kavia/workspace/code-generation/tictacplus-persistent-fullstack-tic-tac-toe-61826-a614edb6/tic_tac_toe_frontend/node_modules/@rollup/pluginutils/types'
npm warn tar TAR_ENTRY_ERROR ENOENT: no such file or directory, open '/home/kavia/workspace/code-generation/tictacplus-persistent-fullstack-tic-tac-toe-61826-a614edb6/tic_tac_toe_frontend/node_modules/@jest/transform/build/enhanceUnexpectedTokenMessage.d.ts'
npm warn tar TAR_ENTRY_ERROR ENOENT: no such file or directory, open '/home/kavia/workspace/code-generation/tictacplus-persistent-fullstack-tic-tac-toe-61826-a614edb6/tic_tac_toe_frontend/node_modules/@jest/reporters/build/getSnapshotStatus.js'
npm warn tar TAR_ENTRY_ERROR ENOENT: no such file or directory, lstat '/home/kavia/workspace/code-generation/tictacplus-persistent-fullstack-tic-tac-toe-61826-a614edb6/tic_tac_toe_frontend/node_modules/@csstools/postcss-color-function/dist/css-color-4'
npm warn tar TAR_ENTRY_ERROR ENOENT: no such file or directory, lstat '/home/kavia/workspace/code-generation/tictacplus-persistent-fullstack-tic-tac-toe-61826-a614edb6/tic_tac_toe_frontend/node_modules/@babel/types/lib/asserts/generated'
npm warn tar TAR_ENTRY_ERROR ENOENT: no such file or directory, open '/home/kavia/workspace/code-generation/tictacplus-persistent-fullstack-tic-tac-toe-61826-a614edb6/tic_tac_toe_frontend/node_modules/@babel/preset-env/data/built-ins.json.js'
npm warn tar TAR_ENTRY_ERROR ENOENT: no such file or directory, open '/home/kavia/workspace/code-generation/tictacplus-persistent-fullstack-tic-tac-toe-61826-a614edb6/tic_tac_toe_frontend/node_modules/@babel/plugin-transform-runtime/lib/babel-7/polyfills.cjs'
npm warn tar TAR_ENTRY_ERROR ENOENT: no such file or directory, lstat '/home/kavia/workspace/code-generation/tictacplus-persistent-fullstack-tic-tac-toe-61826-a614edb6/tic_tac_toe_frontend/node_modules/@babel/plugin-transform-duplicate-keys/lib'
npm warn tar TAR_ENTRY_ERROR ENOENT: no such file or directory, lstat '/home/kavia/workspace/code-generation/tictacplus-persistent-fullstack-tic-tac-toe-61826-a614edb6/tic_tac_toe_frontend/node_modules/@babel/plugin-transform-dotall-regex/lib'
npm warn tar TAR_ENTRY_ERROR ENOENT: no such file or directory, lstat '/home/kavia/workspace/code-generation/tictacplus-persistent-fullstack-tic-tac-toe-61826-a614edb6/tic_tac_toe_frontend/node_modules/@babel/plugin-transform-computed-properties/lib'
npm warn tar TAR_ENTRY_ERROR ENOENT: no such file or directory, lstat '/home/kavia/workspace/code-generation/tictacplus-persistent-fullstack-tic-tac-toe-61826-a614edb6/tic_tac_toe_frontend/node_modules/@babel/plugin-transform-destructuring/lib'
npm warn tar TAR_ENTRY_ERROR ENOENT: no such file or directory, lstat '/home/kavia/workspace/code-generation/tictacplus-persistent-fullstack-tic-tac-toe-61826-a614edb6/tic_tac_toe_frontend/node_modules/@babel/plugin-transform-class-static-block/lib'
npm warn tar TAR_ENTRY_ERROR ENOENT: no such file or directory, lstat '/home/kavia/workspace/code-generation/tictacplus-persistent-fullstack-tic-tac-toe-61826-a614edb6/tic_tac_toe_frontend/node_modules/@babel/plugin-transform-classes/lib'
npm warn tar TAR_ENTRY_ERROR ENOENT: no such file or directory, lstat '/home/kavia/workspace/code-generation/tictacplus-persistent-fullstack-tic-tac-toe-61826-a614edb6/tic_tac_toe_frontend/node_modules/@babel/plugin-transform-for-of/lib'
npm warn tar TAR_ENTRY_ERROR ENOENT: no such file or directory, lstat '/home/kavia/workspace/code-generation/tictacplus-persistent-fullstack-tic-tac-toe-61826-a614edb6/tic_tac_toe_frontend/node_modules/@babel/plugin-transform-flow-strip-types/lib'
npm warn tar TAR_ENTRY_ERROR ENOENT: no such file or directory, lstat '/home/kavia/workspace/code-generation/tictacplus-persistent-fullstack-tic-tac-toe-61826-a614edb6/tic_tac_toe_frontend/node_modules/@babel/plugin-transform-export-namespace-from/lib'
npm warn tar TAR_ENTRY_ERROR ENOENT: no such file or directory, lstat '/home/kavia/workspace/code-generation/tictacplus-persistent-fullstack-tic-tac-toe-61826-a614edb6/tic_tac_toe_frontend/node_modules/@babel/plugin-transform-exponentiation-operator/lib'
npm warn tar TAR_ENTRY_ERROR ENOENT: no such file or directory, open '/home/kavia/workspace/code-generation/tictacplus-persistent-fullstack-tic-tac-toe-61826-a614edb6/tic_tac_toe_frontend/node_modules/eslint-plugin-react/lib/rules/index.js'
npm warn tar TAR_ENTRY_ERROR ENOENT: no such file or directory, open '/home/kavia/workspace/code-generation/tictacplus-persistent-fullstack-tic-tac-toe-61826-a614edb6/tic_tac_toe_frontend/node_modules/cssstyle/lib/properties/borderWidth.js'
npm warn tar TAR_ENTRY_ERROR ENOENT: no such file or directory, open '/home/kavia/workspace/code-generation/tictacplus-persistent-fullstack-tic-tac-toe-61826-a614edb6/tic_tac_toe_frontend/node_modules/css-tree/lib/tokenizer/const.js'
npm warn tar TAR_ENTRY_ERROR ENOENT: no such file or directory, lstat '/home/kavia/workspace/code-generation/tictacplus-persistent-fullstack-tic-tac-toe-61826-a614edb6/tic_tac_toe_frontend/node_modules/clean-css/lib/options'
npm warn tar TAR_ENTRY_ERROR ENOENT: no such file or directory, open '/home/kavia/workspace/code-generation/tictacplus-persistent-fullstack-tic-tac-toe-61826-a614edb6/tic_tac_toe_frontend/node_modules/@jest/transform/build/index.d.ts'
npm warn tar TAR_ENTRY_ERROR ENOENT: no such file or directory, open '/home/kavia/workspace/code-generation/tictacplus-persistent-fullstack-tic-tac-toe-61826-a614edb6/tic_tac_toe_frontend/node_modules/@jest/reporters/build/getSnapshotSummary.js'
npm warn deprecated @humanwhocodes/object-schema@2.0.3: Use @eslint/object-schema instead
npm warn tar TAR_ENTRY_ERROR ENOENT: no such file or directory, open '/home/kavia/workspace/code-generation/tictacplus-persistent-fullstack-tic-tac-toe-61826-a614edb6/tic_tac_toe_frontend/node_modules/@babel/preset-env/data/core-js-compat.js'
npm warn tar TAR_ENTRY_ERROR ENOENT: no such file or directory, open '/home/kavia/workspace/code-generation/tictacplus-persistent-fullstack-tic-tac-toe-61826-a614edb6/tic_tac_toe_frontend/node_modules/@babel/plugin-transform-runtime/lib/babel-7/polyfills.cjs.map'
npm warn tar TAR_ENTRY_ERROR ENOENT: no such file or directory, open '/home/kavia/workspace/code-generation/tictacplus-persistent-fullstack-tic-tac-toe-61826-a614edb6/tic_tac_toe_frontend/node_modules/tailwindcss/src/corePlugins.js'
npm warn tar TAR_ENTRY_ERROR ENOENT: no such file or directory, open '/home/kavia/workspace/code-generation/tictacplus-persistent-fullstack-tic-tac-toe-61826-a614edb6/tic_tac_toe_frontend/node_modules/sucrase/dist/esm/HelperManager.js'
npm warn tar TAR_ENTRY_ERROR ENOENT: no such file or directory, open '/home/kavia/workspace/code-generation/tictacplus-persistent-fullstack-tic-tac-toe-61826-a614edb6/tic_tac_toe_frontend/node_modules/webpack/lib/rules/BasicMatcherRulePlugin.js'
npm warn tar TAR_ENTRY_ERROR ENOENT: no such file or directory, open '/home/kavia/workspace/code-generation/tictacplus-persistent-fullstack-tic-tac-toe-61826-a614edb6/tic_tac_toe_frontend/node_modules/eslint-plugin-import/lib/rules/group-exports.js'
npm warn tar TAR_ENTRY_ERROR ENOENT: no such file or directory, lstat '/home/kavia/workspace/code-generation/tictacplus-persistent-fullstack-tic-tac-toe-61826-a614edb6/tic_tac_toe_frontend/node_modules/eslint/lib/source-code'
npm warn tar TAR_ENTRY_ERROR ENOENT: no such file or directory, open '/home/kavia/workspace/code-generation/tictacplus-persistent-fullstack-tic-tac-toe-61826-a614edb6/tic_tac_toe_frontend/node_modules/cssstyle/lib/properties/bottom.js'
npm warn tar TAR_ENTRY_ERROR ENOENT: no such file or directory, open '/home/kavia/workspace/code-generation/tictacplus-persistent-fullstack-tic-tac-toe-61826-a614edb6/tic_tac_toe_frontend/node_modules/@typescript-eslint/utils/dist/ts-eslint/ESLint.js'
npm warn tar TAR_ENTRY_ERROR ENOENT: no such file or directory, open '/home/kavia/workspace/code-generation/tictacplus-persistent-fullstack-tic-tac-toe-61826-a614edb6/tic_tac_toe_frontend/node_modules/@jest/transform/build/runtimeErrorsAndWarnings.d.ts'
npm warn deprecated @humanwhocodes/config-array@0.13.0: Use @eslint/config-array instead
npm warn tar TAR_ENTRY_ERROR ENOENT: no such file or directory, open '/home/kavia/workspace/code-generation/tictacplus-persistent-fullstack-tic-tac-toe-61826-a614edb6/tic_tac_toe_frontend/node_modules/@babel/preset-env/data/corejs2-built-ins.js'
npm warn tar TAR_ENTRY_ERROR ENOENT: no such file or directory, open '/home/kavia/workspace/code-generation/tictacplus-persistent-fullstack-tic-tac-toe-61826-a614edb6/tic_tac_toe_frontend/node_modules/@babel/plugin-transform-function-name/lib/index.js.map'
npm warn tar TAR_ENTRY_ERROR ENOENT: no such file or directory, open '/home/kavia/workspace/code-generation/tictacplus-persistent-fullstack-tic-tac-toe-61826-a614edb6/tic_tac_toe_frontend/node_modules/@babel/plugin-transform-nullish-coalescing-operator/lib/index.js.map'
npm warn tar TAR_ENTRY_ERROR ENOENT: no such file or directory, open '/home/kavia/workspace/code-generation/tictacplus-persistent-fullstack-tic-tac-toe-61826-a614edb6/tic_tac_toe_frontend/node_modules/@babel/plugin-transform-modules-umd/lib/index.js.map'
npm warn tar TAR_ENTRY_ERROR ENOENT: no such file or directory, open '/home/kavia/workspace/code-generation/tictacplus-persistent-fullstack-tic-tac-toe-61826-a614edb6/tic_tac_toe_frontend/node_modules/@babel/plugin-transform-modules-amd/lib/index.js.map'
npm warn tar TAR_ENTRY_ERROR ENOENT: no such file or directory, open '/home/kavia/workspace/code-generation/tictacplus-persistent-fullstack-tic-tac-toe-61826-a614edb6/tic_tac_toe_frontend/node_modules/@babel/plugin-transform-new-target/lib/index.js.map'
npm warn tar TAR_ENTRY_ERROR ENOENT: no such file or directory, open '/home/kavia/workspace/code-generation/tictacplus-persistent-fullstack-tic-tac-toe-61826-a614edb6/tic_tac_toe_frontend/node_modules/@babel/plugin-transform-modules-systemjs/lib/index.js.map'
npm warn tar TAR_ENTRY_ERROR ENOENT: no such file or directory, open '/home/kavia/workspace/code-generation/tictacplus-persistent-fullstack-tic-tac-toe-61826-a614edb6/tic_tac_toe_frontend/node_modules/@babel/plugin-transform-member-expression-literals/lib/index.js.map'
npm warn tar TAR_ENTRY_ERROR ENOENT: no such file or directory, open '/home/kavia/workspace/code-generation/tictacplus-persistent-fullstack-tic-tac-toe-61826-a614edb6/tic_tac_toe_frontend/node_modules/@babel/plugin-transform-literals/lib/index.js.map'
npm warn tar TAR_ENTRY_ERROR ENOENT: no such file or directory, open '/home/kavia/workspace/code-generation/tictacplus-persistent-fullstack-tic-tac-toe-61826-a614edb6/tic_tac_toe_frontend/node_modules/@babel/plugin-transform-logical-assignment-operators/lib/index.js.map'
npm warn tar TAR_ENTRY_ERROR ENOENT: no such file or directory, open '/home/kavia/workspace/code-generation/tictacplus-persistent-fullstack-tic-tac-toe-61826-a614edb6/tic_tac_toe_frontend/node_modules/@babel/plugin-transform-json-strings/lib/index.js.map'
npm warn tar TAR_ENTRY_ERROR ENOENT: no such file or directory, open '/home/kavia/workspace/code-generation/tictacplus-persistent-fullstack-tic-tac-toe-61826-a614edb6/tic_tac_toe_frontend/node_modules/@babel/plugin-transform-modules-commonjs/lib/dynamic-import.js.map'
npm warn tar TAR_ENTRY_ERROR ENOENT: no such file or directory, open '/home/kavia/workspace/code-generation/tictacplus-persistent-fullstack-tic-tac-toe-61826-a614edb6/tic_tac_toe_frontend/node_modules/@babel/plugin-transform-async-to-generator/lib/index.js'
npm warn tar TAR_ENTRY_ERROR ENOENT: no such file or directory, open '/home/kavia/workspace/code-generation/tictacplus-persistent-fullstack-tic-tac-toe-61826-a614edb6/tic_tac_toe_frontend/node_modules/@babel/plugin-transform-arrow-functions/lib/index.js'
npm warn tar TAR_ENTRY_ERROR ENOENT: no such file or directory, open '/home/kavia/workspace/code-generation/tictacplus-persistent-fullstack-tic-tac-toe-61826-a614edb6/tic_tac_toe_frontend/node_modules/@babel/plugin-syntax-unicode-sets-regex/lib/index.js'
npm warn tar TAR_ENTRY_ERROR ENOENT: no such file or directory, open '/home/kavia/workspace/code-generation/tictacplus-persistent-fullstack-tic-tac-toe-61826-a614edb6/tic_tac_toe_frontend/node_modules/@babel/plugin-transform-async-generator-functions/lib/for-await.js'
npm warn tar TAR_ENTRY_ERROR ENOENT: no such file or directory, open '/home/kavia/workspace/code-generation/tictacplus-persistent-fullstack-tic-tac-toe-61826-a614edb6/tic_tac_toe_frontend/node_modules/@babel/plugin-syntax-typescript/lib/index.js'
npm warn tar TAR_ENTRY_ERROR ENOENT: no such file or directory, open '/home/kavia/workspace/code-generation/tictacplus-persistent-fullstack-tic-tac-toe-61826-a614edb6/tic_tac_toe_frontend/node_modules/@babel/plugin-transform-block-scoping/lib/annex-B_3_3.js'
npm warn tar TAR_ENTRY_ERROR ENOENT: no such file or directory, open '/home/kavia/workspace/code-generation/tictacplus-persistent-fullstack-tic-tac-toe-61826-a614edb6/tic_tac_toe_frontend/node_modules/@babel/plugin-transform-block-scoped-functions/lib/index.js'
npm warn tar TAR_ENTRY_ERROR ENOENT: no such file or directory, open '/home/kavia/workspace/code-generation/tictacplus-persistent-fullstack-tic-tac-toe-61826-a614edb6/tic_tac_toe_frontend/node_modules/@babel/plugin-transform-class-properties/lib/index.js'
npm warn tar TAR_ENTRY_ERROR ENOENT: no such file or directory, open '/home/kavia/workspace/code-generation/tictacplus-persistent-fullstack-tic-tac-toe-61826-a614edb6/tic_tac_toe_frontend/node_modules/sucrase/dist/HelperManager.js'
npm warn tar TAR_ENTRY_ERROR ENOENT: no such file or directory, lstat '/home/kavia/workspace/code-generation/tictacplus-persistent-fullstack-tic-tac-toe-61826-a614edb6/tic_tac_toe_frontend/node_modules/webpack/lib/util/hash'
npm warn tar TAR_ENTRY_ERROR ENOENT: no such file or directory, open '/home/kavia/workspace/code-generation/tictacplus-persistent-fullstack-tic-tac-toe-61826-a614edb6/tic_tac_toe_frontend/node_modules/eslint-plugin-react/lib/util/isCreateContext.js'
npm warn tar TAR_ENTRY_ERROR ENOENT: no such file or directory, open '/home/kavia/workspace/code-generation/tictacplus-persistent-fullstack-tic-tac-toe-61826-a614edb6/tic_tac_toe_frontend/node_modules/cssstyle/lib/properties/clear.js'
npm warn tar TAR_ENTRY_ERROR ENOENT: no such file or directory, open '/home/kavia/workspace/code-generation/tictacplus-persistent-fullstack-tic-tac-toe-61826-a614edb6/tic_tac_toe_frontend/node_modules/clean-css/lib/optimizer/configuration.js'
npm warn tar TAR_ENTRY_ERROR ENOENT: no such file or directory, open '/home/kavia/workspace/code-generation/tictacplus-persistent-fullstack-tic-tac-toe-61826-a614edb6/tic_tac_toe_frontend/node_modules/@typescript-eslint/utils/dist/eslint-utils/getParserServices.js'
npm warn tar TAR_ENTRY_ERROR ENOENT: no such file or directory, open '/home/kavia/workspace/code-generation/tictacplus-persistent-fullstack-tic-tac-toe-61826-a614edb6/tic_tac_toe_frontend/node_modules/@jest/transform/build/ScriptTransformer.d.ts'
npm warn tar TAR_ENTRY_ERROR ENOENT: no such file or directory, open '/home/kavia/workspace/code-generation/tictacplus-persistent-fullstack-tic-tac-toe-61826-a614edb6/tic_tac_toe_frontend/node_modules/@jest/reporters/build/getWatermarks.js'
npm warn tar TAR_ENTRY_ERROR ENOENT: no such file or directory, open '/home/kavia/workspace/code-generation/tictacplus-persistent-fullstack-tic-tac-toe-61826-a614edb6/tic_tac_toe_frontend/node_modules/@babel/preset-env/data/corejs2-built-ins.json.js'
npm warn tar TAR_ENTRY_ERROR ENOENT: no such file or directory, open '/home/kavia/workspace/code-generation/tictacplus-persistent-fullstack-tic-tac-toe-61826-a614edb6/tic_tac_toe_frontend/node_modules/@babel/plugin-transform-modules-commonjs/lib/hooks.js'
npm warn tar TAR_ENTRY_ERROR ENOENT: no such file or directory, open '/home/kavia/workspace/code-generation/tictacplus-persistent-fullstack-tic-tac-toe-61826-a614edb6/tic_tac_toe_frontend/node_modules/@babel/plugin-transform-async-to-generator/lib/index.js.map'
npm warn tar TAR_ENTRY_ERROR ENOENT: no such file or directory, open '/home/kavia/workspace/code-generation/tictacplus-persistent-fullstack-tic-tac-toe-61826-a614edb6/tic_tac_toe_frontend/node_modules/@babel/plugin-transform-arrow-functions/lib/index.js.map'
npm warn tar TAR_ENTRY_ERROR ENOENT: no such file or directory, open '/home/kavia/workspace/code-generation/tictacplus-persistent-fullstack-tic-tac-toe-61826-a614edb6/tic_tac_toe_frontend/node_modules/@babel/plugin-transform-async-generator-functions/lib/for-await.js.map'
npm warn tar TAR_ENTRY_ERROR ENOENT: no such file or directory, open '/home/kavia/workspace/code-generation/tictacplus-persistent-fullstack-tic-tac-toe-61826-a614edb6/tic_tac_toe_frontend/node_modules/@babel/plugin-syntax-typescript/lib/index.js.map'
npm warn tar TAR_ENTRY_ERROR ENOENT: no such file or directory, open '/home/kavia/workspace/code-generation/tictacplus-persistent-fullstack-tic-tac-toe-61826-a614edb6/tic_tac_toe_frontend/node_modules/@babel/plugin-transform-block-scoping/lib/annex-B_3_3.js.map'
npm warn tar TAR_ENTRY_ERROR ENOENT: no such file or directory, open '/home/kavia/workspace/code-generation/tictacplus-persistent-fullstack-tic-tac-toe-61826-a614edb6/tic_tac_toe_frontend/node_modules/@babel/plugin-transform-block-scoped-functions/lib/index.js.map'
npm warn tar TAR_ENTRY_ERROR ENOENT: no such file or directory, open '/home/kavia/workspace/code-generation/tictacplus-persistent-fullstack-tic-tac-toe-61826-a614edb6/tic_tac_toe_frontend/node_modules/@babel/plugin-transform-class-properties/lib/index.js.map'
npm warn tar TAR_ENTRY_ERROR ENOENT: no such file or directory, open '/home/kavia/workspace/code-generation/tictacplus-persistent-fullstack-tic-tac-toe-61826-a614edb6/tic_tac_toe_frontend/node_modules/sucrase/dist/esm/parser/util/identifier.js'
npm warn tar TAR_ENTRY_ERROR ENOENT: no such file or directory, open '/home/kavia/workspace/code-generation/tictacplus-persistent-fullstack-tic-tac-toe-61826-a614edb6/tic_tac_toe_frontend/node_modules/eslint-plugin-react/lib/util/isCreateElement.js'
npm warn tar TAR_ENTRY_ERROR ENOENT: no such file or directory, open '/home/kavia/workspace/code-generation/tictacplus-persistent-fullstack-tic-tac-toe-61826-a614edb6/tic_tac_toe_frontend/node_modules/eslint-plugin-import/lib/importDeclaration.js'
npm warn tar TAR_ENTRY_ERROR ENOENT: no such file or directory, open '/home/kavia/workspace/code-generation/tictacplus-persistent-fullstack-tic-tac-toe-61826-a614edb6/tic_tac_toe_frontend/node_modules/eslint/lib/rules/block-scoped-var.js'
npm warn tar TAR_ENTRY_ERROR ENOENT: no such file or directory, open '/home/kavia/workspace/code-generation/tictacplus-persistent-fullstack-tic-tac-toe-61826-a614edb6/tic_tac_toe_frontend/node_modules/cssstyle/lib/properties/clip.js'
npm warn tar TAR_ENTRY_ERROR ENOENT: no such file or directory, open '/home/kavia/workspace/code-generation/tictacplus-persistent-fullstack-tic-tac-toe-61826-a614edb6/tic_tac_toe_frontend/node_modules/@jest/transform/build/shouldInstrument.d.ts'
npm warn tar TAR_ENTRY_ERROR ENOENT: no such file or directory, open '/home/kavia/workspace/code-generation/tictacplus-persistent-fullstack-tic-tac-toe-61826-a614edb6/tic_tac_toe_frontend/node_modules/@jest/reporters/build/index.js'
npm warn tar TAR_ENTRY_ERROR ENOENT: no such file or directory, open '/home/kavia/workspace/code-generation/tictacplus-persistent-fullstack-tic-tac-toe-61826-a614edb6/tic_tac_toe_frontend/node_modules/@babel/preset-env/data/package.json'
npm warn tar TAR_ENTRY_ERROR ENOENT: no such file or directory, open '/home/kavia/workspace/code-generation/tictacplus-persistent-fullstack-tic-tac-toe-61826-a614edb6/tic_tac_toe_frontend/node_modules/@babel/plugin-transform-modules-commonjs/lib/hooks.js.map'
npm warn tar TAR_ENTRY_ERROR ENOENT: no such file or directory, open '/home/kavia/workspace/code-generation/tictacplus-persistent-fullstack-tic-tac-toe-61826-a614edb6/tic_tac_toe_frontend/node_modules/@babel/plugin-transform-async-generator-functions/lib/index.js'
npm warn tar TAR_ENTRY_ERROR ENOENT: no such file or directory, open '/home/kavia/workspace/code-generation/tictacplus-persistent-fullstack-tic-tac-toe-61826-a614edb6/tic_tac_toe_frontend/node_modules/@babel/plugin-transform-block-scoping/lib/index.js'
npm warn tar TAR_ENTRY_ERROR ENOENT: no such file or directory, open '/home/kavia/workspace/code-generation/tictacplus-persistent-fullstack-tic-tac-toe-61826-a614edb6/tic_tac_toe_frontend/node_modules/sucrase/dist/parser/util/identifier.js'
npm warn tar TAR_ENTRY_ERROR ENOENT: no such file or directory, open '/home/kavia/workspace/code-generation/tictacplus-persistent-fullstack-tic-tac-toe-61826-a614edb6/tic_tac_toe_frontend/node_modules/webpack/lib/serialization/BinaryMiddleware.js'
npm warn tar TAR_ENTRY_ERROR ENOENT: no such file or directory, open '/home/kavia/workspace/code-generation/tictacplus-persistent-fullstack-tic-tac-toe-61826-a614edb6/tic_tac_toe_frontend/node_modules/fast-glob/out/utils/array.d.ts'
npm warn tar TAR_ENTRY_ERROR ENOENT: no such file or directory, open '/home/kavia/workspace/code-generation/tictacplus-persistent-fullstack-tic-tac-toe-61826-a614edb6/tic_tac_toe_frontend/node_modules/eslint-plugin-react/lib/util/isDestructuredFromPragmaImport.js'
npm warn tar TAR_ENTRY_ERROR ENOENT: no such file or directory, open '/home/kavia/workspace/code-generation/tictacplus-persistent-fullstack-tic-tac-toe-61826-a614edb6/tic_tac_toe_frontend/node_modules/eslint-plugin-import/lib/rules/imports-first.js'
npm warn tar TAR_ENTRY_ERROR ENOENT: no such file or directory, open '/home/kavia/workspace/code-generation/tictacplus-persistent-fullstack-tic-tac-toe-61826-a614edb6/tic_tac_toe_frontend/node_modules/eslint/lib/rules/block-spacing.js'
npm warn tar TAR_ENTRY_ERROR ENOENT: no such file or directory, open '/home/kavia/workspace/code-generation/tictacplus-persistent-fullstack-tic-tac-toe-61826-a614edb6/tic_tac_toe_frontend/node_modules/cssstyle/lib/properties/color.js'
npm warn tar TAR_ENTRY_ERROR ENOENT: no such file or directory, lstat '/home/kavia/workspace/code-generation/tictacplus-persistent-fullstack-tic-tac-toe-61826-a614edb6/tic_tac_toe_frontend/node_modules/clean-css/lib/optimizer/level-1'
npm warn tar TAR_ENTRY_ERROR ENOENT: no such file or directory, open '/home/kavia/workspace/code-generation/tictacplus-persistent-fullstack-tic-tac-toe-61826-a614edb6/tic_tac_toe_frontend/node_modules/@jest/transform/build/types.d.ts'
npm warn tar TAR_ENTRY_ERROR ENOENT: no such file or directory, open '/home/kavia/workspace/code-generation/tictacplus-persistent-fullstack-tic-tac-toe-61826-a614edb6/tic_tac_toe_frontend/node_modules/@jest/reporters/build/NotifyReporter.js'
npm warn tar TAR_ENTRY_ERROR ENOENT: no such file or directory, open '/home/kavia/workspace/code-generation/tictacplus-persistent-fullstack-tic-tac-toe-61826-a614edb6/tic_tac_toe_frontend/node_modules/@babel/preset-env/data/plugins.js'
npm warn tar TAR_ENTRY_ERROR ENOENT: no such file or directory, open '/home/kavia/workspace/code-generation/tictacplus-persistent-fullstack-tic-tac-toe-61826-a614edb6/tic_tac_toe_frontend/node_modules/@babel/plugin-transform-modules-commonjs/lib/index.js'
npm warn tar TAR_ENTRY_ERROR ENOENT: no such file or directory, open '/home/kavia/workspace/code-generation/tictacplus-persistent-fullstack-tic-tac-toe-61826-a614edb6/tic_tac_toe_frontend/node_modules/@babel/plugin-transform-async-generator-functions/lib/index.js.map'
npm warn tar TAR_ENTRY_ERROR ENOENT: no such file or directory, open '/home/kavia/workspace/code-generation/tictacplus-persistent-fullstack-tic-tac-toe-61826-a614edb6/tic_tac_toe_frontend/node_modules/tailwindcss/lib/public/create-plugin.js'
npm warn tar TAR_ENTRY_ERROR ENOENT: no such file or directory, open '/home/kavia/workspace/code-generation/tictacplus-persistent-fullstack-tic-tac-toe-61826-a614edb6/tic_tac_toe_frontend/node_modules/sucrase/dist/esm/identifyShadowedGlobals.js'
npm warn tar TAR_ENTRY_ERROR ENOENT: no such file or directory, open '/home/kavia/workspace/code-generation/tictacplus-persistent-fullstack-tic-tac-toe-61826-a614edb6/tic_tac_toe_frontend/node_modules/fast-glob/out/providers/async.d.ts'
npm warn tar TAR_ENTRY_ERROR ENOENT: no such file or directory, open '/home/kavia/workspace/code-generation/tictacplus-persistent-fullstack-tic-tac-toe-61826-a614edb6/tic_tac_toe_frontend/node_modules/eslint-plugin-react/lib/util/isFirstLetterCapitalized.js'
npm warn tar TAR_ENTRY_ERROR ENOENT: no such file or directory, lstat '/home/kavia/workspace/code-generation/tictacplus-persistent-fullstack-tic-tac-toe-61826-a614edb6/tic_tac_toe_frontend/node_modules/eslint-plugin-import/lib/core'
npm warn tar TAR_ENTRY_ERROR ENOENT: no such file or directory, lstat '/home/kavia/workspace/code-generation/tictacplus-persistent-fullstack-tic-tac-toe-61826-a614edb6/tic_tac_toe_frontend/node_modules/cssstyle/lib/utils'
npm warn tar TAR_ENTRY_ERROR ENOENT: no such file or directory, open '/home/kavia/workspace/code-generation/tictacplus-persistent-fullstack-tic-tac-toe-61826-a614edb6/tic_tac_toe_frontend/node_modules/ajv/dist/ajv.min.js'
npm warn tar TAR_ENTRY_ERROR ENOENT: no such file or directory, open '/home/kavia/workspace/code-generation/tictacplus-persistent-fullstack-tic-tac-toe-61826-a614edb6/tic_tac_toe_frontend/node_modules/@jest/reporters/build/Status.js'
npm warn tar TAR_ENTRY_ERROR ENOENT: no such file or directory, open '/home/kavia/workspace/code-generation/tictacplus-persistent-fullstack-tic-tac-toe-61826-a614edb6/tic_tac_toe_frontend/node_modules/@babel/preset-env/data/plugins.json.js'
npm warn tar TAR_ENTRY_ERROR ENOENT: no such file or directory, open '/home/kavia/workspace/code-generation/tictacplus-persistent-fullstack-tic-tac-toe-61826-a614edb6/tic_tac_toe_frontend/node_modules/@babel/plugin-transform-block-scoping/lib/index.js.map'
npm warn tar TAR_ENTRY_ERROR ENOENT: no such file or directory, open '/home/kavia/workspace/code-generation/tictacplus-persistent-fullstack-tic-tac-toe-61826-a614edb6/tic_tac_toe_frontend/node_modules/tailwindcss/src/public/create-plugin.js'
npm warn tar TAR_ENTRY_ERROR ENOENT: no such file or directory, open '/home/kavia/workspace/code-generation/tictacplus-persistent-fullstack-tic-tac-toe-61826-a614edb6/tic_tac_toe_frontend/node_modules/sucrase/dist/identifyShadowedGlobals.js'
npm warn tar TAR_ENTRY_ERROR ENOENT: no such file or directory, open '/home/kavia/workspace/code-generation/tictacplus-persistent-fullstack-tic-tac-toe-61826-a614edb6/tic_tac_toe_frontend/node_modules/webpack/lib/util/binarySearchBounds.js'
npm warn tar TAR_ENTRY_ERROR ENOENT: no such file or directory, open '/home/kavia/workspace/code-generation/tictacplus-persistent-fullstack-tic-tac-toe-61826-a614edb6/tic_tac_toe_frontend/node_modules/fast-glob/out/readers/async.d.ts'
npm warn tar TAR_ENTRY_ERROR ENOENT: no such file or directory, open '/home/kavia/workspace/code-generation/tictacplus-persistent-fullstack-tic-tac-toe-61826-a614edb6/tic_tac_toe_frontend/node_modules/eslint-plugin-react/lib/rules/jsx-boolean-value.js'
npm warn tar TAR_ENTRY_ERROR ENOENT: no such file or directory, open '/home/kavia/workspace/code-generation/tictacplus-persistent-fullstack-tic-tac-toe-61826-a614edb6/tic_tac_toe_frontend/node_modules/eslint/lib/rules/brace-style.js'
npm warn tar TAR_ENTRY_ERROR ENOENT: no such file or directory, lstat '/home/kavia/workspace/code-generation/tictacplus-persistent-fullstack-tic-tac-toe-61826-a614edb6/tic_tac_toe_frontend/node_modules/clean-css/lib/optimizer/level-2'
npm warn tar TAR_ENTRY_ERROR ENOENT: no such file or directory, open '/home/kavia/workspace/code-generation/tictacplus-persistent-fullstack-tic-tac-toe-61826-a614edb6/tic_tac_toe_frontend/node_modules/@typescript-eslint/utils/dist/ast-utils/eslint-utils/index.js'
npm warn tar TAR_ENTRY_ERROR ENOENT: no such file or directory, open '/home/kavia/workspace/code-generation/tictacplus-persistent-fullstack-tic-tac-toe-61826-a614edb6/tic_tac_toe_frontend/node_modules/@babel/preset-env/data/shipped-proposals.js'
npm warn tar TAR_ENTRY_ERROR ENOENT: no such file or directory, open '/home/kavia/workspace/code-generation/tictacplus-persistent-fullstack-tic-tac-toe-61826-a614edb6/tic_tac_toe_frontend/node_modules/@babel/plugin-transform-modules-commonjs/lib/index.js.map'
npm warn tar TAR_ENTRY_ERROR ENOENT: no such file or directory, open '/home/kavia/workspace/code-generation/tictacplus-persistent-fullstack-tic-tac-toe-61826-a614edb6/tic_tac_toe_frontend/node_modules/webpack-dev-server/types/lib/servers/SockJSServer.d.ts'
npm warn tar TAR_ENTRY_ERROR ENOENT: no such file or directory, open '/home/kavia/workspace/code-generation/tictacplus-persistent-fullstack-tic-tac-toe-61826-a614edb6/tic_tac_toe_frontend/node_modules/terser/lib/compress/drop-side-effect-free.js'
npm warn tar TAR_ENTRY_ERROR ENOENT: no such file or directory, open '/home/kavia/workspace/code-generation/tictacplus-persistent-fullstack-tic-tac-toe-61826-a614edb6/tic_tac_toe_frontend/node_modules/tailwindcss/lib/util/createPlugin.js'
npm warn tar TAR_ENTRY_ERROR ENOENT: no such file or directory, open '/home/kavia/workspace/code-generation/tictacplus-persistent-fullstack-tic-tac-toe-61826-a614edb6/tic_tac_toe_frontend/node_modules/sucrase/dist/esm/index.js'
npm warn tar TAR_ENTRY_ERROR ENOENT: no such file or directory, open '/home/kavia/workspace/code-generation/tictacplus-persistent-fullstack-tic-tac-toe-61826-a614edb6/tic_tac_toe_frontend/node_modules/fast-glob/out/providers/filters/deep.d.ts'
npm warn tar TAR_ENTRY_ERROR ENOENT: no such file or directory, open '/home/kavia/workspace/code-generation/tictacplus-persistent-fullstack-tic-tac-toe-61826-a614edb6/tic_tac_toe_frontend/node_modules/eslint-plugin-react/lib/rules/jsx-child-element-spacing.js'
npm warn tar TAR_ENTRY_ERROR ENOENT: no such file or directory, open '/home/kavia/workspace/code-generation/tictacplus-persistent-fullstack-tic-tac-toe-61826-a614edb6/tic_tac_toe_frontend/node_modules/eslint-plugin-import/lib/exportMap/index.js'
npm warn tar TAR_ENTRY_ERROR ENOENT: no such file or directory, open '/home/kavia/workspace/code-generation/tictacplus-persistent-fullstack-tic-tac-toe-61826-a614edb6/tic_tac_toe_frontend/node_modules/eslint/lib/rules/callback-return.js'
npm warn tar TAR_ENTRY_ERROR ENOENT: no such file or directory, open '/home/kavia/workspace/code-generation/tictacplus-persistent-fullstack-tic-tac-toe-61826-a614edb6/tic_tac_toe_frontend/node_modules/cssstyle/lib/constants.js'
npm warn tar TAR_ENTRY_ERROR ENOENT: no such file or directory, open '/home/kavia/workspace/code-generation/tictacplus-persistent-fullstack-tic-tac-toe-61826-a614edb6/tic_tac_toe_frontend/node_modules/@jest/reporters/build/SummaryReporter.js'
npm warn tar TAR_ENTRY_ERROR ENOENT: no such file or directory, open '/home/kavia/workspace/code-generation/tictacplus-persistent-fullstack-tic-tac-toe-61826-a614edb6/tic_tac_toe_frontend/node_modules/@babel/preset-env/data/unreleased-labels.js'
npm warn tar TAR_ENTRY_ERROR ENOENT: no such file or directory, open '/home/kavia/workspace/code-generation/tictacplus-persistent-fullstack-tic-tac-toe-61826-a614edb6/tic_tac_toe_frontend/node_modules/@babel/plugin-transform-block-scoping/lib/loop.js'
npm warn tar TAR_ENTRY_ERROR ENOENT: no such file or directory, open '/home/kavia/workspace/code-generation/tictacplus-persistent-fullstack-tic-tac-toe-61826-a614edb6/tic_tac_toe_frontend/node_modules/webpack-dev-server/types/bin/webpack-dev-server.d.ts'
npm warn tar TAR_ENTRY_ERROR ENOENT: no such file or directory, open '/home/kavia/workspace/code-generation/tictacplus-persistent-fullstack-tic-tac-toe-61826-a614edb6/tic_tac_toe_frontend/node_modules/tailwindcss/src/util/createPlugin.js'
npm warn deprecated svgo@1.3.2: This SVGO version is no longer supported. Upgrade to v2.x.x.
npm warn tar TAR_ENTRY_ERROR ENOENT: no such file or directory, lstat '/home/kavia/workspace/code-generation/tictacplus-persistent-fullstack-tic-tac-toe-61826-a614edb6/tic_tac_toe_frontend/node_modules/sucrase/dist/esm/parser'
npm warn tar TAR_ENTRY_ERROR ENOENT: no such file or directory, lstat '/home/kavia/workspace/code-generation/tictacplus-persistent-fullstack-tic-tac-toe-61826-a614edb6/tic_tac_toe_frontend/node_modules/webpack/lib/config'
npm warn tar TAR_ENTRY_ERROR ENOENT: no such file or directory, open '/home/kavia/workspace/code-generation/tictacplus-persistent-fullstack-tic-tac-toe-61826-a614edb6/tic_tac_toe_frontend/node_modules/fast-glob/out/providers/filters/entry.d.ts'
npm warn tar TAR_ENTRY_ERROR ENOENT: no such file or directory, open '/home/kavia/workspace/code-generation/tictacplus-persistent-fullstack-tic-tac-toe-61826-a614edb6/tic_tac_toe_frontend/node_modules/eslint-plugin-react/lib/rules/jsx-closing-bracket-location.js'
npm warn tar TAR_ENTRY_ERROR ENOENT: no such file or directory, open '/home/kavia/workspace/code-generation/tictacplus-persistent-fullstack-tic-tac-toe-61826-a614edb6/tic_tac_toe_frontend/node_modules/cssstyle/lib/properties/cssFloat.js'
npm warn tar TAR_ENTRY_ERROR ENOENT: no such file or directory, open '/home/kavia/workspace/code-generation/tictacplus-persistent-fullstack-tic-tac-toe-61826-a614edb6/tic_tac_toe_frontend/node_modules/clean-css/lib/reader/extract-import-url-and-media.js'
npm warn tar TAR_ENTRY_ERROR ENOENT: no such file or directory, open '/home/kavia/workspace/code-generation/tictacplus-persistent-fullstack-tic-tac-toe-61826-a614edb6/tic_tac_toe_frontend/node_modules/@typescript-eslint/utils/dist/eslint-utils/index.js'
npm warn tar TAR_ENTRY_ERROR ENOENT: no such file or directory, open '/home/kavia/workspace/code-generation/tictacplus-persistent-fullstack-tic-tac-toe-61826-a614edb6/tic_tac_toe_frontend/node_modules/@jest/reporters/build/types.js'
npm warn tar TAR_ENTRY_ERROR ENOENT: no such file or directory, open '/home/kavia/workspace/code-generation/tictacplus-persistent-fullstack-tic-tac-toe-61826-a614edb6/tic_tac_toe_frontend/node_modules/@babel/plugin-transform-modules-commonjs/lib/lazy.js'
npm warn tar TAR_ENTRY_ERROR ENOENT: no such file or directory, open '/home/kavia/workspace/code-generation/tictacplus-persistent-fullstack-tic-tac-toe-61826-a614edb6/tic_tac_toe_frontend/node_modules/webpack-dev-server/types/lib/servers/WebsocketServer.d.ts'
npm warn tar TAR_ENTRY_ERROR ENOENT: no such file or directory, open '/home/kavia/workspace/code-generation/tictacplus-persistent-fullstack-tic-tac-toe-61826-a614edb6/tic_tac_toe_frontend/node_modules/terser/lib/compress/drop-unused.js'
npm warn tar TAR_ENTRY_ERROR ENOENT: no such file or directory, open '/home/kavia/workspace/code-generation/tictacplus-persistent-fullstack-tic-tac-toe-61826-a614edb6/tic_tac_toe_frontend/node_modules/tailwindcss/lib/util/createUtilityPlugin.js'
npm warn tar TAR_ENTRY_ERROR ENOENT: no such file or directory, open '/home/kavia/workspace/code-generation/tictacplus-persistent-fullstack-tic-tac-toe-61826-a614edb6/tic_tac_toe_frontend/node_modules/fast-glob/out/providers/transformers/entry.d.ts'
npm warn tar TAR_ENTRY_ERROR ENOENT: no such file or directory, open '/home/kavia/workspace/code-generation/tictacplus-persistent-fullstack-tic-tac-toe-61826-a614edb6/tic_tac_toe_frontend/node_modules/eslint-plugin-react/lib/rules/jsx-closing-tag-location.js'
npm warn tar TAR_ENTRY_ERROR ENOENT: no such file or directory, open '/home/kavia/workspace/code-generation/tictacplus-persistent-fullstack-tic-tac-toe-61826-a614edb6/tic_tac_toe_frontend/node_modules/eslint-plugin-import/lib/index.js'
npm warn tar TAR_ENTRY_ERROR ENOENT: no such file or directory, open '/home/kavia/workspace/code-generation/tictacplus-persistent-fullstack-tic-tac-toe-61826-a614edb6/tic_tac_toe_frontend/node_modules/eslint/lib/rules/camelcase.js'
npm warn tar TAR_ENTRY_ERROR ENOENT: no such file or directory, open '/home/kavia/workspace/code-generation/tictacplus-persistent-fullstack-tic-tac-toe-61826-a614edb6/tic_tac_toe_frontend/node_modules/cssstyle/lib/CSSStyleDeclaration.js'
npm warn tar TAR_ENTRY_ERROR ENOENT: no such file or directory, lstat '/home/kavia/workspace/code-generation/tictacplus-persistent-fullstack-tic-tac-toe-61826-a614edb6/tic_tac_toe_frontend/node_modules/clean-css/lib/optimizer/level-2'
npm warn tar TAR_ENTRY_ERROR ENOENT: no such file or directory, open '/home/kavia/workspace/code-generation/tictacplus-persistent-fullstack-tic-tac-toe-61826-a614edb6/tic_tac_toe_frontend/node_modules/@jest/reporters/build/utils.js'
npm warn tar TAR_ENTRY_ERROR ENOENT: no such file or directory, open '/home/kavia/workspace/code-generation/tictacplus-persistent-fullstack-tic-tac-toe-61826-a614edb6/tic_tac_toe_frontend/node_modules/@babel/plugin-transform-modules-commonjs/lib/lazy.js.map'
npm warn tar TAR_ENTRY_ERROR ENOENT: no such file or directory, open '/home/kavia/workspace/code-generation/tictacplus-persistent-fullstack-tic-tac-toe-61826-a614edb6/tic_tac_toe_frontend/node_modules/@babel/plugin-transform-block-scoping/lib/loop.js.map'
npm warn tar TAR_ENTRY_ERROR ENOENT: no such file or directory, open '/home/kavia/workspace/code-generation/tictacplus-persistent-fullstack-tic-tac-toe-61826-a614edb6/tic_tac_toe_frontend/node_modules/tailwindcss/src/util/createUtilityPlugin.js'
npm warn tar TAR_ENTRY_ERROR ENOENT: no such file or directory, lstat '/home/kavia/workspace/code-generation/tictacplus-persistent-fullstack-tic-tac-toe-61826-a614edb6/tic_tac_toe_frontend/node_modules/sucrase/dist/esm/parser'
npm warn tar TAR_ENTRY_ERROR ENOENT: no such file or directory, open '/home/kavia/workspace/code-generation/tictacplus-persistent-fullstack-tic-tac-toe-61826-a614edb6/tic_tac_toe_frontend/node_modules/webpack/lib/buildChunkGraph.js'
npm warn tar TAR_ENTRY_ERROR ENOENT: no such file or directory, open '/home/kavia/workspace/code-generation/tictacplus-persistent-fullstack-tic-tac-toe-61826-a614edb6/tic_tac_toe_frontend/node_modules/fast-glob/out/utils/errno.d.ts'
npm warn tar TAR_ENTRY_ERROR ENOENT: no such file or directory, open '/home/kavia/workspace/code-generation/tictacplus-persistent-fullstack-tic-tac-toe-61826-a614edb6/tic_tac_toe_frontend/node_modules/eslint/lib/rules/capitalized-comments.js'
npm warn tar TAR_ENTRY_ERROR ENOENT: no such file or directory, open '/home/kavia/workspace/code-generation/tictacplus-persistent-fullstack-tic-tac-toe-61826-a614edb6/tic_tac_toe_frontend/node_modules/cssstyle/lib/CSSStyleDeclaration.test.js'
npm warn tar TAR_ENTRY_ERROR ENOENT: no such file or directory, open '/home/kavia/workspace/code-generation/tictacplus-persistent-fullstack-tic-tac-toe-61826-a614edb6/tic_tac_toe_frontend/node_modules/terser/lib/equivalent-to.js'
npm warn tar TAR_ENTRY_ERROR ENOENT: no such file or directory, open '/home/kavia/workspace/code-generation/tictacplus-persistent-fullstack-tic-tac-toe-61826-a614edb6/tic_tac_toe_frontend/node_modules/tailwindcss/lib/util/dataTypes.js'
npm warn tar TAR_ENTRY_ERROR ENOENT: no such file or directory, open '/home/kavia/workspace/code-generation/tictacplus-persistent-fullstack-tic-tac-toe-61826-a614edb6/tic_tac_toe_frontend/node_modules/fast-glob/out/providers/filters/error.d.ts'
npm warn tar TAR_ENTRY_ERROR ENOENT: no such file or directory, open '/home/kavia/workspace/code-generation/tictacplus-persistent-fullstack-tic-tac-toe-61826-a614edb6/tic_tac_toe_frontend/node_modules/eslint-plugin-react/lib/rules/jsx-curly-brace-presence.js'
npm warn tar TAR_ENTRY_ERROR ENOENT: no such file or directory, open '/home/kavia/workspace/code-generation/tictacplus-persistent-fullstack-tic-tac-toe-61826-a614edb6/tic_tac_toe_frontend/node_modules/eslint-plugin-import/memo-parser/index.js'
npm warn tar TAR_ENTRY_ERROR ENOENT: no such file or directory, lstat '/home/kavia/workspace/code-generation/tictacplus-persistent-fullstack-tic-tac-toe-61826-a614edb6/tic_tac_toe_frontend/node_modules/eslint/lib/cli-engine'
npm warn tar TAR_ENTRY_ERROR ENOENT: no such file or directory, lstat '/home/kavia/workspace/code-generation/tictacplus-persistent-fullstack-tic-tac-toe-61826-a614edb6/tic_tac_toe_frontend/node_modules/clean-css/lib/options'
npm warn tar TAR_ENTRY_ERROR ENOENT: no such file or directory, open '/home/kavia/workspace/code-generation/tictacplus-persistent-fullstack-tic-tac-toe-61826-a614edb6/tic_tac_toe_frontend/node_modules/@jest/reporters/build/VerboseReporter.js'
npm warn tar TAR_ENTRY_ERROR ENOENT: no such file or directory, open '/home/kavia/workspace/code-generation/tictacplus-persistent-fullstack-tic-tac-toe-61826-a614edb6/tic_tac_toe_frontend/node_modules/@babel/plugin-transform-block-scoping/lib/validation.js'
npm warn tar TAR_ENTRY_ERROR ENOENT: no such file or directory, lstat '/home/kavia/workspace/code-generation/tictacplus-persistent-fullstack-tic-tac-toe-61826-a614edb6/tic_tac_toe_frontend/node_modules/sucrase/dist/esm/parser'
npm warn tar TAR_ENTRY_ERROR ENOENT: no such file or directory, lstat '/home/kavia/workspace/code-generation/tictacplus-persistent-fullstack-tic-tac-toe-61826-a614edb6/tic_tac_toe_frontend/node_modules/webpack/lib/errors'
npm warn tar TAR_ENTRY_ERROR ENOENT: no such file or directory, open '/home/kavia/workspace/code-generation/tictacplus-persistent-fullstack-tic-tac-toe-61826-a614edb6/tic_tac_toe_frontend/node_modules/fast-glob/out/utils/fs.d.ts'
npm warn tar TAR_ENTRY_ERROR ENOENT: no such file or directory, open '/home/kavia/workspace/code-generation/tictacplus-persistent-fullstack-tic-tac-toe-61826-a614edb6/tic_tac_toe_frontend/node_modules/eslint-plugin-import/lib/rules/max-dependencies.js'
npm warn tar TAR_ENTRY_ERROR ENOENT: no such file or directory, open '/home/kavia/workspace/code-generation/tictacplus-persistent-fullstack-tic-tac-toe-61826-a614edb6/tic_tac_toe_frontend/node_modules/cssstyle/lib/properties/flex.js'
npm warn tar TAR_ENTRY_ERROR ENOENT: no such file or directory, open '/home/kavia/workspace/code-generation/tictacplus-persistent-fullstack-tic-tac-toe-61826-a614edb6/tic_tac_toe_frontend/node_modules/@babel/plugin-transform-block-scoping/lib/validation.js.map'
npm warn tar TAR_ENTRY_ERROR ENOENT: no such file or directory, open '/home/kavia/workspace/code-generation/tictacplus-persistent-fullstack-tic-tac-toe-61826-a614edb6/tic_tac_toe_frontend/node_modules/terser/lib/compress/evaluate.js'
npm warn tar TAR_ENTRY_ERROR ENOENT: no such file or directory, open '/home/kavia/workspace/code-generation/tictacplus-persistent-fullstack-tic-tac-toe-61826-a614edb6/tic_tac_toe_frontend/node_modules/tailwindcss/src/util/dataTypes.js'
npm warn tar TAR_ENTRY_ERROR ENOENT: no such file or directory, open '/home/kavia/workspace/code-generation/tictacplus-persistent-fullstack-tic-tac-toe-61826-a614edb6/tic_tac_toe_frontend/node_modules/eslint-plugin-react/lib/rules/jsx-curly-newline.js'
npm warn tar TAR_ENTRY_ERROR ENOENT: no such file or directory, open '/home/kavia/workspace/code-generation/tictacplus-persistent-fullstack-tic-tac-toe-61826-a614edb6/tic_tac_toe_frontend/node_modules/eslint/lib/rules/class-methods-use-this.js'
npm warn tar TAR_ENTRY_ERROR ENOENT: no such file or directory, open '/home/kavia/workspace/code-generation/tictacplus-persistent-fullstack-tic-tac-toe-61826-a614edb6/tic_tac_toe_frontend/node_modules/es-iterator-helpers/Iterator.prototype.filter/implementation.js'
npm warn tar TAR_ENTRY_ERROR ENOENT: no such file or directory, open '/home/kavia/workspace/code-generation/tictacplus-persistent-fullstack-tic-tac-toe-61826-a614edb6/tic_tac_toe_frontend/node_modules/clean-css/lib/optimizer/level-1/property-optimizers/filter.js'
npm warn tar TAR_ENTRY_ERROR ENOENT: no such file or directory, open '/home/kavia/workspace/code-generation/tictacplus-persistent-fullstack-tic-tac-toe-61826-a614edb6/tic_tac_toe_frontend/node_modules/@typescript-eslint/utils/dist/ts-eslint-scope/index.js'
npm warn deprecated @babel/plugin-proposal-class-properties@7.18.6: This proposal has been merged to the ECMAScript standard and thus this plugin is no longer maintained. Please use @babel/plugin-transform-class-properties instead.
npm warn deprecated @babel/plugin-proposal-nullish-coalescing-operator@7.18.6: This proposal has been merged to the ECMAScript standard and thus this plugin is no longer maintained. Please use @babel/plugin-transform-nullish-coalescing-operator instead.
npm warn deprecated @babel/plugin-proposal-optional-chaining@7.21.0: This proposal has been merged to the ECMAScript standard and thus this plugin is no longer maintained. Please use @babel/plugin-transform-optional-chaining instead.
npm warn deprecated @babel/plugin-proposal-private-methods@7.18.6: This proposal has been merged to the ECMAScript standard and thus this plugin is no longer maintained. Please use @babel/plugin-transform-private-methods instead.
npm warn deprecated @babel/plugin-proposal-numeric-separator@7.18.6: This proposal has been merged to the ECMAScript standard and thus this plugin is no longer maintained. Please use @babel/plugin-transform-numeric-separator instead.
npm warn tar TAR_ENTRY_ERROR ENOENT: no such file or directory, open '/home/kavia/workspace/code-generation/tictacplus-persistent-fullstack-tic-tac-toe-61826-a614edb6/tic_tac_toe_frontend/node_modules/tailwindcss/lib/public/default-config.js'
npm warn tar TAR_ENTRY_ERROR ENOENT: no such file or directory, open '/home/kavia/workspace/code-generation/tictacplus-persistent-fullstack-tic-tac-toe-61826-a614edb6/tic_tac_toe_frontend/node_modules/resolve/test/resolver/incorrect_main/index.js'
npm warn tar TAR_ENTRY_ERROR ENOENT: no such file or directory, open '/home/kavia/workspace/code-generation/tictacplus-persistent-fullstack-tic-tac-toe-61826-a614edb6/tic_tac_toe_frontend/node_modules/sucrase/dist/esm/parser/traverser/index.js'
npm warn tar TAR_ENTRY_ERROR ENOENT: no such file or directory, open '/home/kavia/workspace/code-generation/tictacplus-persistent-fullstack-tic-tac-toe-61826-a614edb6/tic_tac_toe_frontend/node_modules/webpack/lib/Cache.js'
npm warn tar TAR_ENTRY_ERROR ENOENT: no such file or directory, open '/home/kavia/workspace/code-generation/tictacplus-persistent-fullstack-tic-tac-toe-61826-a614edb6/tic_tac_toe_frontend/node_modules/react-dom/cjs/react-dom-server.browser.production.min.js'
npm warn tar TAR_ENTRY_ERROR ENOENT: no such file or directory, open '/home/kavia/workspace/code-generation/tictacplus-persistent-fullstack-tic-tac-toe-61826-a614edb6/tic_tac_toe_frontend/node_modules/fast-glob/out/types/index.d.ts'
npm warn tar TAR_ENTRY_ERROR ENOENT: no such file or directory, open '/home/kavia/workspace/code-generation/tictacplus-persistent-fullstack-tic-tac-toe-61826-a614edb6/tic_tac_toe_frontend/node_modules/eslint-plugin-react/lib/rules/jsx-curly-spacing.js'
npm warn tar TAR_ENTRY_ERROR ENOENT: no such file or directory, open '/home/kavia/workspace/code-generation/tictacplus-persistent-fullstack-tic-tac-toe-61826-a614edb6/tic_tac_toe_frontend/node_modules/eslint-plugin-import/lib/rules/named.js'
npm warn tar TAR_ENTRY_ERROR ENOENT: no such file or directory, open '/home/kavia/workspace/code-generation/tictacplus-persistent-fullstack-tic-tac-toe-61826-a614edb6/tic_tac_toe_frontend/node_modules/es-iterator-helpers/Iterator.prototype.find/implementation.js'
npm warn tar TAR_ENTRY_ERROR ENOENT: no such file or directory, open '/home/kavia/workspace/code-generation/tictacplus-persistent-fullstack-tic-tac-toe-61826-a614edb6/tic_tac_toe_frontend/node_modules/cssstyle/lib/properties/flexBasis.js'
npm warn tar TAR_ENTRY_ERROR ENOENT: no such file or directory, lstat '/home/kavia/workspace/code-generation/tictacplus-persistent-fullstack-tic-tac-toe-61826-a614edb6/tic_tac_toe_frontend/node_modules/clean-css/lib/optimizer/level-2'
npm warn tar TAR_ENTRY_ERROR ENOENT: no such file or directory, open '/home/kavia/workspace/code-generation/tictacplus-persistent-fullstack-tic-tac-toe-61826-a614edb6/tic_tac_toe_frontend/node_modules/@typescript-eslint/utils/dist/ts-eslint/index.js'
npm warn tar TAR_ENTRY_ERROR ENOENT: no such file or directory, open '/home/kavia/workspace/code-generation/tictacplus-persistent-fullstack-tic-tac-toe-61826-a614edb6/tic_tac_toe_frontend/node_modules/@sinclair/typebox/compiler/index.js'
npm warn tar TAR_ENTRY_ERROR ENOENT: no such file or directory, open '/home/kavia/workspace/code-generation/tictacplus-persistent-fullstack-tic-tac-toe-61826-a614edb6/tic_tac_toe_frontend/node_modules/@nodelib/fs.scandir/out/utils/index.d.ts'
npm warn tar TAR_ENTRY_ERROR ENOENT: no such file or directory, open '/home/kavia/workspace/code-generation/tictacplus-persistent-fullstack-tic-tac-toe-61826-a614edb6/tic_tac_toe_frontend/node_modules/@nodelib/fs.walk/out/providers/index.d.ts'
npm warn tar TAR_ENTRY_ERROR ENOENT: no such file or directory, lstat '/home/kavia/workspace/code-generation/tictacplus-persistent-fullstack-tic-tac-toe-61826-a614edb6/tic_tac_toe_frontend/node_modules/terser/lib/utils'
npm warn tar TAR_ENTRY_ERROR ENOENT: no such file or directory, open '/home/kavia/workspace/code-generation/tictacplus-persistent-fullstack-tic-tac-toe-61826-a614edb6/tic_tac_toe_frontend/node_modules/tailwindcss/src/public/default-config.js'
npm warn tar TAR_ENTRY_ERROR ENOENT: no such file or directory, open '/home/kavia/workspace/code-generation/tictacplus-persistent-fullstack-tic-tac-toe-61826-a614edb6/tic_tac_toe_frontend/node_modules/sucrase/dist/index.js'
npm warn tar TAR_ENTRY_ERROR ENOENT: no such file or directory, open '/home/kavia/workspace/code-generation/tictacplus-persistent-fullstack-tic-tac-toe-61826-a614edb6/tic_tac_toe_frontend/node_modules/webpack/lib/dependencies/CachedConstDependency.js'
npm warn tar TAR_ENTRY_ERROR ENOENT: no such file or directory, open '/home/kavia/workspace/code-generation/tictacplus-persistent-fullstack-tic-tac-toe-61826-a614edb6/tic_tac_toe_frontend/node_modules/esquery/dist/esquery.lite.min.js.map'
npm warn tar TAR_ENTRY_ERROR ENOENT: no such file or directory, open '/home/kavia/workspace/code-generation/tictacplus-persistent-fullstack-tic-tac-toe-61826-a614edb6/tic_tac_toe_frontend/node_modules/fork-ts-checker-webpack-plugin/lib/formatter/Formatter.js'
npm warn tar TAR_ENTRY_ERROR ENOENT: no such file or directory, open '/home/kavia/workspace/code-generation/tictacplus-persistent-fullstack-tic-tac-toe-61826-a614edb6/tic_tac_toe_frontend/node_modules/eslint-plugin-jsx-a11y/lib/rules/autocomplete-valid.js'
npm warn tar TAR_ENTRY_ERROR ENOENT: no such file or directory, lstat '/home/kavia/workspace/code-generation/tictacplus-persistent-fullstack-tic-tac-toe-61826-a614edb6/tic_tac_toe_frontend/node_modules/eslint/lib/cli-engine'
npm warn tar TAR_ENTRY_ERROR ENOENT: no such file or directory, open '/home/kavia/workspace/code-generation/tictacplus-persistent-fullstack-tic-tac-toe-61826-a614edb6/tic_tac_toe_frontend/node_modules/es-iterator-helpers/Iterator.prototype.flatMap/implementation.js'
npm warn tar TAR_ENTRY_ERROR ENOENT: no such file or directory, open '/home/kavia/workspace/code-generation/tictacplus-persistent-fullstack-tic-tac-toe-61826-a614edb6/tic_tac_toe_frontend/node_modules/cssstyle/lib/properties/flexGrow.js'
npm warn tar TAR_ENTRY_ERROR ENOENT: no such file or directory, open '/home/kavia/workspace/code-generation/tictacplus-persistent-fullstack-tic-tac-toe-61826-a614edb6/tic_tac_toe_frontend/node_modules/core-js-pure/internals/add-disposable-resource.js'
npm warn tar TAR_ENTRY_ERROR ENOENT: no such file or directory, open '/home/kavia/workspace/code-generation/tictacplus-persistent-fullstack-tic-tac-toe-61826-a614edb6/tic_tac_toe_frontend/node_modules/core-js/internals/add-disposable-resource.js'
npm warn tar TAR_ENTRY_ERROR ENOENT: no such file or directory, open '/home/kavia/workspace/code-generation/tictacplus-persistent-fullstack-tic-tac-toe-61826-a614edb6/tic_tac_toe_frontend/node_modules/@typescript-eslint/utils/dist/eslint-utils/InferTypesFromRule.js'
npm warn tar TAR_ENTRY_ERROR ENOENT: no such file or directory, open '/home/kavia/workspace/code-generation/tictacplus-persistent-fullstack-tic-tac-toe-61826-a614edb6/tic_tac_toe_frontend/node_modules/@jest/core/build/lib/isValidPath.js'
npm warn tar TAR_ENTRY_ERROR ENOENT: no such file or directory, open '/home/kavia/workspace/code-generation/tictacplus-persistent-fullstack-tic-tac-toe-61826-a614edb6/tic_tac_toe_frontend/node_modules/@nodelib/fs.walk/out/types/index.d.ts'
npm warn tar TAR_ENTRY_ERROR ENOENT: no such file or directory, open '/home/kavia/workspace/code-generation/tictacplus-persistent-fullstack-tic-tac-toe-61826-a614edb6/tic_tac_toe_frontend/node_modules/tailwindcss/lib/public/default-theme.js'
npm warn tar TAR_ENTRY_ERROR ENOENT: no such file or directory, lstat '/home/kavia/workspace/code-generation/tictacplus-persistent-fullstack-tic-tac-toe-61826-a614edb6/tic_tac_toe_frontend/node_modules/sucrase/dist/parser'
npm warn tar TAR_ENTRY_ERROR ENOENT: no such file or directory, open '/home/kavia/workspace/code-generation/tictacplus-persistent-fullstack-tic-tac-toe-61826-a614edb6/tic_tac_toe_frontend/node_modules/webpack/lib/CacheFacade.js'
npm warn tar TAR_ENTRY_ERROR ENOENT: no such file or directory, open '/home/kavia/workspace/code-generation/tictacplus-persistent-fullstack-tic-tac-toe-61826-a614edb6/tic_tac_toe_frontend/node_modules/react-dom/umd/react-dom-server.browser.production.min.js'
npm warn tar TAR_ENTRY_ERROR ENOENT: no such file or directory, open '/home/kavia/workspace/code-generation/tictacplus-persistent-fullstack-tic-tac-toe-61826-a614edb6/tic_tac_toe_frontend/node_modules/fast-glob/out/providers/matchers/matcher.d.ts'
npm warn tar TAR_ENTRY_ERROR ENOENT: no such file or directory, open '/home/kavia/workspace/code-generation/tictacplus-persistent-fullstack-tic-tac-toe-61826-a614edb6/tic_tac_toe_frontend/node_modules/fork-ts-checker-webpack-plugin/lib/formatter/FormatterConfiguration.js'
npm warn tar TAR_ENTRY_ERROR ENOENT: no such file or directory, open '/home/kavia/workspace/code-generation/tictacplus-persistent-fullstack-tic-tac-toe-61826-a614edb6/tic_tac_toe_frontend/node_modules/eslint-plugin-react/lib/rules/jsx-equals-spacing.js'
npm warn tar TAR_ENTRY_ERROR ENOENT: no such file or directory, open '/home/kavia/workspace/code-generation/tictacplus-persistent-fullstack-tic-tac-toe-61826-a614edb6/tic_tac_toe_frontend/node_modules/jsdom/lib/jsdom/living/nodes/CDATASection-impl.js'
npm warn tar TAR_ENTRY_ERROR ENOENT: no such file or directory, open '/home/kavia/workspace/code-generation/tictacplus-persistent-fullstack-tic-tac-toe-61826-a614edb6/tic_tac_toe_frontend/node_modules/eslint-plugin-import/lib/exportMap/namespace.js'
npm warn tar TAR_ENTRY_ERROR ENOENT: no such file or directory, open '/home/kavia/workspace/code-generation/tictacplus-persistent-fullstack-tic-tac-toe-61826-a614edb6/tic_tac_toe_frontend/node_modules/es-iterator-helpers/Iterator.prototype.forEach/implementation.js'
npm warn tar TAR_ENTRY_ERROR ENOENT: no such file or directory, open '/home/kavia/workspace/code-generation/tictacplus-persistent-fullstack-tic-tac-toe-61826-a614edb6/tic_tac_toe_frontend/node_modules/cssstyle/lib/properties/flexShrink.js'
npm warn tar TAR_ENTRY_ERROR ENOENT: no such file or directory, open '/home/kavia/workspace/code-generation/tictacplus-persistent-fullstack-tic-tac-toe-61826-a614edb6/tic_tac_toe_frontend/node_modules/core-js-pure/internals/add-to-unscopables.js'
npm warn tar TAR_ENTRY_ERROR ENOENT: no such file or directory, open '/home/kavia/workspace/code-generation/tictacplus-persistent-fullstack-tic-tac-toe-61826-a614edb6/tic_tac_toe_frontend/node_modules/core-js/internals/add-to-unscopables.js'
npm warn tar TAR_ENTRY_ERROR ENOENT: no such file or directory, open '/home/kavia/workspace/code-generation/tictacplus-persistent-fullstack-tic-tac-toe-61826-a614edb6/tic_tac_toe_frontend/node_modules/clean-css/lib/optimizer/level-1/property-optimizers/font-weight.js'
npm warn tar TAR_ENTRY_ERROR ENOENT: no such file or directory, open '/home/kavia/workspace/code-generation/tictacplus-persistent-fullstack-tic-tac-toe-61826-a614edb6/tic_tac_toe_frontend/node_modules/@sinclair/typebox/conditional/index.js'
npm warn tar TAR_ENTRY_ERROR ENOENT: no such file or directory, open '/home/kavia/workspace/code-generation/tictacplus-persistent-fullstack-tic-tac-toe-61826-a614edb6/tic_tac_toe_frontend/node_modules/@nodelib/fs.scandir/out/providers/sync.d.ts'
npm warn tar TAR_ENTRY_ERROR ENOENT: no such file or directory, open '/home/kavia/workspace/code-generation/tictacplus-persistent-fullstack-tic-tac-toe-61826-a614edb6/tic_tac_toe_frontend/node_modules/@nodelib/fs.walk/out/readers/reader.d.ts'
npm warn tar TAR_ENTRY_ERROR ENOENT: no such file or directory, open '/home/kavia/workspace/code-generation/tictacplus-persistent-fullstack-tic-tac-toe-61826-a614edb6/tic_tac_toe_frontend/node_modules/terser/lib/compress/global-defs.js'
npm warn tar TAR_ENTRY_ERROR ENOENT: no such file or directory, open '/home/kavia/workspace/code-generation/tictacplus-persistent-fullstack-tic-tac-toe-61826-a614edb6/tic_tac_toe_frontend/node_modules/tailwindcss/src/public/default-theme.js'
npm warn tar TAR_ENTRY_ERROR ENOENT: no such file or directory, open '/home/kavia/workspace/code-generation/tictacplus-persistent-fullstack-tic-tac-toe-61826-a614edb6/tic_tac_toe_frontend/node_modules/fast-glob/out/providers/matchers/partial.d.ts'
npm warn tar TAR_ENTRY_ERROR ENOENT: no such file or directory, open '/home/kavia/workspace/code-generation/tictacplus-persistent-fullstack-tic-tac-toe-61826-a614edb6/tic_tac_toe_frontend/node_modules/esquery/dist/esquery.min.js.map'
npm warn tar TAR_ENTRY_ERROR ENOENT: no such file or directory, open '/home/kavia/workspace/code-generation/tictacplus-persistent-fullstack-tic-tac-toe-61826-a614edb6/tic_tac_toe_frontend/node_modules/fork-ts-checker-webpack-plugin/lib/formatter/FormatterFactory.js'
npm warn tar TAR_ENTRY_ERROR ENOENT: no such file or directory, open '/home/kavia/workspace/code-generation/tictacplus-persistent-fullstack-tic-tac-toe-61826-a614edb6/tic_tac_toe_frontend/node_modules/eslint-plugin-react/lib/rules/jsx-filename-extension.js'
npm warn tar TAR_ENTRY_ERROR ENOENT: no such file or directory, open '/home/kavia/workspace/code-generation/tictacplus-persistent-fullstack-tic-tac-toe-61826-a614edb6/tic_tac_toe_frontend/node_modules/eslint-plugin-import/lib/rules/namespace.js'
npm warn tar TAR_ENTRY_ERROR ENOENT: no such file or directory, open '/home/kavia/workspace/code-generation/tictacplus-persistent-fullstack-tic-tac-toe-61826-a614edb6/tic_tac_toe_frontend/node_modules/eslint/lib/cli.js'
npm warn tar TAR_ENTRY_ERROR ENOENT: no such file or directory, open '/home/kavia/workspace/code-generation/tictacplus-persistent-fullstack-tic-tac-toe-61826-a614edb6/tic_tac_toe_frontend/node_modules/es-iterator-helpers/Iterator.prototype.map/implementation.js'
npm warn tar TAR_ENTRY_ERROR ENOENT: no such file or directory, open '/home/kavia/workspace/code-generation/tictacplus-persistent-fullstack-tic-tac-toe-61826-a614edb6/tic_tac_toe_frontend/node_modules/core-js-pure/internals/advance-string-index.js'
npm warn tar TAR_ENTRY_ERROR ENOENT: no such file or directory, open '/home/kavia/workspace/code-generation/tictacplus-persistent-fullstack-tic-tac-toe-61826-a614edb6/tic_tac_toe_frontend/node_modules/core-js/internals/advance-string-index.js'
npm warn tar TAR_ENTRY_ERROR ENOENT: no such file or directory, open '/home/kavia/workspace/code-generation/tictacplus-persistent-fullstack-tic-tac-toe-61826-a614edb6/tic_tac_toe_frontend/node_modules/clean-css/lib/utils/format-position.js'
npm warn tar TAR_ENTRY_ERROR ENOENT: no such file or directory, open '/home/kavia/workspace/code-generation/tictacplus-persistent-fullstack-tic-tac-toe-61826-a614edb6/tic_tac_toe_frontend/node_modules/@typescript-eslint/utils/dist/ts-eslint/Linter.js'
npm warn tar TAR_ENTRY_ERROR ENOENT: no such file or directory, open '/home/kavia/workspace/code-generation/tictacplus-persistent-fullstack-tic-tac-toe-61826-a614edb6/tic_tac_toe_frontend/node_modules/terser/lib/compress/index.js'
npm warn tar TAR_ENTRY_ERROR ENOENT: no such file or directory, lstat '/home/kavia/workspace/code-generation/tictacplus-persistent-fullstack-tic-tac-toe-61826-a614edb6/tic_tac_toe_frontend/node_modules/sucrase/dist/parser'
npm warn tar TAR_ENTRY_ERROR ENOENT: no such file or directory, open '/home/kavia/workspace/code-generation/tictacplus-persistent-fullstack-tic-tac-toe-61826-a614edb6/tic_tac_toe_frontend/node_modules/webpack/lib/CaseSensitiveModulesWarning.js'
npm warn tar TAR_ENTRY_ERROR ENOENT: no such file or directory, open '/home/kavia/workspace/code-generation/tictacplus-persistent-fullstack-tic-tac-toe-61826-a614edb6/tic_tac_toe_frontend/node_modules/react-dom/cjs/react-dom-server.node.development.js'
npm warn tar TAR_ENTRY_ERROR ENOENT: no such file or directory, open '/home/kavia/workspace/code-generation/tictacplus-persistent-fullstack-tic-tac-toe-61826-a614edb6/tic_tac_toe_frontend/node_modules/fork-ts-checker-webpack-plugin/lib/formatter/FormatterOptions.js'
npm warn tar TAR_ENTRY_ERROR ENOENT: no such file or directory, open '/home/kavia/workspace/code-generation/tictacplus-persistent-fullstack-tic-tac-toe-61826-a614edb6/tic_tac_toe_frontend/node_modules/eslint-plugin-react/lib/rules/jsx-first-prop-new-line.js'
npm warn tar TAR_ENTRY_ERROR ENOENT: no such file or directory, open '/home/kavia/workspace/code-generation/tictacplus-persistent-fullstack-tic-tac-toe-61826-a614edb6/tic_tac_toe_frontend/node_modules/jsdom/lib/jsdom/living/nodes/CharacterData-impl.js'
npm warn tar TAR_ENTRY_ERROR ENOENT: no such file or directory, open '/home/kavia/workspace/code-generation/tictacplus-persistent-fullstack-tic-tac-toe-61826-a614edb6/tic_tac_toe_frontend/node_modules/es-iterator-helpers/Iterator.prototype.reduce/implementation.js'
npm warn tar TAR_ENTRY_ERROR ENOENT: no such file or directory, lstat '/home/kavia/workspace/code-generation/tictacplus-persistent-fullstack-tic-tac-toe-61826-a614edb6/tic_tac_toe_frontend/node_modules/clean-css/lib/options'
npm warn tar TAR_ENTRY_ERROR ENOENT: no such file or directory, open '/home/kavia/workspace/code-generation/tictacplus-persistent-fullstack-tic-tac-toe-61826-a614edb6/tic_tac_toe_frontend/node_modules/axobject-query/lib/etc/objects/EmbeddedObjectRole.js'
npm warn tar TAR_ENTRY_ERROR ENOENT: no such file or directory, open '/home/kavia/workspace/code-generation/tictacplus-persistent-fullstack-tic-tac-toe-61826-a614edb6/tic_tac_toe_frontend/node_modules/acorn/dist/acorn.d.mts'
npm warn tar TAR_ENTRY_ERROR ENOENT: no such file or directory, open '/home/kavia/workspace/code-generation/tictacplus-persistent-fullstack-tic-tac-toe-61826-a614edb6/tic_tac_toe_frontend/node_modules/@nodelib/fs.walk/out/providers/stream.d.ts'
npm warn tar TAR_ENTRY_ERROR ENOENT: no such file or directory, open '/home/kavia/workspace/code-generation/tictacplus-persistent-fullstack-tic-tac-toe-61826-a614edb6/tic_tac_toe_frontend/node_modules/tailwindcss/lib/lib/defaultExtractor.js'
npm warn tar TAR_ENTRY_ERROR ENOENT: no such file or directory, open '/home/kavia/workspace/code-generation/tictacplus-persistent-fullstack-tic-tac-toe-61826-a614edb6/tic_tac_toe_frontend/node_modules/webpack/lib/util/chainedImports.js'
npm warn tar TAR_ENTRY_ERROR ENOENT: no such file or directory, open '/home/kavia/workspace/code-generation/tictacplus-persistent-fullstack-tic-tac-toe-61826-a614edb6/tic_tac_toe_frontend/node_modules/eslint-plugin-react/lib/rules/jsx-fragments.js'
npm warn tar TAR_ENTRY_ERROR ENOENT: no such file or directory, open '/home/kavia/workspace/code-generation/tictacplus-persistent-fullstack-tic-tac-toe-61826-a614edb6/tic_tac_toe_frontend/node_modules/eslint-plugin-import/lib/rules/newline-after-import.js'
npm warn tar TAR_ENTRY_ERROR ENOENT: no such file or directory, lstat '/home/kavia/workspace/code-generation/tictacplus-persistent-fullstack-tic-tac-toe-61826-a614edb6/tic_tac_toe_frontend/node_modules/eslint/lib/linter/code-path-analysis'
npm warn tar TAR_ENTRY_ERROR ENOENT: no such file or directory, open '/home/kavia/workspace/code-generation/tictacplus-persistent-fullstack-tic-tac-toe-61826-a614edb6/tic_tac_toe_frontend/node_modules/es-iterator-helpers/Iterator.prototype.some/implementation.js'
npm warn tar TAR_ENTRY_ERROR ENOENT: no such file or directory, open '/home/kavia/workspace/code-generation/tictacplus-persistent-fullstack-tic-tac-toe-61826-a614edb6/tic_tac_toe_frontend/node_modules/axobject-query/lib/etc/objects/FeedRole.js'
npm warn tar TAR_ENTRY_ERROR ENOENT: no such file or directory, open '/home/kavia/workspace/code-generation/tictacplus-persistent-fullstack-tic-tac-toe-61826-a614edb6/tic_tac_toe_frontend/node_modules/@typescript-eslint/utils/dist/eslint-utils/nullThrows.js'
npm warn tar TAR_ENTRY_ERROR ENOENT: no such file or directory, open '/home/kavia/workspace/code-generation/tictacplus-persistent-fullstack-tic-tac-toe-61826-a614edb6/tic_tac_toe_frontend/node_modules/@jest/core/build/lib/logDebugMessages.js'
npm warn tar TAR_ENTRY_ERROR ENOENT: no such file or directory, open '/home/kavia/workspace/code-generation/tictacplus-persistent-fullstack-tic-tac-toe-61826-a614edb6/tic_tac_toe_frontend/node_modules/@nodelib/fs.walk/out/providers/sync.d.ts'
npm warn tar TAR_ENTRY_ERROR ENOENT: no such file or directory, lstat '/home/kavia/workspace/code-generation/tictacplus-persistent-fullstack-tic-tac-toe-61826-a614edb6/tic_tac_toe_frontend/node_modules/terser/lib/utils'
npm warn tar TAR_ENTRY_ERROR ENOENT: no such file or directory, open '/home/kavia/workspace/code-generation/tictacplus-persistent-fullstack-tic-tac-toe-61826-a614edb6/tic_tac_toe_frontend/node_modules/tailwindcss/src/lib/defaultExtractor.js'
npm warn tar TAR_ENTRY_ERROR ENOENT: no such file or directory, lstat '/home/kavia/workspace/code-generation/tictacplus-persistent-fullstack-tic-tac-toe-61826-a614edb6/tic_tac_toe_frontend/node_modules/sucrase/dist/parser'
npm warn tar TAR_ENTRY_ERROR ENOENT: no such file or directory, open '/home/kavia/workspace/code-generation/tictacplus-persistent-fullstack-tic-tac-toe-61826-a614edb6/tic_tac_toe_frontend/node_modules/webpack/lib/Chunk.js'
npm warn tar TAR_ENTRY_ERROR ENOENT: no such file or directory, open '/home/kavia/workspace/code-generation/tictacplus-persistent-fullstack-tic-tac-toe-61826-a614edb6/tic_tac_toe_frontend/node_modules/eslint-plugin-react/lib/rules/jsx-handler-names.js'
npm warn tar TAR_ENTRY_ERROR ENOENT: no such file or directory, open '/home/kavia/workspace/code-generation/tictacplus-persistent-fullstack-tic-tac-toe-61826-a614edb6/tic_tac_toe_frontend/node_modules/eslint-plugin-jsx-a11y/lib/util/implicitRoles/body.js'
npm warn tar TAR_ENTRY_ERROR ENOENT: no such file or directory, open '/home/kavia/workspace/code-generation/tictacplus-persistent-fullstack-tic-tac-toe-61826-a614edb6/tic_tac_toe_frontend/node_modules/eslint-plugin-testing-library/configs/react.js'
npm warn tar TAR_ENTRY_ERROR ENOENT: no such file or directory, open '/home/kavia/workspace/code-generation/tictacplus-persistent-fullstack-tic-tac-toe-61826-a614edb6/tic_tac_toe_frontend/node_modules/es-iterator-helpers/Iterator.prototype.take/implementation.js'
npm warn tar TAR_ENTRY_ERROR ENOENT: no such file or directory, lstat '/home/kavia/workspace/code-generation/tictacplus-persistent-fullstack-tic-tac-toe-61826-a614edb6/tic_tac_toe_frontend/node_modules/clean-css/lib/optimizer/level-1'
npm warn tar TAR_ENTRY_ERROR ENOENT: no such file or directory, open '/home/kavia/workspace/code-generation/tictacplus-persistent-fullstack-tic-tac-toe-61826-a614edb6/tic_tac_toe_frontend/node_modules/axobject-query/lib/etc/objects/FigcaptionRole.js'
npm warn tar TAR_ENTRY_ERROR ENOENT: no such file or directory, open '/home/kavia/workspace/code-generation/tictacplus-persistent-fullstack-tic-tac-toe-61826-a614edb6/tic_tac_toe_frontend/node_modules/acorn/dist/acorn.d.ts'
npm warn tar TAR_ENTRY_ERROR ENOENT: no such file or directory, open '/home/kavia/workspace/code-generation/tictacplus-persistent-fullstack-tic-tac-toe-61826-a614edb6/tic_tac_toe_frontend/node_modules/@typescript-eslint/typescript-estree/dist/parseSettings/resolveProjectList.js'
npm warn tar TAR_ENTRY_ERROR ENOENT: no such file or directory, open '/home/kavia/workspace/code-generation/tictacplus-persistent-fullstack-tic-tac-toe-61826-a614edb6/tic_tac_toe_frontend/node_modules/@nodelib/fs.walk/out/readers/sync.d.ts'
npm warn tar TAR_ENTRY_ERROR ENOENT: no such file or directory, open '/home/kavia/workspace/code-generation/tictacplus-persistent-fullstack-tic-tac-toe-61826-a614edb6/tic_tac_toe_frontend/node_modules/eslint-plugin-jsx-a11y/lib/util/implicitRoles/button.js'
npm warn tar TAR_ENTRY_ERROR ENOENT: no such file or directory, open '/home/kavia/workspace/code-generation/tictacplus-persistent-fullstack-tic-tac-toe-61826-a614edb6/tic_tac_toe_frontend/node_modules/eslint-plugin-import/lib/rules/no-absolute-path.js'
npm warn tar TAR_ENTRY_ERROR ENOENT: no such file or directory, lstat '/home/kavia/workspace/code-generation/tictacplus-persistent-fullstack-tic-tac-toe-61826-a614edb6/tic_tac_toe_frontend/node_modules/eslint/lib/linter/code-path-analysis'
npm warn tar TAR_ENTRY_ERROR ENOENT: no such file or directory, open '/home/kavia/workspace/code-generation/tictacplus-persistent-fullstack-tic-tac-toe-61826-a614edb6/tic_tac_toe_frontend/node_modules/es-iterator-helpers/Iterator.prototype.toArray/implementation.js'
npm warn tar TAR_ENTRY_ERROR ENOENT: no such file or directory, open '/home/kavia/workspace/code-generation/tictacplus-persistent-fullstack-tic-tac-toe-61826-a614edb6/tic_tac_toe_frontend/node_modules/axobject-query/lib/etc/objects/FigureRole.js'
npm warn tar TAR_ENTRY_ERROR ENOENT: no such file or directory, open '/home/kavia/workspace/code-generation/tictacplus-persistent-fullstack-tic-tac-toe-61826-a614edb6/tic_tac_toe_frontend/node_modules/@typescript-eslint/utils/dist/ts-eslint/ParserOptions.js'
npm warn tar TAR_ENTRY_ERROR ENOENT: no such file or directory, open '/home/kavia/workspace/code-generation/tictacplus-persistent-fullstack-tic-tac-toe-61826-a614edb6/tic_tac_toe_frontend/node_modules/@jest/core/build/plugins/Quit.js'
npm warn tar TAR_ENTRY_ERROR ENOENT: no such file or directory, open '/home/kavia/workspace/code-generation/tictacplus-persistent-fullstack-tic-tac-toe-61826-a614edb6/tic_tac_toe_frontend/node_modules/terser/lib/compress/inference.js'
npm warn tar TAR_ENTRY_ERROR ENOENT: no such file or directory, open '/home/kavia/workspace/code-generation/tictacplus-persistent-fullstack-tic-tac-toe-61826-a614edb6/tic_tac_toe_frontend/node_modules/tailwindcss/lib/util/defaults.js'
npm warn tar TAR_ENTRY_ERROR ENOENT: no such file or directory, open '/home/kavia/workspace/code-generation/tictacplus-persistent-fullstack-tic-tac-toe-61826-a614edb6/tic_tac_toe_frontend/node_modules/regenerate-unicode-properties/Property_of_Strings/Emoji_Keycap_Sequence.js'
npm warn tar TAR_ENTRY_ERROR ENOENT: no such file or directory, open '/home/kavia/workspace/code-generation/tictacplus-persistent-fullstack-tic-tac-toe-61826-a614edb6/tic_tac_toe_frontend/node_modules/sucrase/dist/parser/traverser/index.js'
npm warn tar TAR_ENTRY_ERROR ENOENT: no such file or directory, open '/home/kavia/workspace/code-generation/tictacplus-persistent-fullstack-tic-tac-toe-61826-a614edb6/tic_tac_toe_frontend/node_modules/webpack/lib/ChunkGraph.js'
npm warn tar TAR_ENTRY_ERROR ENOENT: no such file or directory, open '/home/kavia/workspace/code-generation/tictacplus-persistent-fullstack-tic-tac-toe-61826-a614edb6/tic_tac_toe_frontend/node_modules/react-dom/cjs/react-dom-server.node.production.min.js'
npm warn tar TAR_ENTRY_ERROR ENOENT: no such file or directory, open '/home/kavia/workspace/code-generation/tictacplus-persistent-fullstack-tic-tac-toe-61826-a614edb6/tic_tac_toe_frontend/node_modules/eslint-plugin-react/lib/rules/jsx-indent-props.js'
npm warn tar TAR_ENTRY_ERROR ENOENT: no such file or directory, open '/home/kavia/workspace/code-generation/tictacplus-persistent-fullstack-tic-tac-toe-61826-a614edb6/tic_tac_toe_frontend/node_modules/eslint-plugin-jsx-a11y/__tests__/src/rules/click-events-have-key-events-test.js'
npm warn tar TAR_ENTRY_ERROR ENOENT: no such file or directory, open '/home/kavia/workspace/code-generation/tictacplus-persistent-fullstack-tic-tac-toe-61826-a614edb6/tic_tac_toe_frontend/node_modules/eslint-plugin-testing-library/utils/types.js'
npm warn tar TAR_ENTRY_ERROR ENOENT: no such file or directory, open '/home/kavia/workspace/code-generation/tictacplus-persistent-fullstack-tic-tac-toe-61826-a614edb6/tic_tac_toe_frontend/node_modules/jsdom/lib/jsdom/living/nodes/ChildNode-impl.js'
npm warn tar TAR_ENTRY_ERROR ENOENT: no such file or directory, open '/home/kavia/workspace/code-generation/tictacplus-persistent-fullstack-tic-tac-toe-61826-a614edb6/tic_tac_toe_frontend/node_modules/es-abstract/2015/AbstractEqualityComparison.js'
npm warn tar TAR_ENTRY_ERROR ENOENT: no such file or directory, open '/home/kavia/workspace/code-generation/tictacplus-persistent-fullstack-tic-tac-toe-61826-a614edb6/tic_tac_toe_frontend/node_modules/es-iterator-helpers/Iterator.prototype/implementation.js'
npm warn tar TAR_ENTRY_ERROR ENOENT: no such file or directory, open '/home/kavia/workspace/code-generation/tictacplus-persistent-fullstack-tic-tac-toe-61826-a614edb6/tic_tac_toe_frontend/node_modules/css-tree/lib/utils/createCustomError.js'
npm warn tar TAR_ENTRY_ERROR ENOENT: no such file or directory, open '/home/kavia/workspace/code-generation/tictacplus-persistent-fullstack-tic-tac-toe-61826-a614edb6/tic_tac_toe_frontend/node_modules/clean-css/lib/optimizer/hack.js'
npm warn tar TAR_ENTRY_ERROR ENOENT: no such file or directory, open '/home/kavia/workspace/code-generation/tictacplus-persistent-fullstack-tic-tac-toe-61826-a614edb6/tic_tac_toe_frontend/node_modules/axobject-query/lib/etc/objects/FooterRole.js'
npm warn tar TAR_ENTRY_ERROR ENOENT: no such file or directory, open '/home/kavia/workspace/code-generation/tictacplus-persistent-fullstack-tic-tac-toe-61826-a614edb6/tic_tac_toe_frontend/node_modules/@typescript-eslint/utils/dist/ast-utils/eslint-utils/PatternMatcher.js'
npm warn tar TAR_ENTRY_ERROR ENOENT: no such file or directory, open '/home/kavia/workspace/code-generation/tictacplus-persistent-fullstack-tic-tac-toe-61826-a614edb6/tic_tac_toe_frontend/node_modules/@rushstack/eslint-patch/lib/eslint-bulk-suppressions/cli/utils/wrap-words-to-lines.js'
npm warn tar TAR_ENTRY_ERROR ENOENT: no such file or directory, open '/home/kavia/workspace/code-generation/tictacplus-persistent-fullstack-tic-tac-toe-61826-a614edb6/tic_tac_toe_frontend/node_modules/tailwindcss/src/util/defaults.js'
npm warn tar TAR_ENTRY_ERROR ENOENT: no such file or directory, open '/home/kavia/workspace/code-generation/tictacplus-persistent-fullstack-tic-tac-toe-61826-a614edb6/tic_tac_toe_frontend/node_modules/fork-ts-checker-webpack-plugin/lib/watch/InclusiveNodeWatchFileSystem.js'
npm warn tar TAR_ENTRY_ERROR ENOENT: no such file or directory, open '/home/kavia/workspace/code-generation/tictacplus-persistent-fullstack-tic-tac-toe-61826-a614edb6/tic_tac_toe_frontend/node_modules/eslint-plugin-jsx-a11y/lib/rules/click-events-have-key-events.js'
npm warn tar TAR_ENTRY_ERROR ENOENT: no such file or directory, open '/home/kavia/workspace/code-generation/tictacplus-persistent-fullstack-tic-tac-toe-61826-a614edb6/tic_tac_toe_frontend/node_modules/eslint-plugin-testing-library/configs/vue.js'
npm warn tar TAR_ENTRY_ERROR ENOENT: no such file or directory, open '/home/kavia/workspace/code-generation/tictacplus-persistent-fullstack-tic-tac-toe-61826-a614edb6/tic_tac_toe_frontend/node_modules/eslint-plugin-import/lib/rules/no-amd.js'
npm warn tar TAR_ENTRY_ERROR ENOENT: no such file or directory, lstat '/home/kavia/workspace/code-generation/tictacplus-persistent-fullstack-tic-tac-toe-61826-a614edb6/tic_tac_toe_frontend/node_modules/eslint/lib/linter/code-path-analysis'
npm warn tar TAR_ENTRY_ERROR ENOENT: no such file or directory, open '/home/kavia/workspace/code-generation/tictacplus-persistent-fullstack-tic-tac-toe-61826-a614edb6/tic_tac_toe_frontend/node_modules/es-iterator-helpers/Iterator.zip/implementation.js'
npm warn tar TAR_ENTRY_ERROR ENOENT: no such file or directory, lstat '/home/kavia/workspace/code-generation/tictacplus-persistent-fullstack-tic-tac-toe-61826-a614edb6/tic_tac_toe_frontend/node_modules/clean-css/lib/optimizer/level-2'
npm warn tar TAR_ENTRY_ERROR ENOENT: no such file or directory, open '/home/kavia/workspace/code-generation/tictacplus-persistent-fullstack-tic-tac-toe-61826-a614edb6/tic_tac_toe_frontend/node_modules/axobject-query/lib/etc/objects/FormRole.js'
npm warn tar TAR_ENTRY_ERROR ENOENT: no such file or directory, open '/home/kavia/workspace/code-generation/tictacplus-persistent-fullstack-tic-tac-toe-61826-a614edb6/tic_tac_toe_frontend/node_modules/@typescript-eslint/typescript-estree/dist/create-program/shared.js'
npm warn tar TAR_ENTRY_ERROR ENOENT: no such file or directory, open '/home/kavia/workspace/code-generation/tictacplus-persistent-fullstack-tic-tac-toe-61826-a614edb6/tic_tac_toe_frontend/node_modules/@sinclair/typebox/conditional/structural.js'
npm warn tar TAR_ENTRY_ERROR ENOENT: no such file or directory, open '/home/kavia/workspace/code-generation/tictacplus-persistent-fullstack-tic-tac-toe-61826-a614edb6/tic_tac_toe_frontend/node_modules/terser/lib/compress/inline.js'
npm warn tar TAR_ENTRY_ERROR ENOENT: no such file or directory, open '/home/kavia/workspace/code-generation/tictacplus-persistent-fullstack-tic-tac-toe-61826-a614edb6/tic_tac_toe_frontend/node_modules/renderkid/lib/renderKid/styles/rule/declarationBlock/Width.js'
npm warn tar TAR_ENTRY_ERROR ENOENT: no such file or directory, open '/home/kavia/workspace/code-generation/tictacplus-persistent-fullstack-tic-tac-toe-61826-a614edb6/tic_tac_toe_frontend/node_modules/react-dom/cjs/react-dom-test-utils.development.js'
npm warn tar TAR_ENTRY_ERROR ENOENT: no such file or directory, open '/home/kavia/workspace/code-generation/tictacplus-persistent-fullstack-tic-tac-toe-61826-a614edb6/tic_tac_toe_frontend/node_modules/fork-ts-checker-webpack-plugin/lib/formatter/index.js'
npm warn tar TAR_ENTRY_ERROR ENOENT: no such file or directory, open '/home/kavia/workspace/code-generation/tictacplus-persistent-fullstack-tic-tac-toe-61826-a614edb6/tic_tac_toe_frontend/node_modules/eslint-plugin-react/lib/rules/jsx-indent.js'
npm warn tar TAR_ENTRY_ERROR ENOENT: no such file or directory, open '/home/kavia/workspace/code-generation/tictacplus-persistent-fullstack-tic-tac-toe-61826-a614edb6/tic_tac_toe_frontend/node_modules/eslint-plugin-jsx-a11y/__tests__/src/rules/control-has-associated-label-test.js'
npm warn tar TAR_ENTRY_ERROR ENOENT: no such file or directory, open '/home/kavia/workspace/code-generation/tictacplus-persistent-fullstack-tic-tac-toe-61826-a614edb6/tic_tac_toe_frontend/node_modules/eslint-plugin-import/lib/rules/no-anonymous-default-export.js'
npm warn tar TAR_ENTRY_ERROR ENOENT: no such file or directory, open '/home/kavia/workspace/code-generation/tictacplus-persistent-fullstack-tic-tac-toe-61826-a614edb6/tic_tac_toe_frontend/node_modules/es-iterator-helpers/Iterator.zipKeyed/implementation.js'
npm warn tar TAR_ENTRY_ERROR ENOENT: no such file or directory, open '/home/kavia/workspace/code-generation/tictacplus-persistent-fullstack-tic-tac-toe-61826-a614edb6/tic_tac_toe_frontend/node_modules/axobject-query/lib/etc/objects/GridRole.js'
npm warn tar TAR_ENTRY_ERROR ENOENT: no such file or directory, open '/home/kavia/workspace/code-generation/tictacplus-persistent-fullstack-tic-tac-toe-61826-a614edb6/tic_tac_toe_frontend/node_modules/@typescript-eslint/utils/dist/ast-utils/eslint-utils/predicates.js'
npm warn tar TAR_ENTRY_ERROR ENOENT: no such file or directory, open '/home/kavia/workspace/code-generation/tictacplus-persistent-fullstack-tic-tac-toe-61826-a614edb6/tic_tac_toe_frontend/node_modules/@webassemblyjs/ast/esm/node-helpers.js'
npm warn tar TAR_ENTRY_ERROR ENOENT: no such file or directory, lstat '/home/kavia/workspace/code-generation/tictacplus-persistent-fullstack-tic-tac-toe-61826-a614edb6/tic_tac_toe_frontend/node_modules/tailwindcss/lib/cli'
npm warn tar TAR_ENTRY_ERROR ENOENT: no such file or directory, lstat '/home/kavia/workspace/code-generation/tictacplus-persistent-fullstack-tic-tac-toe-61826-a614edb6/tic_tac_toe_frontend/node_modules/eslint/lib/linter/code-path-analysis'
npm warn tar TAR_ENTRY_ERROR ENOENT: no such file or directory, open '/home/kavia/workspace/code-generation/tictacplus-persistent-fullstack-tic-tac-toe-61826-a614edb6/tic_tac_toe_frontend/node_modules/es-iterator-helpers/Iterator/implementation.js'
npm warn tar TAR_ENTRY_ERROR ENOENT: no such file or directory, open '/home/kavia/workspace/code-generation/tictacplus-persistent-fullstack-tic-tac-toe-61826-a614edb6/tic_tac_toe_frontend/node_modules/clean-css/lib/utils/has-protocol.js'
npm warn tar TAR_ENTRY_ERROR ENOENT: no such file or directory, open '/home/kavia/workspace/code-generation/tictacplus-persistent-fullstack-tic-tac-toe-61826-a614edb6/tic_tac_toe_frontend/node_modules/axobject-query/lib/etc/objects/GroupRole.js'
npm warn tar TAR_ENTRY_ERROR ENOENT: no such file or directory, open '/home/kavia/workspace/code-generation/tictacplus-persistent-fullstack-tic-tac-toe-61826-a614edb6/tic_tac_toe_frontend/node_modules/@typescript-eslint/eslint-plugin/dist/util/createRule.js'
npm warn tar TAR_ENTRY_ERROR ENOENT: no such file or directory, open '/home/kavia/workspace/code-generation/tictacplus-persistent-fullstack-tic-tac-toe-61826-a614edb6/tic_tac_toe_frontend/node_modules/@typescript-eslint/types/dist/index.d.ts'
npm warn tar TAR_ENTRY_ERROR ENOENT: no such file or directory, open '/home/kavia/workspace/code-generation/tictacplus-persistent-fullstack-tic-tac-toe-61826-a614edb6/tic_tac_toe_frontend/node_modules/@typescript-eslint/typescript-estree/dist/ts-estree/ts-nodes.js'
npm warn tar TAR_ENTRY_ERROR ENOENT: no such file or directory, open '/home/kavia/workspace/code-generation/tictacplus-persistent-fullstack-tic-tac-toe-61826-a614edb6/tic_tac_toe_frontend/node_modules/react-dom/umd/react-dom-test-utils.development.js'
npm warn tar TAR_ENTRY_ERROR ENOENT: no such file or directory, open '/home/kavia/workspace/code-generation/tictacplus-persistent-fullstack-tic-tac-toe-61826-a614edb6/tic_tac_toe_frontend/node_modules/eslint-plugin-react/lib/rules/jsx-key.js'
npm warn tar TAR_ENTRY_ERROR ENOENT: no such file or directory, open '/home/kavia/workspace/code-generation/tictacplus-persistent-fullstack-tic-tac-toe-61826-a614edb6/tic_tac_toe_frontend/node_modules/eslint-plugin-jsx-a11y/lib/rules/control-has-associated-label.js'
npm warn tar TAR_ENTRY_ERROR ENOENT: no such file or directory, open '/home/kavia/workspace/code-generation/tictacplus-persistent-fullstack-tic-tac-toe-61826-a614edb6/tic_tac_toe_frontend/node_modules/eslint-plugin-import/lib/rules/no-commonjs.js'
npm warn tar TAR_ENTRY_ERROR ENOENT: no such file or directory, lstat '/home/kavia/workspace/code-generation/tictacplus-persistent-fullstack-tic-tac-toe-61826-a614edb6/tic_tac_toe_frontend/node_modules/clean-css/lib/optimizer/level-2'
npm warn tar TAR_ENTRY_ERROR ENOENT: no such file or directory, open '/home/kavia/workspace/code-generation/tictacplus-persistent-fullstack-tic-tac-toe-61826-a614edb6/tic_tac_toe_frontend/node_modules/axobject-query/lib/etc/objects/HeadingRole.js'
npm warn tar TAR_ENTRY_ERROR ENOENT: no such file or directory, open '/home/kavia/workspace/code-generation/tictacplus-persistent-fullstack-tic-tac-toe-61826-a614edb6/tic_tac_toe_frontend/node_modules/@webassemblyjs/ast/esm/node-path.js'
npm warn tar TAR_ENTRY_ERROR ENOENT: no such file or directory, open '/home/kavia/workspace/code-generation/tictacplus-persistent-fullstack-tic-tac-toe-61826-a614edb6/tic_tac_toe_frontend/node_modules/@typescript-eslint/typescript-estree/dist/create-program/useProvidedPrograms.js'
npm warn tar TAR_ENTRY_ERROR ENOENT: no such file or directory, open '/home/kavia/workspace/code-generation/tictacplus-persistent-fullstack-tic-tac-toe-61826-a614edb6/tic_tac_toe_frontend/node_modules/terser/lib/minify.js'
npm warn tar TAR_ENTRY_ERROR ENOENT: no such file or directory, lstat '/home/kavia/workspace/code-generation/tictacplus-persistent-fullstack-tic-tac-toe-61826-a614edb6/tic_tac_toe_frontend/node_modules/tailwindcss/src/cli'
npm warn tar TAR_ENTRY_ERROR ENOENT: no such file or directory, open '/home/kavia/workspace/code-generation/tictacplus-persistent-fullstack-tic-tac-toe-61826-a614edb6/tic_tac_toe_frontend/node_modules/regenerate-unicode-properties/General_Category/Enclosing_Mark.js'
npm warn tar TAR_ENTRY_ERROR ENOENT: no such file or directory, open '/home/kavia/workspace/code-generation/tictacplus-persistent-fullstack-tic-tac-toe-61826-a614edb6/tic_tac_toe_frontend/node_modules/webpack/lib/javascript/ChunkHelpers.js'
npm warn tar TAR_ENTRY_ERROR ENOENT: no such file or directory, open '/home/kavia/workspace/code-generation/tictacplus-persistent-fullstack-tic-tac-toe-61826-a614edb6/tic_tac_toe_frontend/node_modules/eslint-plugin-react/lib/rules/jsx-max-depth.js'
npm warn tar TAR_ENTRY_ERROR ENOENT: no such file or directory, open '/home/kavia/workspace/code-generation/tictacplus-persistent-fullstack-tic-tac-toe-61826-a614edb6/tic_tac_toe_frontend/node_modules/eslint-plugin-jsx-a11y/lib/util/implicitRoles/datalist.js'
npm warn tar TAR_ENTRY_ERROR ENOENT: no such file or directory, open '/home/kavia/workspace/code-generation/tictacplus-persistent-fullstack-tic-tac-toe-61826-a614edb6/tic_tac_toe_frontend/node_modules/axobject-query/lib/etc/objects/IframePresentationalRole.js'
npm warn tar TAR_ENTRY_ERROR ENOENT: no such file or directory, lstat '/home/kavia/workspace/code-generation/tictacplus-persistent-fullstack-tic-tac-toe-61826-a614edb6/tic_tac_toe_frontend/node_modules/resolve/test/resolver/same_names/foo'
npm warn tar TAR_ENTRY_ERROR ENOENT: no such file or directory, open '/home/kavia/workspace/code-generation/tictacplus-persistent-fullstack-tic-tac-toe-61826-a614edb6/tic_tac_toe_frontend/node_modules/react-dom/cjs/react-dom-test-utils.production.min.js'
npm warn tar TAR_ENTRY_ERROR ENOENT: no such file or directory, open '/home/kavia/workspace/code-generation/tictacplus-persistent-fullstack-tic-tac-toe-61826-a614edb6/tic_tac_toe_frontend/node_modules/fork-ts-checker-webpack-plugin/lib/reporter/index.js'
npm warn tar TAR_ENTRY_ERROR ENOENT: no such file or directory, open '/home/kavia/workspace/code-generation/tictacplus-persistent-fullstack-tic-tac-toe-61826-a614edb6/tic_tac_toe_frontend/node_modules/eslint-plugin-jsx-a11y/lib/util/implicitRoles/details.js'
npm warn tar TAR_ENTRY_ERROR ENOENT: no such file or directory, open '/home/kavia/workspace/code-generation/tictacplus-persistent-fullstack-tic-tac-toe-61826-a614edb6/tic_tac_toe_frontend/node_modules/eslint-plugin-import/lib/rules/no-cycle.js'
npm warn tar TAR_ENTRY_ERROR ENOENT: no such file or directory, lstat '/home/kavia/workspace/code-generation/tictacplus-persistent-fullstack-tic-tac-toe-61826-a614edb6/tic_tac_toe_frontend/node_modules/clean-css/lib/optimizer/level-2'
npm warn tar TAR_ENTRY_ERROR ENOENT: no such file or directory, open '/home/kavia/workspace/code-generation/tictacplus-persistent-fullstack-tic-tac-toe-61826-a614edb6/tic_tac_toe_frontend/node_modules/axobject-query/lib/etc/objects/IframeRole.js'
npm warn tar TAR_ENTRY_ERROR ENOENT: no such file or directory, open '/home/kavia/workspace/code-generation/tictacplus-persistent-fullstack-tic-tac-toe-61826-a614edb6/tic_tac_toe_frontend/node_modules/@typescript-eslint/utils/dist/ast-utils/eslint-utils/ReferenceTracker.js'
npm warn tar TAR_ENTRY_ERROR ENOENT: no such file or directory, open '/home/kavia/workspace/code-generation/tictacplus-persistent-fullstack-tic-tac-toe-61826-a614edb6/tic_tac_toe_frontend/node_modules/@typescript-eslint/typescript-estree/dist/parseSettings/warnAboutTSVersion.js'
npm warn tar TAR_ENTRY_ERROR ENOENT: no such file or directory, open '/home/kavia/workspace/code-generation/tictacplus-persistent-fullstack-tic-tac-toe-61826-a614edb6/tic_tac_toe_frontend/node_modules/terser/lib/mozilla-ast.js'
npm warn tar TAR_ENTRY_ERROR ENOENT: no such file or directory, open '/home/kavia/workspace/code-generation/tictacplus-persistent-fullstack-tic-tac-toe-61826-a614edb6/tic_tac_toe_frontend/node_modules/tailwindcss/lib/util/escapeClassName.js'
npm warn tar TAR_ENTRY_ERROR ENOENT: no such file or directory, open '/home/kavia/workspace/code-generation/tictacplus-persistent-fullstack-tic-tac-toe-61826-a614edb6/tic_tac_toe_frontend/node_modules/sucrase/dist/esm/util/isAsyncOperation.js'
npm warn tar TAR_ENTRY_ERROR ENOENT: no such file or directory, open '/home/kavia/workspace/code-generation/tictacplus-persistent-fullstack-tic-tac-toe-61826-a614edb6/tic_tac_toe_frontend/node_modules/jsx-ast-utils/lib/values/expressions/LogicalExpression.js'
npm warn tar TAR_ENTRY_ERROR ENOENT: no such file or directory, open '/home/kavia/workspace/code-generation/tictacplus-persistent-fullstack-tic-tac-toe-61826-a614edb6/tic_tac_toe_frontend/node_modules/fast-glob/out/managers/tasks.d.ts'
npm warn tar TAR_ENTRY_ERROR ENOENT: no such file or directory, open '/home/kavia/workspace/code-generation/tictacplus-persistent-fullstack-tic-tac-toe-61826-a614edb6/tic_tac_toe_frontend/node_modules/eslint-plugin-react/lib/rules/jsx-max-props-per-line.js'
npm warn tar TAR_ENTRY_ERROR ENOENT: no such file or directory, open '/home/kavia/workspace/code-generation/tictacplus-persistent-fullstack-tic-tac-toe-61826-a614edb6/tic_tac_toe_frontend/node_modules/eslint-plugin-jsx-a11y/lib/util/implicitRoles/dialog.js'
npm warn tar TAR_ENTRY_ERROR ENOENT: no such file or directory, open '/home/kavia/workspace/code-generation/tictacplus-persistent-fullstack-tic-tac-toe-61826-a614edb6/tic_tac_toe_frontend/node_modules/jsdom/lib/jsdom/living/nodes/Comment-impl.js'
npm warn tar TAR_ENTRY_ERROR ENOENT: no such file or directory, open '/home/kavia/workspace/code-generation/tictacplus-persistent-fullstack-tic-tac-toe-61826-a614edb6/tic_tac_toe_frontend/node_modules/axobject-query/lib/etc/objects/IgnoredRole.js'
npm warn tar TAR_ENTRY_ERROR ENOENT: no such file or directory, open '/home/kavia/workspace/code-generation/tictacplus-persistent-fullstack-tic-tac-toe-61826-a614edb6/tic_tac_toe_frontend/node_modules/@webassemblyjs/ast/esm/nodes.js'
npm warn tar TAR_ENTRY_ERROR ENOENT: no such file or directory, open '/home/kavia/workspace/code-generation/tictacplus-persistent-fullstack-tic-tac-toe-61826-a614edb6/tic_tac_toe_frontend/node_modules/@typescript-eslint/typescript-estree/dist/create-program/WatchCompilerHostOfConfigFile.js'
npm warn tar TAR_ENTRY_ERROR ENOENT: no such file or directory, open '/home/kavia/workspace/code-generation/tictacplus-persistent-fullstack-tic-tac-toe-61826-a614edb6/tic_tac_toe_frontend/node_modules/tailwindcss/src/util/escapeClassName.js'
npm warn tar TAR_ENTRY_ERROR ENOENT: no such file or directory, open '/home/kavia/workspace/code-generation/tictacplus-persistent-fullstack-tic-tac-toe-61826-a614edb6/tic_tac_toe_frontend/node_modules/sucrase/dist/util/isAsyncOperation.js'
npm warn tar TAR_ENTRY_ERROR ENOENT: no such file or directory, open '/home/kavia/workspace/code-generation/tictacplus-persistent-fullstack-tic-tac-toe-61826-a614edb6/tic_tac_toe_frontend/node_modules/webpack/lib/runtime/ChunkNameRuntimeModule.js'
npm warn tar TAR_ENTRY_ERROR ENOENT: no such file or directory, open '/home/kavia/workspace/code-generation/tictacplus-persistent-fullstack-tic-tac-toe-61826-a614edb6/tic_tac_toe_frontend/node_modules/react-dom/umd/react-dom-test-utils.production.min.js'
npm warn tar TAR_ENTRY_ERROR ENOENT: no such file or directory, open '/home/kavia/workspace/code-generation/tictacplus-persistent-fullstack-tic-tac-toe-61826-a614edb6/tic_tac_toe_frontend/node_modules/eslint-plugin-react/lib/rules/jsx-newline.js'
npm warn tar TAR_ENTRY_ERROR ENOENT: no such file or directory, open '/home/kavia/workspace/code-generation/tictacplus-persistent-fullstack-tic-tac-toe-61826-a614edb6/tic_tac_toe_frontend/node_modules/eslint-plugin-import/lib/rules/no-default-export.js'
npm warn tar TAR_ENTRY_ERROR ENOENT: no such file or directory, open '/home/kavia/workspace/code-generation/tictacplus-persistent-fullstack-tic-tac-toe-61826-a614edb6/tic_tac_toe_frontend/node_modules/axobject-query/lib/etc/objects/ImageMapLinkRole.js'
npm warn tar TAR_ENTRY_ERROR ENOENT: no such file or directory, open '/home/kavia/workspace/code-generation/tictacplus-persistent-fullstack-tic-tac-toe-61826-a614edb6/tic_tac_toe_frontend/node_modules/terser/lib/compress/native-objects.js'
npm warn tar TAR_ENTRY_ERROR ENOENT: no such file or directory, open '/home/kavia/workspace/code-generation/tictacplus-persistent-fullstack-tic-tac-toe-61826-a614edb6/tic_tac_toe_frontend/node_modules/tailwindcss/lib/util/escapeCommas.js'
npm warn tar TAR_ENTRY_ERROR ENOENT: no such file or directory, open '/home/kavia/workspace/code-generation/tictacplus-persistent-fullstack-tic-tac-toe-61826-a614edb6/tic_tac_toe_frontend/node_modules/sucrase/dist/esm/util/isExportFrom.js'
npm warn tar TAR_ENTRY_ERROR ENOENT: no such file or directory, open '/home/kavia/workspace/code-generation/tictacplus-persistent-fullstack-tic-tac-toe-61826-a614edb6/tic_tac_toe_frontend/node_modules/jsx-ast-utils/lib/values/expressions/MemberExpression.js'
npm warn tar TAR_ENTRY_ERROR ENOENT: no such file or directory, open '/home/kavia/workspace/code-generation/tictacplus-persistent-fullstack-tic-tac-toe-61826-a614edb6/tic_tac_toe_frontend/node_modules/react-dom/cjs/react-dom.development.js'
npm warn tar TAR_ENTRY_ERROR ENOENT: no such file or directory, open '/home/kavia/workspace/code-generation/tictacplus-persistent-fullstack-tic-tac-toe-61826-a614edb6/tic_tac_toe_frontend/node_modules/eslint-plugin-react/lib/rules/jsx-no-bind.js'
npm warn tar TAR_ENTRY_ERROR ENOENT: no such file or directory, open '/home/kavia/workspace/code-generation/tictacplus-persistent-fullstack-tic-tac-toe-61826-a614edb6/tic_tac_toe_frontend/node_modules/axobject-query/lib/etc/objects/ImageMapRole.js'
npm warn tar TAR_ENTRY_ERROR ENOENT: no such file or directory, open '/home/kavia/workspace/code-generation/tictacplus-persistent-fullstack-tic-tac-toe-61826-a614edb6/tic_tac_toe_frontend/node_modules/@webassemblyjs/ast/esm/types/nodes.js'
npm warn tar TAR_ENTRY_ERROR ENOENT: no such file or directory, open '/home/kavia/workspace/code-generation/tictacplus-persistent-fullstack-tic-tac-toe-61826-a614edb6/tic_tac_toe_frontend/node_modules/@jest/core/build/plugins/TestNamePattern.js'
npm warn tar TAR_ENTRY_ERROR ENOENT: no such file or directory, open '/home/kavia/workspace/code-generation/tictacplus-persistent-fullstack-tic-tac-toe-61826-a614edb6/tic_tac_toe_frontend/node_modules/tailwindcss/src/util/escapeCommas.js'
npm warn tar TAR_ENTRY_ERROR ENOENT: no such file or directory, open '/home/kavia/workspace/code-generation/tictacplus-persistent-fullstack-tic-tac-toe-61826-a614edb6/tic_tac_toe_frontend/node_modules/regenerate-unicode-properties/General_Category/Final_Punctuation.js'
npm warn tar TAR_ENTRY_ERROR ENOENT: no such file or directory, open '/home/kavia/workspace/code-generation/tictacplus-persistent-fullstack-tic-tac-toe-61826-a614edb6/tic_tac_toe_frontend/node_modules/sucrase/dist/util/isExportFrom.js'
npm warn tar TAR_ENTRY_ERROR ENOENT: no such file or directory, open '/home/kavia/workspace/code-generation/tictacplus-persistent-fullstack-tic-tac-toe-61826-a614edb6/tic_tac_toe_frontend/node_modules/eslint-plugin-import/lib/rules/no-deprecated.js'
npm warn tar TAR_ENTRY_ERROR ENOENT: no such file or directory, open '/home/kavia/workspace/code-generation/tictacplus-persistent-fullstack-tic-tac-toe-61826-a614edb6/tic_tac_toe_frontend/node_modules/eslint-plugin-flowtype/dist/utilities/quoteName.js'
npm warn tar TAR_ENTRY_ERROR ENOENT: no such file or directory, open '/home/kavia/workspace/code-generation/tictacplus-persistent-fullstack-tic-tac-toe-61826-a614edb6/tic_tac_toe_frontend/node_modules/es-abstract/2015/AbstractRelationalComparison.js'
npm warn tar TAR_ENTRY_ERROR ENOENT: no such file or directory, open '/home/kavia/workspace/code-generation/tictacplus-persistent-fullstack-tic-tac-toe-61826-a614edb6/tic_tac_toe_frontend/node_modules/axobject-query/lib/etc/objects/ImageRole.js'
npm warn tar TAR_ENTRY_ERROR ENOENT: no such file or directory, open '/home/kavia/workspace/code-generation/tictacplus-persistent-fullstack-tic-tac-toe-61826-a614edb6/tic_tac_toe_frontend/node_modules/terser/lib/output.js'
npm warn tar TAR_ENTRY_ERROR ENOENT: no such file or directory, open '/home/kavia/workspace/code-generation/tictacplus-persistent-fullstack-tic-tac-toe-61826-a614edb6/tic_tac_toe_frontend/node_modules/tailwindcss/lib/lib/evaluateTailwindFunctions.js'
npm warn tar TAR_ENTRY_ERROR ENOENT: no such file or directory, open '/home/kavia/workspace/code-generation/tictacplus-persistent-fullstack-tic-tac-toe-61826-a614edb6/tic_tac_toe_frontend/node_modules/regenerate-unicode-properties/General_Category/Format.js'
npm warn tar TAR_ENTRY_ERROR ENOENT: no such file or directory, open '/home/kavia/workspace/code-generation/tictacplus-persistent-fullstack-tic-tac-toe-61826-a614edb6/tic_tac_toe_frontend/node_modules/sucrase/dist/esm/util/isIdentifier.js'
npm warn tar TAR_ENTRY_ERROR ENOENT: no such file or directory, open '/home/kavia/workspace/code-generation/tictacplus-persistent-fullstack-tic-tac-toe-61826-a614edb6/tic_tac_toe_frontend/node_modules/jsx-ast-utils/lib/values/expressions/NewExpression.js'
npm warn tar TAR_ENTRY_ERROR ENOENT: no such file or directory, open '/home/kavia/workspace/code-generation/tictacplus-persistent-fullstack-tic-tac-toe-61826-a614edb6/tic_tac_toe_frontend/node_modules/eslint-plugin-react/lib/rules/jsx-no-comment-textnodes.js'
npm warn tar TAR_ENTRY_ERROR ENOENT: no such file or directory, open '/home/kavia/workspace/code-generation/tictacplus-persistent-fullstack-tic-tac-toe-61826-a614edb6/tic_tac_toe_frontend/node_modules/eslint-plugin-jsx-a11y/lib/util/implicitRoles/form.js'
npm warn tar TAR_ENTRY_ERROR ENOENT: no such file or directory, open '/home/kavia/workspace/code-generation/tictacplus-persistent-fullstack-tic-tac-toe-61826-a614edb6/tic_tac_toe_frontend/node_modules/es-iterator-helpers/Iterator.prototype.filter/index.js'
npm warn tar TAR_ENTRY_ERROR ENOENT: no such file or directory, open '/home/kavia/workspace/code-generation/tictacplus-persistent-fullstack-tic-tac-toe-61826-a614edb6/tic_tac_toe_frontend/node_modules/@jest/core/build/plugins/TestPathPattern.js'
npm warn tar TAR_ENTRY_ERROR ENOENT: no such file or directory, open '/home/kavia/workspace/code-generation/tictacplus-persistent-fullstack-tic-tac-toe-61826-a614edb6/tic_tac_toe_frontend/node_modules/tailwindcss/src/lib/evaluateTailwindFunctions.js'
npm warn tar TAR_ENTRY_ERROR ENOENT: no such file or directory, open '/home/kavia/workspace/code-generation/tictacplus-persistent-fullstack-tic-tac-toe-61826-a614edb6/tic_tac_toe_frontend/node_modules/resolve/lib/is-core.js'
npm warn tar TAR_ENTRY_ERROR ENOENT: no such file or directory, open '/home/kavia/workspace/code-generation/tictacplus-persistent-fullstack-tic-tac-toe-61826-a614edb6/tic_tac_toe_frontend/node_modules/sucrase/dist/util/isIdentifier.js'
npm warn tar TAR_ENTRY_ERROR ENOENT: no such file or directory, open '/home/kavia/workspace/code-generation/tictacplus-persistent-fullstack-tic-tac-toe-61826-a614edb6/tic_tac_toe_frontend/node_modules/eslint-plugin-react/lib/rules/jsx-no-constructed-context-values.js'
npm warn tar TAR_ENTRY_ERROR ENOENT: no such file or directory, open '/home/kavia/workspace/code-generation/tictacplus-persistent-fullstack-tic-tac-toe-61826-a614edb6/tic_tac_toe_frontend/node_modules/eslint-plugin-import/lib/rules/no-duplicates.js'
npm warn tar TAR_ENTRY_ERROR ENOENT: no such file or directory, open '/home/kavia/workspace/code-generation/tictacplus-persistent-fullstack-tic-tac-toe-61826-a614edb6/tic_tac_toe_frontend/node_modules/eslint-plugin-flowtype/dist/rules/typeColonSpacing/reporter.js'
npm warn tar TAR_ENTRY_ERROR ENOENT: no such file or directory, open '/home/kavia/workspace/code-generation/tictacplus-persistent-fullstack-tic-tac-toe-61826-a614edb6/tic_tac_toe_frontend/node_modules/es-iterator-helpers/Iterator.prototype.find/index.js'
npm warn tar TAR_ENTRY_ERROR ENOENT: no such file or directory, open '/home/kavia/workspace/code-generation/tictacplus-persistent-fullstack-tic-tac-toe-61826-a614edb6/tic_tac_toe_frontend/node_modules/axobject-query/lib/etc/objects/InlineTextBoxRole.js'
npm warn tar TAR_ENTRY_ERROR ENOENT: no such file or directory, open '/home/kavia/workspace/code-generation/tictacplus-persistent-fullstack-tic-tac-toe-61826-a614edb6/tic_tac_toe_frontend/node_modules/@typescript-eslint/eslint-plugin/dist/util/escapeRegExp.js'
npm warn tar TAR_ENTRY_ERROR ENOENT: no such file or directory, open '/home/kavia/workspace/code-generation/tictacplus-persistent-fullstack-tic-tac-toe-61826-a614edb6/tic_tac_toe_frontend/node_modules/terser/lib/parse.js'
npm warn tar TAR_ENTRY_ERROR ENOENT: no such file or directory, open '/home/kavia/workspace/code-generation/tictacplus-persistent-fullstack-tic-tac-toe-61826-a614edb6/tic_tac_toe_frontend/node_modules/sucrase/dist/esm/transformers/JestHoistTransformer.js'
npm warn tar TAR_ENTRY_ERROR ENOENT: no such file or directory, open '/home/kavia/workspace/code-generation/tictacplus-persistent-fullstack-tic-tac-toe-61826-a614edb6/tic_tac_toe_frontend/node_modules/jsx-ast-utils/lib/values/expressions/ObjectExpression.js'
npm warn tar TAR_ENTRY_ERROR ENOENT: no such file or directory, open '/home/kavia/workspace/code-generation/tictacplus-persistent-fullstack-tic-tac-toe-61826-a614edb6/tic_tac_toe_frontend/node_modules/eslint-plugin-react/lib/rules/jsx-no-duplicate-props.js'
npm warn tar TAR_ENTRY_ERROR ENOENT: no such file or directory, open '/home/kavia/workspace/code-generation/tictacplus-persistent-fullstack-tic-tac-toe-61826-a614edb6/tic_tac_toe_frontend/node_modules/es-iterator-helpers/Iterator.prototype.flatMap/index.js'
npm warn tar TAR_ENTRY_ERROR ENOENT: no such file or directory, open '/home/kavia/workspace/code-generation/tictacplus-persistent-fullstack-tic-tac-toe-61826-a614edb6/tic_tac_toe_frontend/node_modules/axobject-query/lib/etc/objects/InputTimeRole.js'
npm warn tar TAR_ENTRY_ERROR ENOENT: no such file or directory, open '/home/kavia/workspace/code-generation/tictacplus-persistent-fullstack-tic-tac-toe-61826-a614edb6/tic_tac_toe_frontend/node_modules/@webassemblyjs/ast/lib/types/nodes.js'
npm warn tar TAR_ENTRY_ERROR ENOENT: no such file or directory, open '/home/kavia/workspace/code-generation/tictacplus-persistent-fullstack-tic-tac-toe-61826-a614edb6/tic_tac_toe_frontend/node_modules/@typescript-eslint/eslint-plugin/dist/configs/eslint-recommended.js'
npm warn tar TAR_ENTRY_ERROR ENOENT: no such file or directory, open '/home/kavia/workspace/code-generation/tictacplus-persistent-fullstack-tic-tac-toe-61826-a614edb6/tic_tac_toe_frontend/node_modules/tailwindcss/lib/lib/expandApplyAtRules.js'
npm warn tar TAR_ENTRY_ERROR ENOENT: no such file or directory, open '/home/kavia/workspace/code-generation/tictacplus-persistent-fullstack-tic-tac-toe-61826-a614edb6/tic_tac_toe_frontend/node_modules/eslint-plugin-react/lib/rules/jsx-no-leaked-render.js'
npm warn tar TAR_ENTRY_ERROR ENOENT: no such file or directory, open '/home/kavia/workspace/code-generation/tictacplus-persistent-fullstack-tic-tac-toe-61826-a614edb6/tic_tac_toe_frontend/node_modules/jsdom/lib/jsdom/living/helpers/create-element.js'
npm warn tar TAR_ENTRY_ERROR ENOENT: no such file or directory, open '/home/kavia/workspace/code-generation/tictacplus-persistent-fullstack-tic-tac-toe-61826-a614edb6/tic_tac_toe_frontend/node_modules/eslint-plugin-import/lib/rules/no-dynamic-require.js'
npm warn tar TAR_ENTRY_ERROR ENOENT: no such file or directory, open '/home/kavia/workspace/code-generation/tictacplus-persistent-fullstack-tic-tac-toe-61826-a614edb6/tic_tac_toe_frontend/node_modules/es-iterator-helpers/Iterator.prototype.forEach/index.js'
npm warn tar TAR_ENTRY_ERROR ENOENT: no such file or directory, open '/home/kavia/workspace/code-generation/tictacplus-persistent-fullstack-tic-tac-toe-61826-a614edb6/tic_tac_toe_frontend/node_modules/@webassemblyjs/ast/esm/signatures.js'
npm warn tar TAR_ENTRY_ERROR ENOENT: no such file or directory, open '/home/kavia/workspace/code-generation/tictacplus-persistent-fullstack-tic-tac-toe-61826-a614edb6/tic_tac_toe_frontend/node_modules/sucrase/dist/transformers/JestHoistTransformer.js'
npm warn tar TAR_ENTRY_ERROR ENOENT: no such file or directory, open '/home/kavia/workspace/code-generation/tictacplus-persistent-fullstack-tic-tac-toe-61826-a614edb6/tic_tac_toe_frontend/node_modules/jsx-ast-utils/lib/values/expressions/OptionalCallExpression.js'
npm warn tar TAR_ENTRY_ERROR ENOENT: no such file or directory, open '/home/kavia/workspace/code-generation/tictacplus-persistent-fullstack-tic-tac-toe-61826-a614edb6/tic_tac_toe_frontend/node_modules/eslint-plugin-react/lib/rules/jsx-no-literals.js'
npm warn tar TAR_ENTRY_ERROR ENOENT: no such file or directory, open '/home/kavia/workspace/code-generation/tictacplus-persistent-fullstack-tic-tac-toe-61826-a614edb6/tic_tac_toe_frontend/node_modules/es-iterator-helpers/Iterator.prototype.map/index.js'
npm warn tar TAR_ENTRY_ERROR ENOENT: no such file or directory, open '/home/kavia/workspace/code-generation/tictacplus-persistent-fullstack-tic-tac-toe-61826-a614edb6/tic_tac_toe_frontend/node_modules/tailwindcss/src/lib/expandApplyAtRules.js'
npm warn tar TAR_ENTRY_ERROR ENOENT: no such file or directory, open '/home/kavia/workspace/code-generation/tictacplus-persistent-fullstack-tic-tac-toe-61826-a614edb6/tic_tac_toe_frontend/node_modules/istanbul-reports/lib/html/insertion-text.js'
npm warn tar TAR_ENTRY_ERROR ENOENT: no such file or directory, open '/home/kavia/workspace/code-generation/tictacplus-persistent-fullstack-tic-tac-toe-61826-a614edb6/tic_tac_toe_frontend/node_modules/eslint-plugin-jsx-a11y/__tests__/src/util/getAccessibleChildText-test.js'
npm warn tar TAR_ENTRY_ERROR ENOENT: no such file or directory, open '/home/kavia/workspace/code-generation/tictacplus-persistent-fullstack-tic-tac-toe-61826-a614edb6/tic_tac_toe_frontend/node_modules/jsdom/lib/jsdom/living/helpers/create-event-accessor.js'
npm warn tar TAR_ENTRY_ERROR ENOENT: no such file or directory, open '/home/kavia/workspace/code-generation/tictacplus-persistent-fullstack-tic-tac-toe-61826-a614edb6/tic_tac_toe_frontend/node_modules/eslint-plugin-import/lib/rules/no-empty-named-blocks.js'
npm warn tar TAR_ENTRY_ERROR ENOENT: no such file or directory, open '/home/kavia/workspace/code-generation/tictacplus-persistent-fullstack-tic-tac-toe-61826-a614edb6/tic_tac_toe_frontend/node_modules/es-iterator-helpers/Iterator.prototype.reduce/index.js'
npm warn tar TAR_ENTRY_ERROR ENOENT: no such file or directory, open '/home/kavia/workspace/code-generation/tictacplus-persistent-fullstack-tic-tac-toe-61826-a614edb6/tic_tac_toe_frontend/node_modules/csso/lib/clean/Declaration.js'
npm warn tar TAR_ENTRY_ERROR ENOENT: no such file or directory, open '/home/kavia/workspace/code-generation/tictacplus-persistent-fullstack-tic-tac-toe-61826-a614edb6/tic_tac_toe_frontend/node_modules/@typescript-eslint/utils/dist/ast-utils/eslint-utils/scopeAnalysis.js'
npm warn deprecated @babel/plugin-proposal-private-property-in-object@7.21.11: This proposal has been merged to the ECMAScript standard and thus this plugin is no longer maintained. Please use @babel/plugin-transform-private-property-in-object instead.
npm warn tar TAR_ENTRY_ERROR ENOENT: no such file or directory, open '/home/kavia/workspace/code-generation/tictacplus-persistent-fullstack-tic-tac-toe-61826-a614edb6/tic_tac_toe_frontend/node_modules/jsx-ast-utils/lib/values/expressions/OptionalMemberExpression.js'
npm warn tar TAR_ENTRY_ERROR ENOENT: no such file or directory, open '/home/kavia/workspace/code-generation/tictacplus-persistent-fullstack-tic-tac-toe-61826-a614edb6/tic_tac_toe_frontend/node_modules/istanbul-reports/lib/html/assets/vendor/prettify.js'
npm warn tar TAR_ENTRY_ERROR ENOENT: no such file or directory, open '/home/kavia/workspace/code-generation/tictacplus-persistent-fullstack-tic-tac-toe-61826-a614edb6/tic_tac_toe_frontend/node_modules/eslint-plugin-jsx-a11y/lib/util/getAccessibleChildText.js'
npm warn tar TAR_ENTRY_ERROR ENOENT: no such file or directory, open '/home/kavia/workspace/code-generation/tictacplus-persistent-fullstack-tic-tac-toe-61826-a614edb6/tic_tac_toe_frontend/node_modules/jsdom/lib/jsdom/living/helpers/custom-elements.js'
npm warn tar TAR_ENTRY_ERROR ENOENT: no such file or directory, open '/home/kavia/workspace/code-generation/tictacplus-persistent-fullstack-tic-tac-toe-61826-a614edb6/tic_tac_toe_frontend/node_modules/es-iterator-helpers/Iterator.prototype.some/index.js'
npm warn tar TAR_ENTRY_ERROR ENOENT: no such file or directory, open '/home/kavia/workspace/code-generation/tictacplus-persistent-fullstack-tic-tac-toe-61826-a614edb6/tic_tac_toe_frontend/node_modules/csso/lib/replace/Dimension.js'
npm warn tar TAR_ENTRY_ERROR ENOENT: no such file or directory, open '/home/kavia/workspace/code-generation/tictacplus-persistent-fullstack-tic-tac-toe-61826-a614edb6/tic_tac_toe_frontend/node_modules/axobject-query/lib/etc/objects/LabelRole.js'
npm warn tar TAR_ENTRY_ERROR ENOENT: no such file or directory, open '/home/kavia/workspace/code-generation/tictacplus-persistent-fullstack-tic-tac-toe-61826-a614edb6/tic_tac_toe_frontend/node_modules/@webassemblyjs/ast/esm/traverse.js'
npm warn tar TAR_ENTRY_ERROR ENOENT: no such file or directory, open '/home/kavia/workspace/code-generation/tictacplus-persistent-fullstack-tic-tac-toe-61826-a614edb6/tic_tac_toe_frontend/node_modules/terser/lib/compress/reduce-vars.js'
npm warn tar TAR_ENTRY_ERROR ENOENT: no such file or directory, open '/home/kavia/workspace/code-generation/tictacplus-persistent-fullstack-tic-tac-toe-61826-a614edb6/tic_tac_toe_frontend/node_modules/tailwindcss/lib/lib/expandTailwindAtRules.js'
npm warn tar TAR_ENTRY_ERROR ENOENT: no such file or directory, open '/home/kavia/workspace/code-generation/tictacplus-persistent-fullstack-tic-tac-toe-61826-a614edb6/tic_tac_toe_frontend/node_modules/sucrase/dist/esm/transformers/JSXTransformer.js'
npm warn tar TAR_ENTRY_ERROR ENOENT: no such file or directory, open '/home/kavia/workspace/code-generation/tictacplus-persistent-fullstack-tic-tac-toe-61826-a614edb6/tic_tac_toe_frontend/node_modules/eslint-plugin-jsx-a11y/__tests__/src/util/getComputedRole-test.js'
npm warn tar TAR_ENTRY_ERROR ENOENT: no such file or directory, open '/home/kavia/workspace/code-generation/tictacplus-persistent-fullstack-tic-tac-toe-61826-a614edb6/tic_tac_toe_frontend/node_modules/eslint-plugin-import/lib/rules/no-extraneous-dependencies.js'
npm warn tar TAR_ENTRY_ERROR ENOENT: no such file or directory, open '/home/kavia/workspace/code-generation/tictacplus-persistent-fullstack-tic-tac-toe-61826-a614edb6/tic_tac_toe_frontend/node_modules/es-iterator-helpers/Iterator.prototype.take/index.js'
npm warn tar TAR_ENTRY_ERROR ENOENT: no such file or directory, open '/home/kavia/workspace/code-generation/tictacplus-persistent-fullstack-tic-tac-toe-61826-a614edb6/tic_tac_toe_frontend/node_modules/csso/lib/replace/property/font-weight.js'
npm warn tar TAR_ENTRY_ERROR ENOENT: no such file or directory, open '/home/kavia/workspace/code-generation/tictacplus-persistent-fullstack-tic-tac-toe-61826-a614edb6/tic_tac_toe_frontend/node_modules/core-js-pure/internals/an-instance.js'
npm warn tar TAR_ENTRY_ERROR ENOENT: no such file or directory, open '/home/kavia/workspace/code-generation/tictacplus-persistent-fullstack-tic-tac-toe-61826-a614edb6/tic_tac_toe_frontend/node_modules/core-js/internals/an-instance.js'
npm warn tar TAR_ENTRY_ERROR ENOENT: no such file or directory, open '/home/kavia/workspace/code-generation/tictacplus-persistent-fullstack-tic-tac-toe-61826-a614edb6/tic_tac_toe_frontend/node_modules/axobject-query/lib/etc/objects/LegendRole.js'
npm warn tar TAR_ENTRY_ERROR ENOENT: no such file or directory, open '/home/kavia/workspace/code-generation/tictacplus-persistent-fullstack-tic-tac-toe-61826-a614edb6/tic_tac_toe_frontend/node_modules/@webassemblyjs/ast/esm/types/traverse.js'
npm warn tar TAR_ENTRY_ERROR ENOENT: no such file or directory, open '/home/kavia/workspace/code-generation/tictacplus-persistent-fullstack-tic-tac-toe-61826-a614edb6/tic_tac_toe_frontend/node_modules/@sinclair/typebox/compiler/compiler.d.ts'
npm warn tar TAR_ENTRY_ERROR ENOENT: no such file or directory, open '/home/kavia/workspace/code-generation/tictacplus-persistent-fullstack-tic-tac-toe-61826-a614edb6/tic_tac_toe_frontend/node_modules/jsx-ast-utils/__tests__/src/propName-test.js'
npm warn tar TAR_ENTRY_ERROR ENOENT: no such file or directory, open '/home/kavia/workspace/code-generation/tictacplus-persistent-fullstack-tic-tac-toe-61826-a614edb6/tic_tac_toe_frontend/node_modules/node-forge/dist/prime.worker.min.js'
npm warn tar TAR_ENTRY_ERROR ENOENT: no such file or directory, open '/home/kavia/workspace/code-generation/tictacplus-persistent-fullstack-tic-tac-toe-61826-a614edb6/tic_tac_toe_frontend/node_modules/istanbul-reports/lib/html-spa/src/routing.js'
npm warn tar TAR_ENTRY_ERROR ENOENT: no such file or directory, open '/home/kavia/workspace/code-generation/tictacplus-persistent-fullstack-tic-tac-toe-61826-a614edb6/tic_tac_toe_frontend/node_modules/eslint-plugin-jsx-a11y/lib/util/getComputedRole.js'
npm warn tar TAR_ENTRY_ERROR ENOENT: no such file or directory, open '/home/kavia/workspace/code-generation/tictacplus-persistent-fullstack-tic-tac-toe-61826-a614edb6/tic_tac_toe_frontend/node_modules/eslint/lib/linter/config-comment-parser.js'
npm warn tar TAR_ENTRY_ERROR ENOENT: no such file or directory, open '/home/kavia/workspace/code-generation/tictacplus-persistent-fullstack-tic-tac-toe-61826-a614edb6/tic_tac_toe_frontend/node_modules/es-iterator-helpers/Iterator.prototype.toArray/index.js'
npm warn tar TAR_ENTRY_ERROR ENOENT: no such file or directory, open '/home/kavia/workspace/code-generation/tictacplus-persistent-fullstack-tic-tac-toe-61826-a614edb6/tic_tac_toe_frontend/node_modules/csso/lib/replace/property/font.js'
npm warn tar TAR_ENTRY_ERROR ENOENT: no such file or directory, open '/home/kavia/workspace/code-generation/tictacplus-persistent-fullstack-tic-tac-toe-61826-a614edb6/tic_tac_toe_frontend/node_modules/core-js-pure/internals/an-object-or-undefined.js'
npm warn tar TAR_ENTRY_ERROR ENOENT: no such file or directory, open '/home/kavia/workspace/code-generation/tictacplus-persistent-fullstack-tic-tac-toe-61826-a614edb6/tic_tac_toe_frontend/node_modules/core-js/internals/an-object-or-undefined.js'
npm warn tar TAR_ENTRY_ERROR ENOENT: no such file or directory, open '/home/kavia/workspace/code-generation/tictacplus-persistent-fullstack-tic-tac-toe-61826-a614edb6/tic_tac_toe_frontend/node_modules/axobject-query/lib/etc/objects/LineBreakRole.js'
npm warn tar TAR_ENTRY_ERROR ENOENT: no such file or directory, open '/home/kavia/workspace/code-generation/tictacplus-persistent-fullstack-tic-tac-toe-61826-a614edb6/tic_tac_toe_frontend/node_modules/@pmmmwh/react-refresh-webpack-plugin/overlay/components/PageHeader.js'
npm warn tar TAR_ENTRY_ERROR ENOENT: no such file or directory, open '/home/kavia/workspace/code-generation/tictacplus-persistent-fullstack-tic-tac-toe-61826-a614edb6/tic_tac_toe_frontend/node_modules/@jest/core/build/lib/updateGlobalConfig.js'
npm warn tar TAR_ENTRY_ERROR ENOENT: no such file or directory, open '/home/kavia/workspace/code-generation/tictacplus-persistent-fullstack-tic-tac-toe-61826-a614edb6/tic_tac_toe_frontend/node_modules/@sinclair/typebox/conditional/conditional.d.ts'
npm warn tar TAR_ENTRY_ERROR ENOENT: no such file or directory, open '/home/kavia/workspace/code-generation/tictacplus-persistent-fullstack-tic-tac-toe-61826-a614edb6/tic_tac_toe_frontend/node_modules/tailwindcss/src/lib/expandTailwindAtRules.js'
npm warn tar TAR_ENTRY_ERROR ENOENT: no such file or directory, open '/home/kavia/workspace/code-generation/tictacplus-persistent-fullstack-tic-tac-toe-61826-a614edb6/tic_tac_toe_frontend/node_modules/resolve/test/precedence/aaa/main.js'
npm warn tar TAR_ENTRY_ERROR ENOENT: no such file or directory, open '/home/kavia/workspace/code-generation/tictacplus-persistent-fullstack-tic-tac-toe-61826-a614edb6/tic_tac_toe_frontend/node_modules/sucrase/dist/transformers/JSXTransformer.js'
npm warn tar TAR_ENTRY_ERROR ENOENT: no such file or directory, open '/home/kavia/workspace/code-generation/tictacplus-persistent-fullstack-tic-tac-toe-61826-a614edb6/tic_tac_toe_frontend/node_modules/istanbul-reports/lib/html/assets/sorter.js'
npm warn tar TAR_ENTRY_ERROR ENOENT: no such file or directory, open '/home/kavia/workspace/code-generation/tictacplus-persistent-fullstack-tic-tac-toe-61826-a614edb6/tic_tac_toe_frontend/node_modules/eslint-plugin-jsx-a11y/__tests__/src/util/getElementType-test.js'
npm warn tar TAR_ENTRY_ERROR ENOENT: no such file or directory, open '/home/kavia/workspace/code-generation/tictacplus-persistent-fullstack-tic-tac-toe-61826-a614edb6/tic_tac_toe_frontend/node_modules/eslint-plugin-import/lib/rules/no-import-module-exports.js'
npm warn tar TAR_ENTRY_ERROR ENOENT: no such file or directory, open '/home/kavia/workspace/code-generation/tictacplus-persistent-fullstack-tic-tac-toe-61826-a614edb6/tic_tac_toe_frontend/node_modules/es-iterator-helpers/Iterator.prototype/index.js'
npm warn tar TAR_ENTRY_ERROR ENOENT: no such file or directory, open '/home/kavia/workspace/code-generation/tictacplus-persistent-fullstack-tic-tac-toe-61826-a614edb6/tic_tac_toe_frontend/node_modules/csso/lib/clean/index.js'
npm warn tar TAR_ENTRY_ERROR ENOENT: no such file or directory, open '/home/kavia/workspace/code-generation/tictacplus-persistent-fullstack-tic-tac-toe-61826-a614edb6/tic_tac_toe_frontend/node_modules/core-js-pure/internals/an-object.js'
npm warn tar TAR_ENTRY_ERROR ENOENT: no such file or directory, open '/home/kavia/workspace/code-generation/tictacplus-persistent-fullstack-tic-tac-toe-61826-a614edb6/tic_tac_toe_frontend/node_modules/core-js/internals/an-object.js'
npm warn tar TAR_ENTRY_ERROR ENOENT: no such file or directory, open '/home/kavia/workspace/code-generation/tictacplus-persistent-fullstack-tic-tac-toe-61826-a614edb6/tic_tac_toe_frontend/node_modules/axobject-query/lib/etc/objects/LinkRole.js'
npm warn tar TAR_ENTRY_ERROR ENOENT: no such file or directory, open '/home/kavia/workspace/code-generation/tictacplus-persistent-fullstack-tic-tac-toe-61826-a614edb6/tic_tac_toe_frontend/node_modules/@pmmmwh/react-refresh-webpack-plugin/client/utils/patchUrl.js'
npm warn tar TAR_ENTRY_ERROR ENOENT: no such file or directory, open '/home/kavia/workspace/code-generation/tictacplus-persistent-fullstack-tic-tac-toe-61826-a614edb6/tic_tac_toe_frontend/node_modules/@jest/core/build/plugins/UpdateSnapshots.js'
npm warn tar TAR_ENTRY_ERROR ENOENT: no such file or directory, lstat '/home/kavia/workspace/code-generation/tictacplus-persistent-fullstack-tic-tac-toe-61826-a614edb6/tic_tac_toe_frontend/node_modules/resolve/test/precedence/bbb'
npm warn tar TAR_ENTRY_ERROR ENOENT: no such file or directory, open '/home/kavia/workspace/code-generation/tictacplus-persistent-fullstack-tic-tac-toe-61826-a614edb6/tic_tac_toe_frontend/node_modules/eslint-plugin-import/lib/rules/no-internal-modules.js'
npm warn tar TAR_ENTRY_ERROR ENOENT: no such file or directory, open '/home/kavia/workspace/code-generation/tictacplus-persistent-fullstack-tic-tac-toe-61826-a614edb6/tic_tac_toe_frontend/node_modules/es-iterator-helpers/Iterator.zip/index.js'
npm warn tar TAR_ENTRY_ERROR ENOENT: no such file or directory, open '/home/kavia/workspace/code-generation/tictacplus-persistent-fullstack-tic-tac-toe-61826-a614edb6/tic_tac_toe_frontend/node_modules/core-js-pure/internals/an-uint8-array.js'
npm warn tar TAR_ENTRY_ERROR ENOENT: no such file or directory, open '/home/kavia/workspace/code-generation/tictacplus-persistent-fullstack-tic-tac-toe-61826-a614edb6/tic_tac_toe_frontend/node_modules/core-js/internals/an-uint8-array.js'
npm warn tar TAR_ENTRY_ERROR ENOENT: no such file or directory, open '/home/kavia/workspace/code-generation/tictacplus-persistent-fullstack-tic-tac-toe-61826-a614edb6/tic_tac_toe_frontend/node_modules/axobject-query/lib/etc/objects/ListBoxOptionRole.js'
npm warn tar TAR_ENTRY_ERROR ENOENT: no such file or directory, open '/home/kavia/workspace/code-generation/tictacplus-persistent-fullstack-tic-tac-toe-61826-a614edb6/tic_tac_toe_frontend/node_modules/@pmmmwh/react-refresh-webpack-plugin/client/ReactRefreshEntry.js'
npm warn tar TAR_ENTRY_ERROR ENOENT: no such file or directory, open '/home/kavia/workspace/code-generation/tictacplus-persistent-fullstack-tic-tac-toe-61826-a614edb6/tic_tac_toe_frontend/node_modules/@jest/core/build/plugins/UpdateSnapshotsInteractive.js'
npm warn tar TAR_ENTRY_ERROR ENOENT: no such file or directory, open '/home/kavia/workspace/code-generation/tictacplus-persistent-fullstack-tic-tac-toe-61826-a614edb6/tic_tac_toe_frontend/node_modules/webpack/lib/util/cleverMerge.js'
npm warn tar TAR_ENTRY_ERROR ENOENT: no such file or directory, open '/home/kavia/workspace/code-generation/tictacplus-persistent-fullstack-tic-tac-toe-61826-a614edb6/tic_tac_toe_frontend/node_modules/istanbul-reports/lib/html-spa/src/summaryHeader.js'
npm warn tar TAR_ENTRY_ERROR ENOENT: no such file or directory, open '/home/kavia/workspace/code-generation/tictacplus-persistent-fullstack-tic-tac-toe-61826-a614edb6/tic_tac_toe_frontend/node_modules/eslint-plugin-jsx-a11y/lib/util/getElementType.js'
npm warn tar TAR_ENTRY_ERROR ENOENT: no such file or directory, open '/home/kavia/workspace/code-generation/tictacplus-persistent-fullstack-tic-tac-toe-61826-a614edb6/tic_tac_toe_frontend/node_modules/es-iterator-helpers/Iterator.zipKeyed/index.js'
npm warn tar TAR_ENTRY_ERROR ENOENT: no such file or directory, open '/home/kavia/workspace/code-generation/tictacplus-persistent-fullstack-tic-tac-toe-61826-a614edb6/tic_tac_toe_frontend/node_modules/csso/lib/replace/index.js'
npm warn tar TAR_ENTRY_ERROR ENOENT: no such file or directory, open '/home/kavia/workspace/code-generation/tictacplus-persistent-fullstack-tic-tac-toe-61826-a614edb6/tic_tac_toe_frontend/node_modules/axobject-query/lib/etc/objects/ListBoxRole.js'
npm warn tar TAR_ENTRY_ERROR ENOENT: no such file or directory, open '/home/kavia/workspace/code-generation/tictacplus-persistent-fullstack-tic-tac-toe-61826-a614edb6/tic_tac_toe_frontend/node_modules/@webassemblyjs/ast/lib/types/traverse.js'
npm warn tar TAR_ENTRY_ERROR ENOENT: no such file or directory, open '/home/kavia/workspace/code-generation/tictacplus-persistent-fullstack-tic-tac-toe-61826-a614edb6/tic_tac_toe_frontend/node_modules/tailwindcss/lib/lib/findAtConfigPath.js'
npm warn tar TAR_ENTRY_ERROR ENOENT: no such file or directory, open '/home/kavia/workspace/code-generation/tictacplus-persistent-fullstack-tic-tac-toe-61826-a614edb6/tic_tac_toe_frontend/node_modules/jsx-ast-utils/lib/values/expressions/SequenceExpression.js'
npm warn tar TAR_ENTRY_ERROR ENOENT: no such file or directory, open '/home/kavia/workspace/code-generation/tictacplus-persistent-fullstack-tic-tac-toe-61826-a614edb6/tic_tac_toe_frontend/node_modules/istanbul-reports/lib/html-spa/src/summaryTableHeader.js'
npm warn tar TAR_ENTRY_ERROR ENOENT: no such file or directory, open '/home/kavia/workspace/code-generation/tictacplus-persistent-fullstack-tic-tac-toe-61826-a614edb6/tic_tac_toe_frontend/node_modules/eslint-plugin-import/lib/rules/no-mutable-exports.js'
npm warn tar TAR_ENTRY_ERROR ENOENT: no such file or directory, open '/home/kavia/workspace/code-generation/tictacplus-persistent-fullstack-tic-tac-toe-61826-a614edb6/tic_tac_toe_frontend/node_modules/es-iterator-helpers/Iterator/index.js'
npm warn tar TAR_ENTRY_ERROR ENOENT: no such file or directory, open '/home/kavia/workspace/code-generation/tictacplus-persistent-fullstack-tic-tac-toe-61826-a614edb6/tic_tac_toe_frontend/node_modules/clean-css/lib/utils/is-data-uri-resource.js'
npm warn tar TAR_ENTRY_ERROR ENOENT: no such file or directory, open '/home/kavia/workspace/code-generation/tictacplus-persistent-fullstack-tic-tac-toe-61826-a614edb6/tic_tac_toe_frontend/node_modules/axobject-query/lib/etc/objects/ListItemRole.js'
npm warn tar TAR_ENTRY_ERROR ENOENT: no such file or directory, open '/home/kavia/workspace/code-generation/tictacplus-persistent-fullstack-tic-tac-toe-61826-a614edb6/tic_tac_toe_frontend/node_modules/@webassemblyjs/ast/scripts/util.js'
npm warn tar TAR_ENTRY_ERROR ENOENT: no such file or directory, open '/home/kavia/workspace/code-generation/tictacplus-persistent-fullstack-tic-tac-toe-61826-a614edb6/tic_tac_toe_frontend/node_modules/@typescript-eslint/eslint-plugin/dist/util/explicitReturnTypeUtils.js'
npm warn tar TAR_ENTRY_ERROR ENOENT: no such file or directory, open '/home/kavia/workspace/code-generation/tictacplus-persistent-fullstack-tic-tac-toe-61826-a614edb6/tic_tac_toe_frontend/node_modules/tailwindcss/src/lib/findAtConfigPath.js'
npm warn tar TAR_ENTRY_ERROR ENOENT: no such file or directory, open '/home/kavia/workspace/code-generation/tictacplus-persistent-fullstack-tic-tac-toe-61826-a614edb6/tic_tac_toe_frontend/node_modules/istanbul-reports/lib/html-spa/src/summaryTableLine.js'
npm warn tar TAR_ENTRY_ERROR ENOENT: no such file or directory, open '/home/kavia/workspace/code-generation/tictacplus-persistent-fullstack-tic-tac-toe-61826-a614edb6/tic_tac_toe_frontend/node_modules/clean-css/lib/utils/is-http-resource.js'
npm warn tar TAR_ENTRY_ERROR ENOENT: no such file or directory, open '/home/kavia/workspace/code-generation/tictacplus-persistent-fullstack-tic-tac-toe-61826-a614edb6/tic_tac_toe_frontend/node_modules/axobject-query/lib/etc/objects/ListMarkerRole.js'
npm warn tar TAR_ENTRY_ERROR ENOENT: no such file or directory, open '/home/kavia/workspace/code-generation/tictacplus-persistent-fullstack-tic-tac-toe-61826-a614edb6/tic_tac_toe_frontend/node_modules/@webassemblyjs/ast/esm/utils.js'
npm warn tar TAR_ENTRY_ERROR ENOENT: no such file or directory, open '/home/kavia/workspace/code-generation/tictacplus-persistent-fullstack-tic-tac-toe-61826-a614edb6/tic_tac_toe_frontend/node_modules/tailwindcss/lib/util/flattenColorPalette.js'
npm warn tar TAR_ENTRY_ERROR ENOENT: no such file or directory, open '/home/kavia/workspace/code-generation/tictacplus-persistent-fullstack-tic-tac-toe-61826-a614edb6/tic_tac_toe_frontend/node_modules/jsx-ast-utils/lib/values/expressions/SpreadElement.js'
npm warn tar TAR_ENTRY_ERROR ENOENT: no such file or directory, open '/home/kavia/workspace/code-generation/tictacplus-persistent-fullstack-tic-tac-toe-61826-a614edb6/tic_tac_toe_frontend/node_modules/react-dom/umd/react-dom.development.js'
npm warn tar TAR_ENTRY_ERROR ENOENT: no such file or directory, open '/home/kavia/workspace/code-generation/tictacplus-persistent-fullstack-tic-tac-toe-61826-a614edb6/tic_tac_toe_frontend/node_modules/istanbul-reports/lib/html-spa/webpack.config.js'
npm warn tar TAR_ENTRY_ERROR ENOENT: no such file or directory, open '/home/kavia/workspace/code-generation/tictacplus-persistent-fullstack-tic-tac-toe-61826-a614edb6/tic_tac_toe_frontend/node_modules/eslint-plugin-import/lib/rules/no-named-as-default-member.js'
npm warn tar TAR_ENTRY_ERROR ENOENT: no such file or directory, open '/home/kavia/workspace/code-generation/tictacplus-persistent-fullstack-tic-tac-toe-61826-a614edb6/tic_tac_toe_frontend/node_modules/clean-css/lib/utils/is-https-resource.js'
npm warn tar TAR_ENTRY_ERROR ENOENT: no such file or directory, open '/home/kavia/workspace/code-generation/tictacplus-persistent-fullstack-tic-tac-toe-61826-a614edb6/tic_tac_toe_frontend/node_modules/axobject-query/lib/etc/objects/ListRole.js'
npm warn tar TAR_ENTRY_ERROR ENOENT: no such file or directory, open '/home/kavia/workspace/code-generation/tictacplus-persistent-fullstack-tic-tac-toe-61826-a614edb6/tic_tac_toe_frontend/node_modules/tailwindcss/src/util/flattenColorPalette.js'
npm warn tar TAR_ENTRY_ERROR ENOENT: no such file or directory, lstat '/home/kavia/workspace/code-generation/tictacplus-persistent-fullstack-tic-tac-toe-61826-a614edb6/tic_tac_toe_frontend/node_modules/csso/lib/replace/atrule'
npm warn tar TAR_ENTRY_ERROR ENOENT: no such file or directory, open '/home/kavia/workspace/code-generation/tictacplus-persistent-fullstack-tic-tac-toe-61826-a614edb6/tic_tac_toe_frontend/node_modules/clean-css/lib/utils/is-import.js'
npm warn tar TAR_ENTRY_ERROR ENOENT: no such file or directory, open '/home/kavia/workspace/code-generation/tictacplus-persistent-fullstack-tic-tac-toe-61826-a614edb6/tic_tac_toe_frontend/node_modules/axobject-query/lib/etc/objects/LogRole.js'
npm warn tar TAR_ENTRY_ERROR ENOENT: no such file or directory, open '/home/kavia/workspace/code-generation/tictacplus-persistent-fullstack-tic-tac-toe-61826-a614edb6/tic_tac_toe_frontend/node_modules/@jest/core/build/lib/watchPluginsHelpers.js'
npm warn tar TAR_ENTRY_ERROR ENOENT: no such file or directory, open '/home/kavia/workspace/code-generation/tictacplus-persistent-fullstack-tic-tac-toe-61826-a614edb6/tic_tac_toe_frontend/node_modules/@pmmmwh/react-refresh-webpack-plugin/client/utils/retry.js'
npm warn tar TAR_ENTRY_ERROR ENOENT: no such file or directory, open '/home/kavia/workspace/code-generation/tictacplus-persistent-fullstack-tic-tac-toe-61826-a614edb6/tic_tac_toe_frontend/node_modules/tailwindcss/lib/util/formatVariantSelector.js'
npm warn tar TAR_ENTRY_ERROR ENOENT: no such file or directory, open '/home/kavia/workspace/code-generation/tictacplus-persistent-fullstack-tic-tac-toe-61826-a614edb6/tic_tac_toe_frontend/node_modules/jsx-ast-utils/lib/values/expressions/TaggedTemplateExpression.js'
npm warn tar TAR_ENTRY_ERROR ENOENT: no such file or directory, open '/home/kavia/workspace/code-generation/tictacplus-persistent-fullstack-tic-tac-toe-61826-a614edb6/tic_tac_toe_frontend/node_modules/eslint-plugin-jsx-a11y/__tests__/src/util/getExplicitRole-test.js'
npm warn tar TAR_ENTRY_ERROR ENOENT: no such file or directory, open '/home/kavia/workspace/code-generation/tictacplus-persistent-fullstack-tic-tac-toe-61826-a614edb6/tic_tac_toe_frontend/node_modules/eslint-plugin-import/lib/rules/no-named-as-default.js'
npm warn tar TAR_ENTRY_ERROR ENOENT: no such file or directory, open '/home/kavia/workspace/code-generation/tictacplus-persistent-fullstack-tic-tac-toe-61826-a614edb6/tic_tac_toe_frontend/node_modules/axobject-query/lib/etc/objects/MainRole.js'
npm warn tar TAR_ENTRY_ERROR ENOENT: no such file or directory, open '/home/kavia/workspace/code-generation/tictacplus-persistent-fullstack-tic-tac-toe-61826-a614edb6/tic_tac_toe_frontend/node_modules/@pmmmwh/react-refresh-webpack-plugin/overlay/containers/RuntimeErrorContainer.js'
npm warn tar TAR_ENTRY_ERROR ENOENT: no such file or directory, open '/home/kavia/workspace/code-generation/tictacplus-persistent-fullstack-tic-tac-toe-61826-a614edb6/tic_tac_toe_frontend/node_modules/eslint-plugin-jsx-a11y/lib/util/getExplicitRole.js'
npm warn tar TAR_ENTRY_ERROR ENOENT: no such file or directory, open '/home/kavia/workspace/code-generation/tictacplus-persistent-fullstack-tic-tac-toe-61826-a614edb6/tic_tac_toe_frontend/node_modules/eslint-plugin-import/lib/rules/no-named-default.js'
npm warn tar TAR_ENTRY_ERROR ENOENT: no such file or directory, open '/home/kavia/workspace/code-generation/tictacplus-persistent-fullstack-tic-tac-toe-61826-a614edb6/tic_tac_toe_frontend/node_modules/csso/lib/replace/Number.js'
npm warn tar TAR_ENTRY_ERROR ENOENT: no such file or directory, open '/home/kavia/workspace/code-generation/tictacplus-persistent-fullstack-tic-tac-toe-61826-a614edb6/tic_tac_toe_frontend/node_modules/axobject-query/lib/etc/objects/MarkRole.js'
npm warn tar TAR_ENTRY_ERROR ENOENT: no such file or directory, open '/home/kavia/workspace/code-generation/tictacplus-persistent-fullstack-tic-tac-toe-61826-a614edb6/tic_tac_toe_frontend/node_modules/@sinclair/typebox/compiler/index.d.ts'
npm warn tar TAR_ENTRY_ERROR ENOENT: no such file or directory, open '/home/kavia/workspace/code-generation/tictacplus-persistent-fullstack-tic-tac-toe-61826-a614edb6/tic_tac_toe_frontend/node_modules/@typescript-eslint/eslint-plugin/dist/util/getESLintCoreRule.js'
npm warn tar TAR_ENTRY_ERROR ENOENT: no such file or directory, open '/home/kavia/workspace/code-generation/tictacplus-persistent-fullstack-tic-tac-toe-61826-a614edb6/tic_tac_toe_frontend/node_modules/@pmmmwh/react-refresh-webpack-plugin/overlay/components/RuntimeErrorFooter.js'
npm warn tar TAR_ENTRY_ERROR ENOENT: no such file or directory, open '/home/kavia/workspace/code-generation/tictacplus-persistent-fullstack-tic-tac-toe-61826-a614edb6/tic_tac_toe_frontend/node_modules/terser/lib/compress/tighten-body.js'
npm warn tar TAR_ENTRY_ERROR ENOENT: no such file or directory, open '/home/kavia/workspace/code-generation/tictacplus-persistent-fullstack-tic-tac-toe-61826-a614edb6/tic_tac_toe_frontend/node_modules/tailwindcss/src/util/formatVariantSelector.js'
npm warn tar TAR_ENTRY_ERROR ENOENT: no such file or directory, open '/home/kavia/workspace/code-generation/tictacplus-persistent-fullstack-tic-tac-toe-61826-a614edb6/tic_tac_toe_frontend/node_modules/jsx-ast-utils/lib/values/expressions/TemplateLiteral.js'
npm warn tar TAR_ENTRY_ERROR ENOENT: no such file or directory, open '/home/kavia/workspace/code-generation/tictacplus-persistent-fullstack-tic-tac-toe-61826-a614edb6/tic_tac_toe_frontend/node_modules/eslint-plugin-jsx-a11y/__tests__/src/util/getImplicitRole-test.js'
npm warn tar TAR_ENTRY_ERROR ENOENT: no such file or directory, open '/home/kavia/workspace/code-generation/tictacplus-persistent-fullstack-tic-tac-toe-61826-a614edb6/tic_tac_toe_frontend/node_modules/csso/lib/replace/Percentage.js'
npm warn tar TAR_ENTRY_ERROR ENOENT: no such file or directory, open '/home/kavia/workspace/code-generation/tictacplus-persistent-fullstack-tic-tac-toe-61826-a614edb6/tic_tac_toe_frontend/node_modules/axobject-query/lib/etc/objects/MarqueeRole.js'
npm warn tar TAR_ENTRY_ERROR ENOENT: no such file or directory, open '/home/kavia/workspace/code-generation/tictacplus-persistent-fullstack-tic-tac-toe-61826-a614edb6/tic_tac_toe_frontend/node_modules/@typescript-eslint/typescript-estree/dist/create-program/createDefaultProgram.d.ts.map'
npm warn tar TAR_ENTRY_ERROR ENOENT: no such file or directory, open '/home/kavia/workspace/code-generation/tictacplus-persistent-fullstack-tic-tac-toe-61826-a614edb6/tic_tac_toe_frontend/node_modules/@sinclair/typebox/conditional/index.d.ts'
npm warn tar TAR_ENTRY_ERROR ENOENT: no such file or directory, open '/home/kavia/workspace/code-generation/tictacplus-persistent-fullstack-tic-tac-toe-61826-a614edb6/tic_tac_toe_frontend/node_modules/@typescript-eslint/eslint-plugin/dist/util/getFunctionHeadLoc.js'
npm warn tar TAR_ENTRY_ERROR ENOENT: no such file or directory, open '/home/kavia/workspace/code-generation/tictacplus-persistent-fullstack-tic-tac-toe-61826-a614edb6/tic_tac_toe_frontend/node_modules/@pmmmwh/react-refresh-webpack-plugin/overlay/components/RuntimeErrorHeader.js'
npm warn tar TAR_ENTRY_ERROR ENOENT: no such file or directory, open '/home/kavia/workspace/code-generation/tictacplus-persistent-fullstack-tic-tac-toe-61826-a614edb6/tic_tac_toe_frontend/node_modules/webpack/lib/javascript/CommonJsChunkFormatPlugin.js'
npm warn tar TAR_ENTRY_ERROR ENOENT: no such file or directory, open '/home/kavia/workspace/code-generation/tictacplus-persistent-fullstack-tic-tac-toe-61826-a614edb6/tic_tac_toe_frontend/node_modules/eslint-plugin-jsx-a11y/lib/util/getImplicitRole.js'
npm warn tar TAR_ENTRY_ERROR ENOENT: no such file or directory, open '/home/kavia/workspace/code-generation/tictacplus-persistent-fullstack-tic-tac-toe-61826-a614edb6/tic_tac_toe_frontend/node_modules/eslint-plugin-import/lib/rules/no-named-export.js'
npm warn tar TAR_ENTRY_ERROR ENOENT: no such file or directory, open '/home/kavia/workspace/code-generation/tictacplus-persistent-fullstack-tic-tac-toe-61826-a614edb6/tic_tac_toe_frontend/node_modules/axobject-query/lib/etc/objects/MathRole.js'
npm warn tar TAR_ENTRY_ERROR ENOENT: no such file or directory, open '/home/kavia/workspace/code-generation/tictacplus-persistent-fullstack-tic-tac-toe-61826-a614edb6/tic_tac_toe_frontend/node_modules/@typescript-eslint/typescript-estree/dist/create-program/createDefaultProgram.js.map'
npm warn tar TAR_ENTRY_ERROR ENOENT: no such file or directory, open '/home/kavia/workspace/code-generation/tictacplus-persistent-fullstack-tic-tac-toe-61826-a614edb6/tic_tac_toe_frontend/node_modules/@rushstack/eslint-patch/lib/eslint-bulk-suppressions/cli/utils/get-eslint-cli.d.ts.map'
npm warn tar TAR_ENTRY_ERROR ENOENT: no such file or directory, open '/home/kavia/workspace/code-generation/tictacplus-persistent-fullstack-tic-tac-toe-61826-a614edb6/tic_tac_toe_frontend/node_modules/@typescript-eslint/eslint-plugin/dist/util/getOperatorPrecedence.js'
npm warn tar TAR_ENTRY_ERROR ENOENT: no such file or directory, open '/home/kavia/workspace/code-generation/tictacplus-persistent-fullstack-tic-tac-toe-61826-a614edb6/tic_tac_toe_frontend/node_modules/@pmmmwh/react-refresh-webpack-plugin/overlay/components/RuntimeErrorStack.js'
npm warn tar TAR_ENTRY_ERROR ENOENT: no such file or directory, open '/home/kavia/workspace/code-generation/tictacplus-persistent-fullstack-tic-tac-toe-61826-a614edb6/tic_tac_toe_frontend/node_modules/istanbul-reports/lib/html/assets/favicon.png'
npm warn tar TAR_ENTRY_ERROR ENOENT: no such file or directory, open '/home/kavia/workspace/code-generation/tictacplus-persistent-fullstack-tic-tac-toe-61826-a614edb6/tic_tac_toe_frontend/node_modules/eslint-plugin-jsx-a11y/__tests__/src/util/getSuggestion-test.js'
npm warn tar TAR_ENTRY_ERROR ENOENT: no such file or directory, open '/home/kavia/workspace/code-generation/tictacplus-persistent-fullstack-tic-tac-toe-61826-a614edb6/tic_tac_toe_frontend/node_modules/jsdom/lib/jsdom/living/helpers/dates-and-times.js'
npm warn tar TAR_ENTRY_ERROR ENOENT: no such file or directory, open '/home/kavia/workspace/code-generation/tictacplus-persistent-fullstack-tic-tac-toe-61826-a614edb6/tic_tac_toe_frontend/node_modules/eslint-plugin-import/lib/rules/no-namespace.js'
npm warn tar TAR_ENTRY_ERROR ENOENT: no such file or directory, open '/home/kavia/workspace/code-generation/tictacplus-persistent-fullstack-tic-tac-toe-61826-a614edb6/tic_tac_toe_frontend/node_modules/csso/lib/clean/Raw.js'
npm warn tar TAR_ENTRY_ERROR ENOENT: no such file or directory, open '/home/kavia/workspace/code-generation/tictacplus-persistent-fullstack-tic-tac-toe-61826-a614edb6/tic_tac_toe_frontend/node_modules/clean-css/lib/utils/is-remote-resource.js'
npm warn tar TAR_ENTRY_ERROR ENOENT: no such file or directory, open '/home/kavia/workspace/code-generation/tictacplus-persistent-fullstack-tic-tac-toe-61826-a614edb6/tic_tac_toe_frontend/node_modules/axobject-query/lib/etc/objects/MenuBarRole.js'
npm warn tar TAR_ENTRY_ERROR ENOENT: no such file or directory, open '/home/kavia/workspace/code-generation/tictacplus-persistent-fullstack-tic-tac-toe-61826-a614edb6/tic_tac_toe_frontend/node_modules/@typescript-eslint/typescript-estree/dist/create-program/createIsolatedProgram.d.ts.map'
npm warn tar TAR_ENTRY_ERROR ENOENT: no such file or directory, open '/home/kavia/workspace/code-generation/tictacplus-persistent-fullstack-tic-tac-toe-61826-a614edb6/tic_tac_toe_frontend/node_modules/@rushstack/eslint-patch/lib/eslint-bulk-suppressions/cli/utils/get-eslint-cli.js.map'
npm warn tar TAR_ENTRY_ERROR ENOENT: no such file or directory, open '/home/kavia/workspace/code-generation/tictacplus-persistent-fullstack-tic-tac-toe-61826-a614edb6/tic_tac_toe_frontend/node_modules/@typescript-eslint/eslint-plugin/dist/util/getStringLength.js'
npm warn tar TAR_ENTRY_ERROR ENOENT: no such file or directory, open '/home/kavia/workspace/code-generation/tictacplus-persistent-fullstack-tic-tac-toe-61826-a614edb6/tic_tac_toe_frontend/node_modules/@pmmmwh/react-refresh-webpack-plugin/overlay/components/Spacer.js'
npm warn tar TAR_ENTRY_ERROR ENOENT: no such file or directory, open '/home/kavia/workspace/code-generation/tictacplus-persistent-fullstack-tic-tac-toe-61826-a614edb6/tic_tac_toe_frontend/node_modules/resolve/lib/node-modules-paths.js'
npm warn tar TAR_ENTRY_ERROR ENOENT: no such file or directory, open '/home/kavia/workspace/code-generation/tictacplus-persistent-fullstack-tic-tac-toe-61826-a614edb6/tic_tac_toe_frontend/node_modules/jsx-ast-utils/lib/values/expressions/ThisExpression.js'
npm warn tar TAR_ENTRY_ERROR ENOENT: no such file or directory, open '/home/kavia/workspace/code-generation/tictacplus-persistent-fullstack-tic-tac-toe-61826-a614edb6/tic_tac_toe_frontend/node_modules/jiti/dist/jiti.js'
npm warn tar TAR_ENTRY_ERROR ENOENT: no such file or directory, open '/home/kavia/workspace/code-generation/tictacplus-persistent-fullstack-tic-tac-toe-61826-a614edb6/tic_tac_toe_frontend/node_modules/istanbul-reports/lib/html-spa/assets/sort-arrow-sprite.png'
npm warn tar TAR_ENTRY_ERROR ENOENT: no such file or directory, open '/home/kavia/workspace/code-generation/tictacplus-persistent-fullstack-tic-tac-toe-61826-a614edb6/tic_tac_toe_frontend/node_modules/eslint-plugin-jsx-a11y/lib/util/getSuggestion.js'
npm warn tar TAR_ENTRY_ERROR ENOENT: no such file or directory, open '/home/kavia/workspace/code-generation/tictacplus-persistent-fullstack-tic-tac-toe-61826-a614edb6/tic_tac_toe_frontend/node_modules/csso/lib/clean/Rule.js'
npm warn tar TAR_ENTRY_ERROR ENOENT: no such file or directory, open '/home/kavia/workspace/code-generation/tictacplus-persistent-fullstack-tic-tac-toe-61826-a614edb6/tic_tac_toe_frontend/node_modules/axobject-query/lib/etc/objects/MenuButtonRole.js'
npm warn tar TAR_ENTRY_ERROR ENOENT: no such file or directory, open '/home/kavia/workspace/code-generation/tictacplus-persistent-fullstack-tic-tac-toe-61826-a614edb6/tic_tac_toe_frontend/node_modules/@typescript-eslint/typescript-estree/dist/create-program/createIsolatedProgram.js.map'
npm warn tar TAR_ENTRY_ERROR ENOENT: no such file or directory, open '/home/kavia/workspace/code-generation/tictacplus-persistent-fullstack-tic-tac-toe-61826-a614edb6/tic_tac_toe_frontend/node_modules/rollup/dist/rollup.js'
npm warn tar TAR_ENTRY_ERROR ENOENT: no such file or directory, open '/home/kavia/workspace/code-generation/tictacplus-persistent-fullstack-tic-tac-toe-61826-a614edb6/tic_tac_toe_frontend/node_modules/tailwindcss/lib/lib/generateRules.js'
npm warn tar TAR_ENTRY_ERROR ENOENT: no such file or directory, open '/home/kavia/workspace/code-generation/tictacplus-persistent-fullstack-tic-tac-toe-61826-a614edb6/tic_tac_toe_frontend/node_modules/istanbul-reports/lib/html/assets/sort-arrow-sprite.png'
npm warn tar TAR_ENTRY_ERROR ENOENT: no such file or directory, open '/home/kavia/workspace/code-generation/tictacplus-persistent-fullstack-tic-tac-toe-61826-a614edb6/tic_tac_toe_frontend/node_modules/eslint-plugin-jsx-a11y/__tests__/src/util/getTabIndex-test.js'
npm warn tar TAR_ENTRY_ERROR ENOENT: no such file or directory, open '/home/kavia/workspace/code-generation/tictacplus-persistent-fullstack-tic-tac-toe-61826-a614edb6/tic_tac_toe_frontend/node_modules/eslint-plugin-import/lib/rules/no-nodejs-modules.js'
npm warn tar TAR_ENTRY_ERROR ENOENT: no such file or directory, open '/home/kavia/workspace/code-generation/tictacplus-persistent-fullstack-tic-tac-toe-61826-a614edb6/tic_tac_toe_frontend/node_modules/axobject-query/lib/etc/objects/MenuItemCheckBoxRole.js'
npm warn tar TAR_ENTRY_ERROR ENOENT: no such file or directory, open '/home/kavia/workspace/code-generation/tictacplus-persistent-fullstack-tic-tac-toe-61826-a614edb6/tic_tac_toe_frontend/node_modules/@typescript-eslint/typescript-estree/dist/parseSettings/createParseSettings.d.ts.map'
npm warn tar TAR_ENTRY_ERROR ENOENT: no such file or directory, open '/home/kavia/workspace/code-generation/tictacplus-persistent-fullstack-tic-tac-toe-61826-a614edb6/tic_tac_toe_frontend/node_modules/@jest/core/build/lib/activeFiltersMessage.d.ts'
npm warn tar TAR_ENTRY_ERROR ENOENT: no such file or directory, open '/home/kavia/workspace/code-generation/tictacplus-persistent-fullstack-tic-tac-toe-61826-a614edb6/tic_tac_toe_frontend/node_modules/@typescript-eslint/eslint-plugin/dist/util/getThisExpression.js'
npm warn tar TAR_ENTRY_ERROR ENOENT: no such file or directory, open '/home/kavia/workspace/code-generation/tictacplus-persistent-fullstack-tic-tac-toe-61826-a614edb6/tic_tac_toe_frontend/node_modules/rollup/dist/shared/rollup.js'
npm warn tar TAR_ENTRY_ERROR ENOENT: no such file or directory, open '/home/kavia/workspace/code-generation/tictacplus-persistent-fullstack-tic-tac-toe-61826-a614edb6/tic_tac_toe_frontend/node_modules/sucrase/dist/esm/transformers/NumericSeparatorTransformer.js'
npm warn tar TAR_ENTRY_ERROR ENOENT: no such file or directory, open '/home/kavia/workspace/code-generation/tictacplus-persistent-fullstack-tic-tac-toe-61826-a614edb6/tic_tac_toe_frontend/node_modules/jsx-ast-utils/lib/values/expressions/TSNonNullExpression.js'
npm warn tar TAR_ENTRY_ERROR ENOENT: no such file or directory, open '/home/kavia/workspace/code-generation/tictacplus-persistent-fullstack-tic-tac-toe-61826-a614edb6/tic_tac_toe_frontend/node_modules/fork-ts-checker-webpack-plugin/lib/typescript-reporter/file-system/MemFileSystem.js'
npm warn tar TAR_ENTRY_ERROR ENOENT: no such file or directory, open '/home/kavia/workspace/code-generation/tictacplus-persistent-fullstack-tic-tac-toe-61826-a614edb6/tic_tac_toe_frontend/node_modules/eslint-plugin-jsx-a11y/lib/util/getTabIndex.js'
npm warn tar TAR_ENTRY_ERROR ENOENT: no such file or directory, open '/home/kavia/workspace/code-generation/tictacplus-persistent-fullstack-tic-tac-toe-61826-a614edb6/tic_tac_toe_frontend/node_modules/eslint-plugin-import/lib/rules/no-relative-packages.js'
npm warn tar TAR_ENTRY_ERROR ENOENT: no such file or directory, open '/home/kavia/workspace/code-generation/tictacplus-persistent-fullstack-tic-tac-toe-61826-a614edb6/tic_tac_toe_frontend/node_modules/csso/lib/replace/String.js'
npm warn tar TAR_ENTRY_ERROR ENOENT: no such file or directory, open '/home/kavia/workspace/code-generation/tictacplus-persistent-fullstack-tic-tac-toe-61826-a614edb6/tic_tac_toe_frontend/node_modules/axobject-query/lib/etc/objects/MenuItemRadioRole.js'
npm warn tar TAR_ENTRY_ERROR ENOENT: no such file or directory, open '/home/kavia/workspace/code-generation/tictacplus-persistent-fullstack-tic-tac-toe-61826-a614edb6/tic_tac_toe_frontend/node_modules/@typescript-eslint/typescript-estree/dist/parseSettings/createParseSettings.js.map'
npm warn tar TAR_ENTRY_ERROR ENOENT: no such file or directory, open '/home/kavia/workspace/code-generation/tictacplus-persistent-fullstack-tic-tac-toe-61826-a614edb6/tic_tac_toe_frontend/node_modules/@rushstack/eslint-patch/lib/eslint-bulk-suppressions/cli/utils/is-correct-cwd.d.ts.map'
npm warn tar TAR_ENTRY_ERROR ENOENT: no such file or directory, open '/home/kavia/workspace/code-generation/tictacplus-persistent-fullstack-tic-tac-toe-61826-a614edb6/tic_tac_toe_frontend/node_modules/@typescript-eslint/eslint-plugin/dist/util/getWrappingFixer.js'
npm warn tar TAR_ENTRY_ERROR ENOENT: no such file or directory, open '/home/kavia/workspace/code-generation/tictacplus-persistent-fullstack-tic-tac-toe-61826-a614edb6/tic_tac_toe_frontend/node_modules/tailwindcss/src/lib/generateRules.js'
npm warn tar TAR_ENTRY_ERROR ENOENT: no such file or directory, open '/home/kavia/workspace/code-generation/tictacplus-persistent-fullstack-tic-tac-toe-61826-a614edb6/tic_tac_toe_frontend/node_modules/resolve/lib/normalize-options.js'
npm warn tar TAR_ENTRY_ERROR ENOENT: no such file or directory, open '/home/kavia/workspace/code-generation/tictacplus-persistent-fullstack-tic-tac-toe-61826-a614edb6/tic_tac_toe_frontend/node_modules/sucrase/dist/transformers/NumericSeparatorTransformer.js'
npm warn tar TAR_ENTRY_ERROR ENOENT: no such file or directory, open '/home/kavia/workspace/code-generation/tictacplus-persistent-fullstack-tic-tac-toe-61826-a614edb6/tic_tac_toe_frontend/node_modules/eslint-plugin-jsx-a11y/lib/util/implicitRoles/h1.js'
npm warn tar TAR_ENTRY_ERROR ENOENT: no such file or directory, open '/home/kavia/workspace/code-generation/tictacplus-persistent-fullstack-tic-tac-toe-61826-a614edb6/tic_tac_toe_frontend/node_modules/eslint-plugin-flowtype/dist/utilities/spacingFixers.js'
npm warn tar TAR_ENTRY_ERROR ENOENT: no such file or directory, open '/home/kavia/workspace/code-generation/tictacplus-persistent-fullstack-tic-tac-toe-61826-a614edb6/tic_tac_toe_frontend/node_modules/axobject-query/lib/etc/objects/MenuItemRole.js'
npm warn tar TAR_ENTRY_ERROR ENOENT: no such file or directory, open '/home/kavia/workspace/code-generation/tictacplus-persistent-fullstack-tic-tac-toe-61826-a614edb6/tic_tac_toe_frontend/node_modules/@typescript-eslint/typescript-estree/dist/create-program/createProjectProgram.d.ts.map'
npm warn tar TAR_ENTRY_ERROR ENOENT: no such file or directory, open '/home/kavia/workspace/code-generation/tictacplus-persistent-fullstack-tic-tac-toe-61826-a614edb6/tic_tac_toe_frontend/node_modules/@rushstack/eslint-patch/lib/eslint-bulk-suppressions/cli/utils/is-correct-cwd.js.map'
npm warn tar TAR_ENTRY_ERROR ENOENT: no such file or directory, open '/home/kavia/workspace/code-generation/tictacplus-persistent-fullstack-tic-tac-toe-61826-a614edb6/tic_tac_toe_frontend/node_modules/@jest/core/build/lib/createContext.d.ts'
npm warn tar TAR_ENTRY_ERROR ENOENT: no such file or directory, open '/home/kavia/workspace/code-generation/tictacplus-persistent-fullstack-tic-tac-toe-61826-a614edb6/tic_tac_toe_frontend/node_modules/sucrase/dist/esm/transformers/OptionalCatchBindingTransformer.js'
npm warn tar TAR_ENTRY_ERROR ENOENT: no such file or directory, open '/home/kavia/workspace/code-generation/tictacplus-persistent-fullstack-tic-tac-toe-61826-a614edb6/tic_tac_toe_frontend/node_modules/jsx-ast-utils/lib/values/expressions/TypeCastExpression.js'
npm warn tar TAR_ENTRY_ERROR ENOENT: no such file or directory, open '/home/kavia/workspace/code-generation/tictacplus-persistent-fullstack-tic-tac-toe-61826-a614edb6/tic_tac_toe_frontend/node_modules/webpack/lib/dependencies/CommonJsDependencyHelpers.js'
npm warn tar TAR_ENTRY_ERROR ENOENT: no such file or directory, open '/home/kavia/workspace/code-generation/tictacplus-persistent-fullstack-tic-tac-toe-61826-a614edb6/tic_tac_toe_frontend/node_modules/eslint-plugin-jsx-a11y/lib/util/implicitRoles/h2.js'
npm warn tar TAR_ENTRY_ERROR ENOENT: no such file or directory, open '/home/kavia/workspace/code-generation/tictacplus-persistent-fullstack-tic-tac-toe-61826-a614edb6/tic_tac_toe_frontend/node_modules/eslint-plugin-import/lib/rules/no-relative-parent-imports.js'
npm warn tar TAR_ENTRY_ERROR ENOENT: no such file or directory, open '/home/kavia/workspace/code-generation/tictacplus-persistent-fullstack-tic-tac-toe-61826-a614edb6/tic_tac_toe_frontend/node_modules/csso/lib/replace/Url.js'
npm warn tar TAR_ENTRY_ERROR ENOENT: no such file or directory, open '/home/kavia/workspace/code-generation/tictacplus-persistent-fullstack-tic-tac-toe-61826-a614edb6/tic_tac_toe_frontend/node_modules/common-tags/lib/commaLists/index.js'
npm warn tar TAR_ENTRY_ERROR ENOENT: no such file or directory, open '/home/kavia/workspace/code-generation/tictacplus-persistent-fullstack-tic-tac-toe-61826-a614edb6/tic_tac_toe_frontend/node_modules/axobject-query/lib/etc/objects/MenuListOptionRole.js'
npm warn tar TAR_ENTRY_ERROR ENOENT: no such file or directory, open '/home/kavia/workspace/code-generation/tictacplus-persistent-fullstack-tic-tac-toe-61826-a614edb6/tic_tac_toe_frontend/node_modules/@typescript-eslint/typescript-estree/dist/create-program/createProjectProgram.js.map'
npm warn tar TAR_ENTRY_ERROR ENOENT: no such file or directory, open '/home/kavia/workspace/code-generation/tictacplus-persistent-fullstack-tic-tac-toe-61826-a614edb6/tic_tac_toe_frontend/node_modules/tailwindcss/lib/util/getAllConfigs.js'
npm warn tar TAR_ENTRY_ERROR ENOENT: no such file or directory, open '/home/kavia/workspace/code-generation/tictacplus-persistent-fullstack-tic-tac-toe-61826-a614edb6/tic_tac_toe_frontend/node_modules/sucrase/dist/transformers/OptionalCatchBindingTransformer.js'
npm warn tar TAR_ENTRY_ERROR ENOENT: no such file or directory, open '/home/kavia/workspace/code-generation/tictacplus-persistent-fullstack-tic-tac-toe-61826-a614edb6/tic_tac_toe_frontend/node_modules/webpack/lib/dependencies/CommonJsExportRequireDependency.js'
npm warn tar TAR_ENTRY_ERROR ENOENT: no such file or directory, open '/home/kavia/workspace/code-generation/tictacplus-persistent-fullstack-tic-tac-toe-61826-a614edb6/tic_tac_toe_frontend/node_modules/eslint-plugin-jsx-a11y/lib/util/implicitRoles/h3.js'
npm warn tar TAR_ENTRY_ERROR ENOENT: no such file or directory, open '/home/kavia/workspace/code-generation/tictacplus-persistent-fullstack-tic-tac-toe-61826-a614edb6/tic_tac_toe_frontend/node_modules/eslint-plugin-import/lib/rules/no-restricted-paths.js'
npm warn tar TAR_ENTRY_ERROR ENOENT: no such file or directory, open '/home/kavia/workspace/code-generation/tictacplus-persistent-fullstack-tic-tac-toe-61826-a614edb6/tic_tac_toe_frontend/node_modules/common-tags/lib/commaListsAnd/index.js'
npm warn tar TAR_ENTRY_ERROR ENOENT: no such file or directory, open '/home/kavia/workspace/code-generation/tictacplus-persistent-fullstack-tic-tac-toe-61826-a614edb6/tic_tac_toe_frontend/node_modules/axobject-query/lib/etc/objects/MenuListPopupRole.js'
npm warn tar TAR_ENTRY_ERROR ENOENT: no such file or directory, open '/home/kavia/workspace/code-generation/tictacplus-persistent-fullstack-tic-tac-toe-61826-a614edb6/tic_tac_toe_frontend/node_modules/@jest/core/build/plugins/FailedTestsInteractive.d.ts'
npm warn tar TAR_ENTRY_ERROR ENOENT: no such file or directory, open '/home/kavia/workspace/code-generation/tictacplus-persistent-fullstack-tic-tac-toe-61826-a614edb6/tic_tac_toe_frontend/node_modules/tailwindcss/src/util/getAllConfigs.js'
npm warn tar TAR_ENTRY_ERROR ENOENT: no such file or directory, open '/home/kavia/workspace/code-generation/tictacplus-persistent-fullstack-tic-tac-toe-61826-a614edb6/tic_tac_toe_frontend/node_modules/sucrase/dist/esm/transformers/OptionalChainingNullishTransformer.js'
npm warn tar TAR_ENTRY_ERROR ENOENT: no such file or directory, open '/home/kavia/workspace/code-generation/tictacplus-persistent-fullstack-tic-tac-toe-61826-a614edb6/tic_tac_toe_frontend/node_modules/jsx-ast-utils/lib/values/expressions/UnaryExpression.js'
npm warn tar TAR_ENTRY_ERROR ENOENT: no such file or directory, open '/home/kavia/workspace/code-generation/tictacplus-persistent-fullstack-tic-tac-toe-61826-a614edb6/tic_tac_toe_frontend/node_modules/eslint-plugin-jsx-a11y/lib/util/implicitRoles/h4.js'
npm warn tar TAR_ENTRY_ERROR ENOENT: no such file or directory, open '/home/kavia/workspace/code-generation/tictacplus-persistent-fullstack-tic-tac-toe-61826-a614edb6/tic_tac_toe_frontend/node_modules/common-tags/lib/commaListsOr/index.js'
npm warn tar TAR_ENTRY_ERROR ENOENT: no such file or directory, open '/home/kavia/workspace/code-generation/tictacplus-persistent-fullstack-tic-tac-toe-61826-a614edb6/tic_tac_toe_frontend/node_modules/axobject-query/lib/etc/objects/MenuRole.js'
npm warn tar TAR_ENTRY_ERROR ENOENT: no such file or directory, open '/home/kavia/workspace/code-generation/tictacplus-persistent-fullstack-tic-tac-toe-61826-a614edb6/tic_tac_toe_frontend/node_modules/@typescript-eslint/typescript-estree/dist/create-program/createSourceFile.d.ts.map'
npm warn tar TAR_ENTRY_ERROR ENOENT: no such file or directory, open '/home/kavia/workspace/code-generation/tictacplus-persistent-fullstack-tic-tac-toe-61826-a614edb6/tic_tac_toe_frontend/node_modules/@sinclair/typebox/conditional/structural.d.ts'
npm warn tar TAR_ENTRY_ERROR ENOENT: no such file or directory, open '/home/kavia/workspace/code-generation/tictacplus-persistent-fullstack-tic-tac-toe-61826-a614edb6/tic_tac_toe_frontend/node_modules/tailwindcss/lib/lib/getModuleDependencies.js'
npm warn tar TAR_ENTRY_ERROR ENOENT: no such file or directory, open '/home/kavia/workspace/code-generation/tictacplus-persistent-fullstack-tic-tac-toe-61826-a614edb6/tic_tac_toe_frontend/node_modules/react-dom/cjs/react-dom.production.min.js'
npm warn tar TAR_ENTRY_ERROR ENOENT: no such file or directory, open '/home/kavia/workspace/code-generation/tictacplus-persistent-fullstack-tic-tac-toe-61826-a614edb6/tic_tac_toe_frontend/node_modules/webpack/lib/dependencies/CommonJsExportsDependency.js'
npm warn tar TAR_ENTRY_ERROR ENOENT: no such file or directory, open '/home/kavia/workspace/code-generation/tictacplus-persistent-fullstack-tic-tac-toe-61826-a614edb6/tic_tac_toe_frontend/node_modules/fork-ts-checker-webpack-plugin/lib/typescript-reporter/file-system/PassiveFileSystem.js'
npm warn tar TAR_ENTRY_ERROR ENOENT: no such file or directory, open '/home/kavia/workspace/code-generation/tictacplus-persistent-fullstack-tic-tac-toe-61826-a614edb6/tic_tac_toe_frontend/node_modules/eslint-plugin-jsx-a11y/lib/util/implicitRoles/h5.js'
npm warn tar TAR_ENTRY_ERROR ENOENT: no such file or directory, open '/home/kavia/workspace/code-generation/tictacplus-persistent-fullstack-tic-tac-toe-61826-a614edb6/tic_tac_toe_frontend/node_modules/eslint-plugin-import/lib/rules/no-self-import.js'
npm warn tar TAR_ENTRY_ERROR ENOENT: no such file or directory, open '/home/kavia/workspace/code-generation/tictacplus-persistent-fullstack-tic-tac-toe-61826-a614edb6/tic_tac_toe_frontend/node_modules/common-tags/lib/html/index.js'
npm warn tar TAR_ENTRY_ERROR ENOENT: no such file or directory, open '/home/kavia/workspace/code-generation/tictacplus-persistent-fullstack-tic-tac-toe-61826-a614edb6/tic_tac_toe_frontend/node_modules/axobject-query/lib/etc/objects/MeterRole.js'
npm warn tar TAR_ENTRY_ERROR ENOENT: no such file or directory, open '/home/kavia/workspace/code-generation/tictacplus-persistent-fullstack-tic-tac-toe-61826-a614edb6/tic_tac_toe_frontend/node_modules/@typescript-eslint/typescript-estree/dist/create-program/createSourceFile.js.map'
npm warn tar TAR_ENTRY_ERROR ENOENT: no such file or directory, open '/home/kavia/workspace/code-generation/tictacplus-persistent-fullstack-tic-tac-toe-61826-a614edb6/tic_tac_toe_frontend/node_modules/tailwindcss/src/lib/getModuleDependencies.js'
npm warn tar TAR_ENTRY_ERROR ENOENT: no such file or directory, open '/home/kavia/workspace/code-generation/tictacplus-persistent-fullstack-tic-tac-toe-61826-a614edb6/tic_tac_toe_frontend/node_modules/sucrase/dist/transformers/OptionalChainingNullishTransformer.js'
npm warn tar TAR_ENTRY_ERROR ENOENT: no such file or directory, open '/home/kavia/workspace/code-generation/tictacplus-persistent-fullstack-tic-tac-toe-61826-a614edb6/tic_tac_toe_frontend/node_modules/jsx-ast-utils/lib/values/expressions/UpdateExpression.js'
npm warn tar TAR_ENTRY_ERROR ENOENT: no such file or directory, open '/home/kavia/workspace/code-generation/tictacplus-persistent-fullstack-tic-tac-toe-61826-a614edb6/tic_tac_toe_frontend/node_modules/webpack/lib/dependencies/CommonJsExportsParserPlugin.js'
npm warn tar TAR_ENTRY_ERROR ENOENT: no such file or directory, open '/home/kavia/workspace/code-generation/tictacplus-persistent-fullstack-tic-tac-toe-61826-a614edb6/tic_tac_toe_frontend/node_modules/eslint-plugin-jsx-a11y/lib/util/implicitRoles/h6.js'
npm warn tar TAR_ENTRY_ERROR ENOENT: no such file or directory, open '/home/kavia/workspace/code-generation/tictacplus-persistent-fullstack-tic-tac-toe-61826-a614edb6/tic_tac_toe_frontend/node_modules/axobject-query/lib/etc/objects/NavigationRole.js'
npm warn tar TAR_ENTRY_ERROR ENOENT: no such file or directory, open '/home/kavia/workspace/code-generation/tictacplus-persistent-fullstack-tic-tac-toe-61826-a614edb6/tic_tac_toe_frontend/node_modules/@typescript-eslint/typescript-estree/dist/create-program/describeFilePath.d.ts.map'
npm warn tar TAR_ENTRY_ERROR ENOENT: no such file or directory, open '/home/kavia/workspace/code-generation/tictacplus-persistent-fullstack-tic-tac-toe-61826-a614edb6/tic_tac_toe_frontend/node_modules/resolve/test/resolver/baz/quux.js'
npm warn tar TAR_ENTRY_ERROR ENOENT: no such file or directory, open '/home/kavia/workspace/code-generation/tictacplus-persistent-fullstack-tic-tac-toe-61826-a614edb6/tic_tac_toe_frontend/node_modules/react-dom/umd/react-dom.production.min.js'
npm warn tar TAR_ENTRY_ERROR ENOENT: no such file or directory, lstat '/home/kavia/workspace/code-generation/tictacplus-persistent-fullstack-tic-tac-toe-61826-a614edb6/tic_tac_toe_frontend/node_modules/jiti/dist/plugins'
npm warn tar TAR_ENTRY_ERROR ENOENT: no such file or directory, open '/home/kavia/workspace/code-generation/tictacplus-persistent-fullstack-tic-tac-toe-61826-a614edb6/tic_tac_toe_frontend/node_modules/eslint-plugin-jsx-a11y/__tests__/src/util/hasAccessibleChild-test.js'
npm warn tar TAR_ENTRY_ERROR ENOENT: no such file or directory, open '/home/kavia/workspace/code-generation/tictacplus-persistent-fullstack-tic-tac-toe-61826-a614edb6/tic_tac_toe_frontend/node_modules/eslint-plugin-import/lib/rules/no-unassigned-import.js'
npm warn tar TAR_ENTRY_ERROR ENOENT: no such file or directory, open '/home/kavia/workspace/code-generation/tictacplus-persistent-fullstack-tic-tac-toe-61826-a614edb6/tic_tac_toe_frontend/node_modules/csso/lib/replace/Value.js'
npm warn tar TAR_ENTRY_ERROR ENOENT: no such file or directory, open '/home/kavia/workspace/code-generation/tictacplus-persistent-fullstack-tic-tac-toe-61826-a614edb6/tic_tac_toe_frontend/node_modules/axobject-query/lib/etc/objects/NoneRole.js'
npm warn tar TAR_ENTRY_ERROR ENOENT: no such file or directory, open '/home/kavia/workspace/code-generation/tictacplus-persistent-fullstack-tic-tac-toe-61826-a614edb6/tic_tac_toe_frontend/node_modules/@typescript-eslint/typescript-estree/dist/create-program/describeFilePath.js.map'
npm warn tar TAR_ENTRY_ERROR ENOENT: no such file or directory, open '/home/kavia/workspace/code-generation/tictacplus-persistent-fullstack-tic-tac-toe-61826-a614edb6/tic_tac_toe_frontend/node_modules/tailwindcss/lib/util/hashConfig.js'
npm warn tar TAR_ENTRY_ERROR ENOENT: no such file or directory, open '/home/kavia/workspace/code-generation/tictacplus-persistent-fullstack-tic-tac-toe-61826-a614edb6/tic_tac_toe_frontend/node_modules/webpack/lib/dependencies/CommonJsFullRequireDependency.js'
npm warn tar TAR_ENTRY_ERROR ENOENT: no such file or directory, open '/home/kavia/workspace/code-generation/tictacplus-persistent-fullstack-tic-tac-toe-61826-a614edb6/tic_tac_toe_frontend/node_modules/eslint-plugin-jsx-a11y/lib/util/hasAccessibleChild.js'
npm warn tar TAR_ENTRY_ERROR ENOENT: no such file or directory, open '/home/kavia/workspace/code-generation/tictacplus-persistent-fullstack-tic-tac-toe-61826-a614edb6/tic_tac_toe_frontend/node_modules/jsdom/lib/jsdom/living/helpers/details.js'
npm warn tar TAR_ENTRY_ERROR ENOENT: no such file or directory, open '/home/kavia/workspace/code-generation/tictacplus-persistent-fullstack-tic-tac-toe-61826-a614edb6/tic_tac_toe_frontend/node_modules/axobject-query/lib/etc/objects/NoteRole.js'
npm warn tar TAR_ENTRY_ERROR ENOENT: no such file or directory, open '/home/kavia/workspace/code-generation/tictacplus-persistent-fullstack-tic-tac-toe-61826-a614edb6/tic_tac_toe_frontend/node_modules/@typescript-eslint/typescript-estree/dist/ts-estree/estree-to-ts-node-types.d.ts.map'
npm warn tar TAR_ENTRY_ERROR ENOENT: no such file or directory, open '/home/kavia/workspace/code-generation/tictacplus-persistent-fullstack-tic-tac-toe-61826-a614edb6/tic_tac_toe_frontend/node_modules/@rushstack/eslint-patch/lib/eslint-bulk-suppressions/cli/utils/print-help.d.ts.map'
npm warn tar TAR_ENTRY_ERROR ENOENT: no such file or directory, open '/home/kavia/workspace/code-generation/tictacplus-persistent-fullstack-tic-tac-toe-61826-a614edb6/tic_tac_toe_frontend/node_modules/tailwindcss/src/util/hashConfig.js'
npm warn tar TAR_ENTRY_ERROR ENOENT: no such file or directory, open '/home/kavia/workspace/code-generation/tictacplus-persistent-fullstack-tic-tac-toe-61826-a614edb6/tic_tac_toe_frontend/node_modules/jiti/dist/babel.d.ts'
npm warn tar TAR_ENTRY_ERROR ENOENT: no such file or directory, open '/home/kavia/workspace/code-generation/tictacplus-persistent-fullstack-tic-tac-toe-61826-a614edb6/tic_tac_toe_frontend/node_modules/jsdom/lib/jsdom/living/helpers/document-base-url.js'
npm warn tar TAR_ENTRY_ERROR ENOENT: no such file or directory, open '/home/kavia/workspace/code-generation/tictacplus-persistent-fullstack-tic-tac-toe-61826-a614edb6/tic_tac_toe_frontend/node_modules/axobject-query/lib/etc/objects/OutlineRole.js'
npm warn tar TAR_ENTRY_ERROR ENOENT: no such file or directory, open '/home/kavia/workspace/code-generation/tictacplus-persistent-fullstack-tic-tac-toe-61826-a614edb6/tic_tac_toe_frontend/node_modules/@rushstack/eslint-patch/lib/eslint-bulk-suppressions/cli/utils/print-help.js.map'
npm warn tar TAR_ENTRY_ERROR ENOENT: no such file or directory, lstat '/home/kavia/workspace/code-generation/tictacplus-persistent-fullstack-tic-tac-toe-61826-a614edb6/tic_tac_toe_frontend/node_modules/jiti/dist/plugins'
npm warn tar TAR_ENTRY_ERROR ENOENT: no such file or directory, open '/home/kavia/workspace/code-generation/tictacplus-persistent-fullstack-tic-tac-toe-61826-a614edb6/tic_tac_toe_frontend/node_modules/webpack/lib/dependencies/CommonJsImportsParserPlugin.js'
npm warn tar TAR_ENTRY_ERROR ENOENT: no such file or directory, open '/home/kavia/workspace/code-generation/tictacplus-persistent-fullstack-tic-tac-toe-61826-a614edb6/tic_tac_toe_frontend/node_modules/eslint-plugin-jsx-a11y/__tests__/src/rules/heading-has-content-test.js'
npm warn tar TAR_ENTRY_ERROR ENOENT: no such file or directory, open '/home/kavia/workspace/code-generation/tictacplus-persistent-fullstack-tic-tac-toe-61826-a614edb6/tic_tac_toe_frontend/node_modules/jsdom/lib/jsdom/living/nodes/Document-impl.js'
npm warn tar TAR_ENTRY_ERROR ENOENT: no such file or directory, open '/home/kavia/workspace/code-generation/tictacplus-persistent-fullstack-tic-tac-toe-61826-a614edb6/tic_tac_toe_frontend/node_modules/eslint-plugin-flowtype/dist/bin/utilities.js'
npm warn tar TAR_ENTRY_ERROR ENOENT: no such file or directory, open '/home/kavia/workspace/code-generation/tictacplus-persistent-fullstack-tic-tac-toe-61826-a614edb6/tic_tac_toe_frontend/node_modules/axobject-query/lib/etc/objects/ParagraphRole.js'
npm warn tar TAR_ENTRY_ERROR ENOENT: no such file or directory, open '/home/kavia/workspace/code-generation/tictacplus-persistent-fullstack-tic-tac-toe-61826-a614edb6/tic_tac_toe_frontend/node_modules/@typescript-eslint/typescript-estree/dist/ts-estree/estree-to-ts-node-types.js.map'
npm warn tar TAR_ENTRY_ERROR ENOENT: no such file or directory, open '/home/kavia/workspace/code-generation/tictacplus-persistent-fullstack-tic-tac-toe-61826-a614edb6/tic_tac_toe_frontend/node_modules/sucrase/dist/esm/transformers/ReactDisplayNameTransformer.js'
npm warn tar TAR_ENTRY_ERROR ENOENT: no such file or directory, open '/home/kavia/workspace/code-generation/tictacplus-persistent-fullstack-tic-tac-toe-61826-a614edb6/tic_tac_toe_frontend/node_modules/react-dom/cjs/react-dom.profiling.min.js'
npm warn tar TAR_ENTRY_ERROR ENOENT: no such file or directory, open '/home/kavia/workspace/code-generation/tictacplus-persistent-fullstack-tic-tac-toe-61826-a614edb6/tic_tac_toe_frontend/node_modules/fork-ts-checker-webpack-plugin/lib/typescript-reporter/file-system/RealFileSystem.js'
npm warn tar TAR_ENTRY_ERROR ENOENT: no such file or directory, open '/home/kavia/workspace/code-generation/tictacplus-persistent-fullstack-tic-tac-toe-61826-a614edb6/tic_tac_toe_frontend/node_modules/eslint-plugin-jsx-a11y/lib/rules/heading-has-content.js'
npm warn tar TAR_ENTRY_ERROR ENOENT: no such file or directory, open '/home/kavia/workspace/code-generation/tictacplus-persistent-fullstack-tic-tac-toe-61826-a614edb6/tic_tac_toe_frontend/node_modules/axobject-query/lib/etc/objects/PopUpButtonRole.js'
npm warn tar TAR_ENTRY_ERROR ENOENT: no such file or directory, open '/home/kavia/workspace/code-generation/tictacplus-persistent-fullstack-tic-tac-toe-61826-a614edb6/tic_tac_toe_frontend/node_modules/@typescript-eslint/typescript-estree/dist/parseSettings/ExpiringCache.d.ts.map'
npm warn tar TAR_ENTRY_ERROR ENOENT: no such file or directory, open '/home/kavia/workspace/code-generation/tictacplus-persistent-fullstack-tic-tac-toe-61826-a614edb6/tic_tac_toe_frontend/node_modules/@pmmmwh/react-refresh-webpack-plugin/client/package.json'
npm warn tar TAR_ENTRY_ERROR ENOENT: no such file or directory, open '/home/kavia/workspace/code-generation/tictacplus-persistent-fullstack-tic-tac-toe-61826-a614edb6/tic_tac_toe_frontend/node_modules/rollup/dist/shared/watch-cli.js'
npm warn tar TAR_ENTRY_ERROR ENOENT: no such file or directory, open '/home/kavia/workspace/code-generation/tictacplus-persistent-fullstack-tic-tac-toe-61826-a614edb6/tic_tac_toe_frontend/node_modules/jiti/dist/jiti.d.ts'
npm warn tar TAR_ENTRY_ERROR ENOENT: no such file or directory, open '/home/kavia/workspace/code-generation/tictacplus-persistent-fullstack-tic-tac-toe-61826-a614edb6/tic_tac_toe_frontend/node_modules/fork-ts-checker-webpack-plugin/lib/reporter/Report.js'
npm warn tar TAR_ENTRY_ERROR ENOENT: no such file or directory, open '/home/kavia/workspace/code-generation/tictacplus-persistent-fullstack-tic-tac-toe-61826-a614edb6/tic_tac_toe_frontend/node_modules/eslint-plugin-jsx-a11y/lib/util/implicitRoles/hr.js'
npm warn tar TAR_ENTRY_ERROR ENOENT: no such file or directory, open '/home/kavia/workspace/code-generation/tictacplus-persistent-fullstack-tic-tac-toe-61826-a614edb6/tic_tac_toe_frontend/node_modules/axobject-query/lib/etc/objects/PreRole.js'
npm warn tar TAR_ENTRY_ERROR ENOENT: no such file or directory, open '/home/kavia/workspace/code-generation/tictacplus-persistent-fullstack-tic-tac-toe-61826-a614edb6/tic_tac_toe_frontend/node_modules/@typescript-eslint/typescript-estree/dist/parseSettings/ExpiringCache.js.map'
npm warn tar TAR_ENTRY_ERROR ENOENT: no such file or directory, open '/home/kavia/workspace/code-generation/tictacplus-persistent-fullstack-tic-tac-toe-61826-a614edb6/tic_tac_toe_frontend/node_modules/sucrase/dist/transformers/ReactDisplayNameTransformer.js'
npm warn tar TAR_ENTRY_ERROR ENOENT: no such file or directory, open '/home/kavia/workspace/code-generation/tictacplus-persistent-fullstack-tic-tac-toe-61826-a614edb6/tic_tac_toe_frontend/node_modules/jiti/dist/types.d.ts'
npm warn tar TAR_ENTRY_ERROR ENOENT: no such file or directory, open '/home/kavia/workspace/code-generation/tictacplus-persistent-fullstack-tic-tac-toe-61826-a614edb6/tic_tac_toe_frontend/node_modules/fork-ts-checker-webpack-plugin/lib/reporter/Reporter.js'
npm warn tar TAR_ENTRY_ERROR ENOENT: no such file or directory, open '/home/kavia/workspace/code-generation/tictacplus-persistent-fullstack-tic-tac-toe-61826-a614edb6/tic_tac_toe_frontend/node_modules/eslint-plugin-jsx-a11y/__tests__/src/rules/html-has-lang-test.js'
npm warn tar TAR_ENTRY_ERROR ENOENT: no such file or directory, open '/home/kavia/workspace/code-generation/tictacplus-persistent-fullstack-tic-tac-toe-61826-a614edb6/tic_tac_toe_frontend/node_modules/clean-css/lib/utils/natural-compare.js'
npm warn tar TAR_ENTRY_ERROR ENOENT: no such file or directory, open '/home/kavia/workspace/code-generation/tictacplus-persistent-fullstack-tic-tac-toe-61826-a614edb6/tic_tac_toe_frontend/node_modules/axobject-query/lib/etc/objects/PresentationalRole.js'
npm warn tar TAR_ENTRY_ERROR ENOENT: no such file or directory, open '/home/kavia/workspace/code-generation/tictacplus-persistent-fullstack-tic-tac-toe-61826-a614edb6/tic_tac_toe_frontend/node_modules/@typescript-eslint/eslint-plugin/dist/util/index.js'
npm warn tar TAR_ENTRY_ERROR ENOENT: no such file or directory, open '/home/kavia/workspace/code-generation/tictacplus-persistent-fullstack-tic-tac-toe-61826-a614edb6/tic_tac_toe_frontend/node_modules/rollup/dist/es/shared/watch.js'
npm warn tar TAR_ENTRY_ERROR ENOENT: no such file or directory, open '/home/kavia/workspace/code-generation/tictacplus-persistent-fullstack-tic-tac-toe-61826-a614edb6/tic_tac_toe_frontend/node_modules/sucrase/dist/esm/transformers/ReactHotLoaderTransformer.js'
npm warn tar TAR_ENTRY_ERROR ENOENT: no such file or directory, open '/home/kavia/workspace/code-generation/tictacplus-persistent-fullstack-tic-tac-toe-61826-a614edb6/tic_tac_toe_frontend/node_modules/jiti/dist/utils.d.ts'
npm warn tar TAR_ENTRY_ERROR ENOENT: no such file or directory, lstat '/home/kavia/workspace/code-generation/tictacplus-persistent-fullstack-tic-tac-toe-61826-a614edb6/tic_tac_toe_frontend/node_modules/fork-ts-checker-webpack-plugin/lib/reporter/reporter-rpc'
npm warn tar TAR_ENTRY_ERROR ENOENT: no such file or directory, open '/home/kavia/workspace/code-generation/tictacplus-persistent-fullstack-tic-tac-toe-61826-a614edb6/tic_tac_toe_frontend/node_modules/eslint-plugin-jsx-a11y/lib/rules/html-has-lang.js'
npm warn tar TAR_ENTRY_ERROR ENOENT: no such file or directory, open '/home/kavia/workspace/code-generation/tictacplus-persistent-fullstack-tic-tac-toe-61826-a614edb6/tic_tac_toe_frontend/node_modules/axobject-query/lib/etc/objects/ProgressIndicatorRole.js'
npm warn tar TAR_ENTRY_ERROR ENOENT: no such file or directory, open '/home/kavia/workspace/code-generation/tictacplus-persistent-fullstack-tic-tac-toe-61826-a614edb6/tic_tac_toe_frontend/node_modules/sucrase/dist/transformers/ReactHotLoaderTransformer.js'
npm warn tar TAR_ENTRY_ERROR ENOENT: no such file or directory, open '/home/kavia/workspace/code-generation/tictacplus-persistent-fullstack-tic-tac-toe-61826-a614edb6/tic_tac_toe_frontend/node_modules/react-dom/umd/react-dom.profiling.min.js'
npm warn tar TAR_ENTRY_ERROR ENOENT: no such file or directory, open '/home/kavia/workspace/code-generation/tictacplus-persistent-fullstack-tic-tac-toe-61826-a614edb6/tic_tac_toe_frontend/node_modules/axobject-query/lib/etc/objects/RadioButtonRole.js'
npm warn tar TAR_ENTRY_ERROR ENOENT: no such file or directory, open '/home/kavia/workspace/code-generation/tictacplus-persistent-fullstack-tic-tac-toe-61826-a614edb6/tic_tac_toe_frontend/node_modules/@typescript-eslint/typescript-estree/dist/parseSettings/getProjectConfigFiles.d.ts.map'
npm warn tar TAR_ENTRY_ERROR ENOENT: no such file or directory, open '/home/kavia/workspace/code-generation/tictacplus-persistent-fullstack-tic-tac-toe-61826-a614edb6/tic_tac_toe_frontend/node_modules/@typescript-eslint/eslint-plugin/dist/util/isNodeEqual.js'
npm warn tar TAR_ENTRY_ERROR ENOENT: no such file or directory, open '/home/kavia/workspace/code-generation/tictacplus-persistent-fullstack-tic-tac-toe-61826-a614edb6/tic_tac_toe_frontend/node_modules/rollup/dist/shared/watch.js'
npm warn tar TAR_ENTRY_ERROR ENOENT: no such file or directory, lstat '/home/kavia/workspace/code-generation/tictacplus-persistent-fullstack-tic-tac-toe-61826-a614edb6/tic_tac_toe_frontend/node_modules/fork-ts-checker-webpack-plugin/lib/reporter/reporter-rpc'
npm warn tar TAR_ENTRY_ERROR ENOENT: no such file or directory, open '/home/kavia/workspace/code-generation/tictacplus-persistent-fullstack-tic-tac-toe-61826-a614edb6/tic_tac_toe_frontend/node_modules/eslint-plugin-jsx-a11y/__tests__/src/rules/iframe-has-title-test.js'
npm warn tar TAR_ENTRY_ERROR ENOENT: no such file or directory, open '/home/kavia/workspace/code-generation/tictacplus-persistent-fullstack-tic-tac-toe-61826-a614edb6/tic_tac_toe_frontend/node_modules/axobject-query/lib/etc/objects/RadioGroupRole.js'
npm warn tar TAR_ENTRY_ERROR ENOENT: no such file or directory, open '/home/kavia/workspace/code-generation/tictacplus-persistent-fullstack-tic-tac-toe-61826-a614edb6/tic_tac_toe_frontend/node_modules/@typescript-eslint/typescript-estree/dist/parseSettings/getProjectConfigFiles.js.map'
npm warn tar TAR_ENTRY_ERROR ENOENT: no such file or directory, open '/home/kavia/workspace/code-generation/tictacplus-persistent-fullstack-tic-tac-toe-61826-a614edb6/tic_tac_toe_frontend/node_modules/@jest/core/build/lib/handleDeprecationWarnings.d.ts'
npm warn tar TAR_ENTRY_ERROR ENOENT: no such file or directory, open '/home/kavia/workspace/code-generation/tictacplus-persistent-fullstack-tic-tac-toe-61826-a614edb6/tic_tac_toe_frontend/node_modules/@typescript-eslint/eslint-plugin/dist/util/isNullLiteral.js'
npm warn tar TAR_ENTRY_ERROR ENOENT: no such file or directory, open '/home/kavia/workspace/code-generation/tictacplus-persistent-fullstack-tic-tac-toe-61826-a614edb6/tic_tac_toe_frontend/node_modules/es-abstract/2015/AdvanceStringIndex.js'
npm warn tar TAR_ENTRY_ERROR ENOENT: no such file or directory, open '/home/kavia/workspace/code-generation/tictacplus-persistent-fullstack-tic-tac-toe-61826-a614edb6/tic_tac_toe_frontend/node_modules/axobject-query/lib/etc/objects/RegionRole.js'
npm warn tar TAR_ENTRY_ERROR ENOENT: no such file or directory, open '/home/kavia/workspace/code-generation/tictacplus-persistent-fullstack-tic-tac-toe-61826-a614edb6/tic_tac_toe_frontend/node_modules/ajv/lib/dot/_limit.jst'
npm warn tar TAR_ENTRY_ERROR ENOENT: no such file or directory, open '/home/kavia/workspace/code-generation/tictacplus-persistent-fullstack-tic-tac-toe-61826-a614edb6/tic_tac_toe_frontend/node_modules/@typescript-eslint/typescript-estree/dist/create-program/getScriptKind.d.ts.map'
npm warn tar TAR_ENTRY_ERROR ENOENT: no such file or directory, open '/home/kavia/workspace/code-generation/tictacplus-persistent-fullstack-tic-tac-toe-61826-a614edb6/tic_tac_toe_frontend/node_modules/@typescript-eslint/eslint-plugin/dist/util/isUndefinedIdentifier.js'
npm warn tar TAR_ENTRY_ERROR ENOENT: no such file or directory, open '/home/kavia/workspace/code-generation/tictacplus-persistent-fullstack-tic-tac-toe-61826-a614edb6/tic_tac_toe_frontend/node_modules/rollup/dist/es/package.json'
npm warn tar TAR_ENTRY_ERROR ENOENT: no such file or directory, open '/home/kavia/workspace/code-generation/tictacplus-persistent-fullstack-tic-tac-toe-61826-a614edb6/tic_tac_toe_frontend/node_modules/webpack/lib/util/comparators.js'
npm warn tar TAR_ENTRY_ERROR ENOENT: no such file or directory, lstat '/home/kavia/workspace/code-generation/tictacplus-persistent-fullstack-tic-tac-toe-61826-a614edb6/tic_tac_toe_frontend/node_modules/fork-ts-checker-webpack-plugin/lib/reporter/reporter-rpc'
npm warn tar TAR_ENTRY_ERROR ENOENT: no such file or directory, open '/home/kavia/workspace/code-generation/tictacplus-persistent-fullstack-tic-tac-toe-61826-a614edb6/tic_tac_toe_frontend/node_modules/eslint-plugin-jsx-a11y/lib/rules/iframe-has-title.js'
npm warn tar TAR_ENTRY_ERROR ENOENT: no such file or directory, open '/home/kavia/workspace/code-generation/tictacplus-persistent-fullstack-tic-tac-toe-61826-a614edb6/tic_tac_toe_frontend/node_modules/axobject-query/lib/etc/objects/RootWebAreaRole.js'
npm warn tar TAR_ENTRY_ERROR ENOENT: no such file or directory, open '/home/kavia/workspace/code-generation/tictacplus-persistent-fullstack-tic-tac-toe-61826-a614edb6/tic_tac_toe_frontend/node_modules/@typescript-eslint/typescript-estree/dist/create-program/getScriptKind.js.map'
npm warn tar TAR_ENTRY_ERROR ENOENT: no such file or directory, open '/home/kavia/workspace/code-generation/tictacplus-persistent-fullstack-tic-tac-toe-61826-a614edb6/tic_tac_toe_frontend/node_modules/@jest/core/build/lib/isValidPath.d.ts'
npm warn tar TAR_ENTRY_ERROR ENOENT: no such file or directory, open '/home/kavia/workspace/code-generation/tictacplus-persistent-fullstack-tic-tac-toe-61826-a614edb6/tic_tac_toe_frontend/node_modules/eslint-plugin-jsx-a11y/__tests__/src/rules/img-redundant-alt-test.js'
npm warn tar TAR_ENTRY_ERROR ENOENT: no such file or directory, open '/home/kavia/workspace/code-generation/tictacplus-persistent-fullstack-tic-tac-toe-61826-a614edb6/tic_tac_toe_frontend/node_modules/axobject-query/lib/etc/objects/RowHeaderRole.js'
npm warn tar TAR_ENTRY_ERROR ENOENT: no such file or directory, open '/home/kavia/workspace/code-generation/tictacplus-persistent-fullstack-tic-tac-toe-61826-a614edb6/tic_tac_toe_frontend/node_modules/ajv/lib/dot/_limitItems.jst'
npm warn tar TAR_ENTRY_ERROR ENOENT: no such file or directory, open '/home/kavia/workspace/code-generation/tictacplus-persistent-fullstack-tic-tac-toe-61826-a614edb6/tic_tac_toe_frontend/node_modules/@typescript-eslint/typescript-estree/dist/create-program/getWatchProgramsForProjects.d.ts.map'
npm warn tar TAR_ENTRY_ERROR ENOENT: no such file or directory, open '/home/kavia/workspace/code-generation/tictacplus-persistent-fullstack-tic-tac-toe-61826-a614edb6/tic_tac_toe_frontend/node_modules/webpack/lib/runtime/CompatGetDefaultExportRuntimeModule.js'
npm warn tar TAR_ENTRY_ERROR ENOENT: no such file or directory, open '/home/kavia/workspace/code-generation/tictacplus-persistent-fullstack-tic-tac-toe-61826-a614edb6/tic_tac_toe_frontend/node_modules/eslint-plugin-jsx-a11y/lib/rules/img-redundant-alt.js'
npm warn tar TAR_ENTRY_ERROR ENOENT: no such file or directory, open '/home/kavia/workspace/code-generation/tictacplus-persistent-fullstack-tic-tac-toe-61826-a614edb6/tic_tac_toe_frontend/node_modules/axobject-query/lib/etc/objects/RowRole.js'
npm warn tar TAR_ENTRY_ERROR ENOENT: no such file or directory, open '/home/kavia/workspace/code-generation/tictacplus-persistent-fullstack-tic-tac-toe-61826-a614edb6/tic_tac_toe_frontend/node_modules/ajv/lib/dot/_limitLength.jst'
npm warn tar TAR_ENTRY_ERROR ENOENT: no such file or directory, open '/home/kavia/workspace/code-generation/tictacplus-persistent-fullstack-tic-tac-toe-61826-a614edb6/tic_tac_toe_frontend/node_modules/@typescript-eslint/typescript-estree/dist/create-program/getWatchProgramsForProjects.js.map'
npm warn tar TAR_ENTRY_ERROR ENOENT: no such file or directory, open '/home/kavia/workspace/code-generation/tictacplus-persistent-fullstack-tic-tac-toe-61826-a614edb6/tic_tac_toe_frontend/node_modules/@jest/core/build/lib/logDebugMessages.d.ts'
npm warn tar TAR_ENTRY_ERROR ENOENT: no such file or directory, open '/home/kavia/workspace/code-generation/tictacplus-persistent-fullstack-tic-tac-toe-61826-a614edb6/tic_tac_toe_frontend/node_modules/eslint-plugin-jsx-a11y/lib/util/implicitRoles/img.js'
npm warn tar TAR_ENTRY_ERROR ENOENT: no such file or directory, open '/home/kavia/workspace/code-generation/tictacplus-persistent-fullstack-tic-tac-toe-61826-a614edb6/tic_tac_toe_frontend/node_modules/jsdom/lib/jsdom/living/nodes/DocumentFragment-impl.js'
npm warn tar TAR_ENTRY_ERROR ENOENT: no such file or directory, open '/home/kavia/workspace/code-generation/tictacplus-persistent-fullstack-tic-tac-toe-61826-a614edb6/tic_tac_toe_frontend/node_modules/axobject-query/lib/etc/objects/RubyRole.js'
npm warn tar TAR_ENTRY_ERROR ENOENT: no such file or directory, open '/home/kavia/workspace/code-generation/tictacplus-persistent-fullstack-tic-tac-toe-61826-a614edb6/tic_tac_toe_frontend/node_modules/ajv/lib/dot/_limitProperties.jst'
npm warn tar TAR_ENTRY_ERROR ENOENT: no such file or directory, open '/home/kavia/workspace/code-generation/tictacplus-persistent-fullstack-tic-tac-toe-61826-a614edb6/tic_tac_toe_frontend/node_modules/resolve/example/sync.js'
npm warn tar TAR_ENTRY_ERROR ENOENT: no such file or directory, open '/home/kavia/workspace/code-generation/tictacplus-persistent-fullstack-tic-tac-toe-61826-a614edb6/tic_tac_toe_frontend/node_modules/axobject-query/lib/etc/objects/RulerRole.js'
npm warn tar TAR_ENTRY_ERROR ENOENT: no such file or directory, open '/home/kavia/workspace/code-generation/tictacplus-persistent-fullstack-tic-tac-toe-61826-a614edb6/tic_tac_toe_frontend/node_modules/ajv/lib/dot/allOf.jst'
npm warn tar TAR_ENTRY_ERROR ENOENT: no such file or directory, open '/home/kavia/workspace/code-generation/tictacplus-persistent-fullstack-tic-tac-toe-61826-a614edb6/tic_tac_toe_frontend/node_modules/@typescript-eslint/typescript-estree/dist/parseSettings/index.d.ts.map'
npm warn tar TAR_ENTRY_ERROR ENOENT: no such file or directory, open '/home/kavia/workspace/code-generation/tictacplus-persistent-fullstack-tic-tac-toe-61826-a614edb6/tic_tac_toe_frontend/node_modules/@jest/core/build/plugins/Quit.d.ts'
npm warn tar TAR_ENTRY_ERROR ENOENT: no such file or directory, open '/home/kavia/workspace/code-generation/tictacplus-persistent-fullstack-tic-tac-toe-61826-a614edb6/tic_tac_toe_frontend/node_modules/resolve/lib/sync.js'
npm warn tar TAR_ENTRY_ERROR ENOENT: no such file or directory, open '/home/kavia/workspace/code-generation/tictacplus-persistent-fullstack-tic-tac-toe-61826-a614edb6/tic_tac_toe_frontend/node_modules/core-js-pure/proposals/array-buffer-base64.js'
npm warn tar TAR_ENTRY_ERROR ENOENT: no such file or directory, open '/home/kavia/workspace/code-generation/tictacplus-persistent-fullstack-tic-tac-toe-61826-a614edb6/tic_tac_toe_frontend/node_modules/core-js/proposals/array-buffer-base64.js'
npm warn tar TAR_ENTRY_ERROR ENOENT: no such file or directory, open '/home/kavia/workspace/code-generation/tictacplus-persistent-fullstack-tic-tac-toe-61826-a614edb6/tic_tac_toe_frontend/node_modules/axobject-query/lib/etc/objects/ScrollAreaRole.js'
npm warn tar TAR_ENTRY_ERROR ENOENT: no such file or directory, open '/home/kavia/workspace/code-generation/tictacplus-persistent-fullstack-tic-tac-toe-61826-a614edb6/tic_tac_toe_frontend/node_modules/ajv/lib/dot/anyOf.jst'
npm warn tar TAR_ENTRY_ERROR ENOENT: no such file or directory, open '/home/kavia/workspace/code-generation/tictacplus-persistent-fullstack-tic-tac-toe-61826-a614edb6/tic_tac_toe_frontend/node_modules/@typescript-eslint/typescript-estree/dist/ts-estree/index.d.ts.map'
npm warn tar TAR_ENTRY_ERROR ENOENT: no such file or directory, open '/home/kavia/workspace/code-generation/tictacplus-persistent-fullstack-tic-tac-toe-61826-a614edb6/tic_tac_toe_frontend/node_modules/webpack/lib/runtime/CompatRuntimeModule.js'
npm warn tar TAR_ENTRY_ERROR ENOENT: no such file or directory, open '/home/kavia/workspace/code-generation/tictacplus-persistent-fullstack-tic-tac-toe-61826-a614edb6/tic_tac_toe_frontend/node_modules/core-js-pure/internals/array-buffer-basic-detection.js'
npm warn tar TAR_ENTRY_ERROR ENOENT: no such file or directory, open '/home/kavia/workspace/code-generation/tictacplus-persistent-fullstack-tic-tac-toe-61826-a614edb6/tic_tac_toe_frontend/node_modules/core-js/internals/array-buffer-basic-detection.js'
npm warn tar TAR_ENTRY_ERROR ENOENT: no such file or directory, open '/home/kavia/workspace/code-generation/tictacplus-persistent-fullstack-tic-tac-toe-61826-a614edb6/tic_tac_toe_frontend/node_modules/axobject-query/lib/etc/objects/ScrollBarRole.js'
npm warn tar TAR_ENTRY_ERROR ENOENT: no such file or directory, open '/home/kavia/workspace/code-generation/tictacplus-persistent-fullstack-tic-tac-toe-61826-a614edb6/tic_tac_toe_frontend/node_modules/ajv/lib/dot/comment.jst'
npm warn tar TAR_ENTRY_ERROR ENOENT: no such file or directory, open '/home/kavia/workspace/code-generation/tictacplus-persistent-fullstack-tic-tac-toe-61826-a614edb6/tic_tac_toe_frontend/node_modules/@rushstack/eslint-patch/lib/eslint-bulk-suppressions/cli/utils/wrap-words-to-lines.d.ts.map'
npm warn tar TAR_ENTRY_ERROR ENOENT: no such file or directory, open '/home/kavia/workspace/code-generation/tictacplus-persistent-fullstack-tic-tac-toe-61826-a614edb6/tic_tac_toe_frontend/node_modules/resolve/test/resolver/nested_symlinks/mylib/sync.js'
npm warn tar TAR_ENTRY_ERROR ENOENT: no such file or directory, open '/home/kavia/workspace/code-generation/tictacplus-persistent-fullstack-tic-tac-toe-61826-a614edb6/tic_tac_toe_frontend/node_modules/jsdom/lib/jsdom/living/nodes/DocumentOrShadowRoot-impl.js'
npm warn tar TAR_ENTRY_ERROR ENOENT: no such file or directory, open '/home/kavia/workspace/code-generation/tictacplus-persistent-fullstack-tic-tac-toe-61826-a614edb6/tic_tac_toe_frontend/node_modules/core-js-pure/internals/array-buffer-byte-length.js'
npm warn tar TAR_ENTRY_ERROR ENOENT: no such file or directory, open '/home/kavia/workspace/code-generation/tictacplus-persistent-fullstack-tic-tac-toe-61826-a614edb6/tic_tac_toe_frontend/node_modules/caniuse-lite/dist/unpacker/browsers.js'
npm warn tar TAR_ENTRY_ERROR ENOENT: no such file or directory, open '/home/kavia/workspace/code-generation/tictacplus-persistent-fullstack-tic-tac-toe-61826-a614edb6/tic_tac_toe_frontend/node_modules/core-js/internals/array-buffer-byte-length.js'
npm warn tar TAR_ENTRY_ERROR ENOENT: no such file or directory, open '/home/kavia/workspace/code-generation/tictacplus-persistent-fullstack-tic-tac-toe-61826-a614edb6/tic_tac_toe_frontend/node_modules/axobject-query/lib/etc/objects/SeamlessWebAreaRole.js'
npm warn tar TAR_ENTRY_ERROR ENOENT: no such file or directory, open '/home/kavia/workspace/code-generation/tictacplus-persistent-fullstack-tic-tac-toe-61826-a614edb6/tic_tac_toe_frontend/node_modules/ajv/lib/dot/const.jst'
npm warn tar TAR_ENTRY_ERROR ENOENT: no such file or directory, open '/home/kavia/workspace/code-generation/tictacplus-persistent-fullstack-tic-tac-toe-61826-a614edb6/tic_tac_toe_frontend/node_modules/@typescript-eslint/typescript-estree/dist/parseSettings/index.js.map'
npm warn tar TAR_ENTRY_ERROR ENOENT: no such file or directory, open '/home/kavia/workspace/code-generation/tictacplus-persistent-fullstack-tic-tac-toe-61826-a614edb6/tic_tac_toe_frontend/node_modules/@rushstack/eslint-patch/lib/eslint-bulk-suppressions/cli/utils/wrap-words-to-lines.js.map'
npm warn tar TAR_ENTRY_ERROR ENOENT: no such file or directory, open '/home/kavia/workspace/code-generation/tictacplus-persistent-fullstack-tic-tac-toe-61826-a614edb6/tic_tac_toe_frontend/node_modules/resolve/lib/core.json'
npm warn tar TAR_ENTRY_ERROR ENOENT: no such file or directory, open '/home/kavia/workspace/code-generation/tictacplus-persistent-fullstack-tic-tac-toe-61826-a614edb6/tic_tac_toe_frontend/node_modules/core-js-pure/internals/array-buffer-is-detached.js'
npm warn tar TAR_ENTRY_ERROR ENOENT: no such file or directory, open '/home/kavia/workspace/code-generation/tictacplus-persistent-fullstack-tic-tac-toe-61826-a614edb6/tic_tac_toe_frontend/node_modules/core-js/internals/array-buffer-is-detached.js'
npm warn tar TAR_ENTRY_ERROR ENOENT: no such file or directory, open '/home/kavia/workspace/code-generation/tictacplus-persistent-fullstack-tic-tac-toe-61826-a614edb6/tic_tac_toe_frontend/node_modules/axobject-query/lib/etc/objects/SearchBoxRole.js'
npm warn tar TAR_ENTRY_ERROR ENOENT: no such file or directory, open '/home/kavia/workspace/code-generation/tictacplus-persistent-fullstack-tic-tac-toe-61826-a614edb6/tic_tac_toe_frontend/node_modules/ajv/lib/dot/contains.jst'
npm warn tar TAR_ENTRY_ERROR ENOENT: no such file or directory, open '/home/kavia/workspace/code-generation/tictacplus-persistent-fullstack-tic-tac-toe-61826-a614edb6/tic_tac_toe_frontend/node_modules/@typescript-eslint/typescript-estree/dist/ts-estree/index.js.map'
npm warn tar TAR_ENTRY_ERROR ENOENT: no such file or directory, open '/home/kavia/workspace/code-generation/tictacplus-persistent-fullstack-tic-tac-toe-61826-a614edb6/tic_tac_toe_frontend/node_modules/core-js-pure/internals/array-buffer-non-extensible.js'
npm warn tar TAR_ENTRY_ERROR ENOENT: no such file or directory, open '/home/kavia/workspace/code-generation/tictacplus-persistent-fullstack-tic-tac-toe-61826-a614edb6/tic_tac_toe_frontend/node_modules/caniuse-lite/dist/unpacker/browserVersions.js'
npm warn tar TAR_ENTRY_ERROR ENOENT: no such file or directory, open '/home/kavia/workspace/code-generation/tictacplus-persistent-fullstack-tic-tac-toe-61826-a614edb6/tic_tac_toe_frontend/node_modules/core-js/internals/array-buffer-non-extensible.js'
npm warn tar TAR_ENTRY_ERROR ENOENT: no such file or directory, open '/home/kavia/workspace/code-generation/tictacplus-persistent-fullstack-tic-tac-toe-61826-a614edb6/tic_tac_toe_frontend/node_modules/axobject-query/lib/etc/objects/SearchRole.js'
npm warn tar TAR_ENTRY_ERROR ENOENT: no such file or directory, open '/home/kavia/workspace/code-generation/tictacplus-persistent-fullstack-tic-tac-toe-61826-a614edb6/tic_tac_toe_frontend/node_modules/ajv/lib/dot/custom.jst'
npm warn tar TAR_ENTRY_ERROR ENOENT: no such file or directory, open '/home/kavia/workspace/code-generation/tictacplus-persistent-fullstack-tic-tac-toe-61826-a614edb6/tic_tac_toe_frontend/node_modules/@typescript-eslint/typescript-estree/dist/parseSettings/inferSingleRun.d.ts.map'
npm warn tar TAR_ENTRY_ERROR ENOENT: no such file or directory, open '/home/kavia/workspace/code-generation/tictacplus-persistent-fullstack-tic-tac-toe-61826-a614edb6/tic_tac_toe_frontend/node_modules/jsdom/lib/jsdom/living/nodes/DocumentType-impl.js'
npm warn tar TAR_ENTRY_ERROR ENOENT: no such file or directory, open '/home/kavia/workspace/code-generation/tictacplus-persistent-fullstack-tic-tac-toe-61826-a614edb6/tic_tac_toe_frontend/node_modules/core-js-pure/internals/array-buffer-not-detached.js'
npm warn tar TAR_ENTRY_ERROR ENOENT: no such file or directory, open '/home/kavia/workspace/code-generation/tictacplus-persistent-fullstack-tic-tac-toe-61826-a614edb6/tic_tac_toe_frontend/node_modules/core-js/internals/array-buffer-not-detached.js'
npm warn tar TAR_ENTRY_ERROR ENOENT: no such file or directory, open '/home/kavia/workspace/code-generation/tictacplus-persistent-fullstack-tic-tac-toe-61826-a614edb6/tic_tac_toe_frontend/node_modules/axobject-query/lib/etc/objects/SliderRole.js'
npm warn tar TAR_ENTRY_ERROR ENOENT: no such file or directory, open '/home/kavia/workspace/code-generation/tictacplus-persistent-fullstack-tic-tac-toe-61826-a614edb6/tic_tac_toe_frontend/node_modules/@typescript-eslint/typescript-estree/dist/parseSettings/inferSingleRun.js.map'
npm warn tar TAR_ENTRY_ERROR ENOENT: no such file or directory, open '/home/kavia/workspace/code-generation/tictacplus-persistent-fullstack-tic-tac-toe-61826-a614edb6/tic_tac_toe_frontend/node_modules/sucrase/dist/esm/util/removeMaybeImportAttributes.js'
npm warn tar TAR_ENTRY_ERROR ENOENT: no such file or directory, open '/home/kavia/workspace/code-generation/tictacplus-persistent-fullstack-tic-tac-toe-61826-a614edb6/tic_tac_toe_frontend/node_modules/core-js-pure/internals/array-buffer-transfer.js'
npm warn tar TAR_ENTRY_ERROR ENOENT: no such file or directory, open '/home/kavia/workspace/code-generation/tictacplus-persistent-fullstack-tic-tac-toe-61826-a614edb6/tic_tac_toe_frontend/node_modules/core-js/internals/array-buffer-transfer.js'
npm warn tar TAR_ENTRY_ERROR ENOENT: no such file or directory, open '/home/kavia/workspace/code-generation/tictacplus-persistent-fullstack-tic-tac-toe-61826-a614edb6/tic_tac_toe_frontend/node_modules/axobject-query/lib/etc/objects/SliderThumbRole.js'
npm warn tar TAR_ENTRY_ERROR ENOENT: no such file or directory, open '/home/kavia/workspace/code-generation/tictacplus-persistent-fullstack-tic-tac-toe-61826-a614edb6/tic_tac_toe_frontend/node_modules/ajv/lib/dot/dependencies.jst'
npm warn tar TAR_ENTRY_ERROR ENOENT: no such file or directory, open '/home/kavia/workspace/code-generation/tictacplus-persistent-fullstack-tic-tac-toe-61826-a614edb6/tic_tac_toe_frontend/node_modules/sucrase/dist/util/removeMaybeImportAttributes.js'
npm warn tar TAR_ENTRY_ERROR ENOENT: no such file or directory, open '/home/kavia/workspace/code-generation/tictacplus-persistent-fullstack-tic-tac-toe-61826-a614edb6/tic_tac_toe_frontend/node_modules/core-js-pure/proposals/array-buffer-transfer.js'
npm warn tar TAR_ENTRY_ERROR ENOENT: no such file or directory, open '/home/kavia/workspace/code-generation/tictacplus-persistent-fullstack-tic-tac-toe-61826-a614edb6/tic_tac_toe_frontend/node_modules/core-js/proposals/array-buffer-transfer.js'
npm warn tar TAR_ENTRY_ERROR ENOENT: no such file or directory, open '/home/kavia/workspace/code-generation/tictacplus-persistent-fullstack-tic-tac-toe-61826-a614edb6/tic_tac_toe_frontend/node_modules/axobject-query/lib/etc/objects/SpinButtonPartRole.js'
npm warn tar TAR_ENTRY_ERROR ENOENT: no such file or directory, open '/home/kavia/workspace/code-generation/tictacplus-persistent-fullstack-tic-tac-toe-61826-a614edb6/tic_tac_toe_frontend/node_modules/ajv/lib/dot/enum.jst'
npm warn tar TAR_ENTRY_ERROR ENOENT: no such file or directory, open '/home/kavia/workspace/code-generation/tictacplus-persistent-fullstack-tic-tac-toe-61826-a614edb6/tic_tac_toe_frontend/node_modules/@jest/core/build/plugins/TestNamePattern.d.ts'
npm warn tar TAR_ENTRY_ERROR ENOENT: no such file or directory, open '/home/kavia/workspace/code-generation/tictacplus-persistent-fullstack-tic-tac-toe-61826-a614edb6/tic_tac_toe_frontend/node_modules/sucrase/dist/esm/transformers/RootTransformer.js'
npm warn tar TAR_ENTRY_ERROR ENOENT: no such file or directory, open '/home/kavia/workspace/code-generation/tictacplus-persistent-fullstack-tic-tac-toe-61826-a614edb6/tic_tac_toe_frontend/node_modules/eslint-plugin-jsx-a11y/lib/util/implicitRoles/index.js'
npm warn tar TAR_ENTRY_ERROR ENOENT: no such file or directory, open '/home/kavia/workspace/code-generation/tictacplus-persistent-fullstack-tic-tac-toe-61826-a614edb6/tic_tac_toe_frontend/node_modules/core-js-pure/internals/array-buffer-view-core.js'
npm warn tar TAR_ENTRY_ERROR ENOENT: no such file or directory, open '/home/kavia/workspace/code-generation/tictacplus-persistent-fullstack-tic-tac-toe-61826-a614edb6/tic_tac_toe_frontend/node_modules/core-js/internals/array-buffer-view-core.js'
npm warn tar TAR_ENTRY_ERROR ENOENT: no such file or directory, open '/home/kavia/workspace/code-generation/tictacplus-persistent-fullstack-tic-tac-toe-61826-a614edb6/tic_tac_toe_frontend/node_modules/axobject-query/lib/etc/objects/SpinButtonRole.js'
npm warn tar TAR_ENTRY_ERROR ENOENT: no such file or directory, open '/home/kavia/workspace/code-generation/tictacplus-persistent-fullstack-tic-tac-toe-61826-a614edb6/tic_tac_toe_frontend/node_modules/@typescript-eslint/scope-manager/dist/referencer/ExportVisitor.js'
npm warn tar TAR_ENTRY_ERROR ENOENT: no such file or directory, open '/home/kavia/workspace/code-generation/tictacplus-persistent-fullstack-tic-tac-toe-61826-a614edb6/tic_tac_toe_frontend/node_modules/ajv/lib/dot/format.jst'
npm warn tar TAR_ENTRY_ERROR ENOENT: no such file or directory, open '/home/kavia/workspace/code-generation/tictacplus-persistent-fullstack-tic-tac-toe-61826-a614edb6/tic_tac_toe_frontend/node_modules/resolve/test/resolver/baz/package.json'
npm warn tar TAR_ENTRY_ERROR ENOENT: no such file or directory, open '/home/kavia/workspace/code-generation/tictacplus-persistent-fullstack-tic-tac-toe-61826-a614edb6/tic_tac_toe_frontend/node_modules/jsdom/lib/jsdom/living/nodes/DOMImplementation-impl.js'
npm warn tar TAR_ENTRY_ERROR ENOENT: no such file or directory, open '/home/kavia/workspace/code-generation/tictacplus-persistent-fullstack-tic-tac-toe-61826-a614edb6/tic_tac_toe_frontend/node_modules/core-js-pure/internals/array-buffer.js'
npm warn tar TAR_ENTRY_ERROR ENOENT: no such file or directory, open '/home/kavia/workspace/code-generation/tictacplus-persistent-fullstack-tic-tac-toe-61826-a614edb6/tic_tac_toe_frontend/node_modules/core-js/internals/array-buffer.js'
npm warn tar TAR_ENTRY_ERROR ENOENT: no such file or directory, open '/home/kavia/workspace/code-generation/tictacplus-persistent-fullstack-tic-tac-toe-61826-a614edb6/tic_tac_toe_frontend/node_modules/axobject-query/lib/etc/objects/SplitterRole.js'
npm warn tar TAR_ENTRY_ERROR ENOENT: no such file or directory, open '/home/kavia/workspace/code-generation/tictacplus-persistent-fullstack-tic-tac-toe-61826-a614edb6/tic_tac_toe_frontend/node_modules/@typescript-eslint/scope-manager/dist/scope/ForScope.js'
npm warn tar TAR_ENTRY_ERROR ENOENT: no such file or directory, open '/home/kavia/workspace/code-generation/tictacplus-persistent-fullstack-tic-tac-toe-61826-a614edb6/tic_tac_toe_frontend/node_modules/ajv/lib/dot/if.jst'
npm warn tar TAR_ENTRY_ERROR ENOENT: no such file or directory, open '/home/kavia/workspace/code-generation/tictacplus-persistent-fullstack-tic-tac-toe-61826-a614edb6/tic_tac_toe_frontend/node_modules/@jest/core/build/plugins/TestPathPattern.d.ts'
npm warn tar TAR_ENTRY_ERROR ENOENT: no such file or directory, open '/home/kavia/workspace/code-generation/tictacplus-persistent-fullstack-tic-tac-toe-61826-a614edb6/tic_tac_toe_frontend/node_modules/sucrase/dist/transformers/RootTransformer.js'
npm warn tar TAR_ENTRY_ERROR ENOENT: no such file or directory, open '/home/kavia/workspace/code-generation/tictacplus-persistent-fullstack-tic-tac-toe-61826-a614edb6/tic_tac_toe_frontend/node_modules/resolve/test/resolver/browser_field/package.json'
npm warn tar TAR_ENTRY_ERROR ENOENT: no such file or directory, lstat '/home/kavia/workspace/code-generation/tictacplus-persistent-fullstack-tic-tac-toe-61826-a614edb6/tic_tac_toe_frontend/node_modules/eslint-plugin-jsx-a11y/__tests__/src/util/implicitRoles'
npm warn tar TAR_ENTRY_ERROR ENOENT: no such file or directory, open '/home/kavia/workspace/code-generation/tictacplus-persistent-fullstack-tic-tac-toe-61826-a614edb6/tic_tac_toe_frontend/node_modules/es-abstract/2015/ArrayCreate.js'
npm warn tar TAR_ENTRY_ERROR ENOENT: no such file or directory, open '/home/kavia/workspace/code-generation/tictacplus-persistent-fullstack-tic-tac-toe-61826-a614edb6/tic_tac_toe_frontend/node_modules/core-js-pure/internals/array-copy-within.js'
npm warn tar TAR_ENTRY_ERROR ENOENT: no such file or directory, open '/home/kavia/workspace/code-generation/tictacplus-persistent-fullstack-tic-tac-toe-61826-a614edb6/tic_tac_toe_frontend/node_modules/axobject-query/lib/etc/objects/StaticTextRole.js'
npm warn tar TAR_ENTRY_ERROR ENOENT: no such file or directory, open '/home/kavia/workspace/code-generation/tictacplus-persistent-fullstack-tic-tac-toe-61826-a614edb6/tic_tac_toe_frontend/node_modules/@typescript-eslint/scope-manager/dist/scope/FunctionExpressionNameScope.js'
npm warn tar TAR_ENTRY_ERROR ENOENT: no such file or directory, open '/home/kavia/workspace/code-generation/tictacplus-persistent-fullstack-tic-tac-toe-61826-a614edb6/tic_tac_toe_frontend/node_modules/ajv/lib/dot/items.jst'
npm warn tar TAR_ENTRY_ERROR ENOENT: no such file or directory, open '/home/kavia/workspace/code-generation/tictacplus-persistent-fullstack-tic-tac-toe-61826-a614edb6/tic_tac_toe_frontend/node_modules/resolve/test/resolver/dot_main/package.json'
npm warn tar TAR_ENTRY_ERROR ENOENT: no such file or directory, open '/home/kavia/workspace/code-generation/tictacplus-persistent-fullstack-tic-tac-toe-61826-a614edb6/tic_tac_toe_frontend/node_modules/core-js/internals/array-copy-within.js'
npm warn tar TAR_ENTRY_ERROR ENOENT: no such file or directory, open '/home/kavia/workspace/code-generation/tictacplus-persistent-fullstack-tic-tac-toe-61826-a614edb6/tic_tac_toe_frontend/node_modules/axobject-query/lib/etc/objects/StatusRole.js'
npm warn tar TAR_ENTRY_ERROR ENOENT: no such file or directory, open '/home/kavia/workspace/code-generation/tictacplus-persistent-fullstack-tic-tac-toe-61826-a614edb6/tic_tac_toe_frontend/node_modules/aria-query/lib/etc/roles/abstract/inputRole.js'
npm warn tar TAR_ENTRY_ERROR ENOENT: no such file or directory, open '/home/kavia/workspace/code-generation/tictacplus-persistent-fullstack-tic-tac-toe-61826-a614edb6/tic_tac_toe_frontend/node_modules/@typescript-eslint/scope-manager/dist/definition/FunctionNameDefinition.js'
npm warn tar TAR_ENTRY_ERROR ENOENT: no such file or directory, open '/home/kavia/workspace/code-generation/tictacplus-persistent-fullstack-tic-tac-toe-61826-a614edb6/tic_tac_toe_frontend/node_modules/ajv/lib/dot/multipleOf.jst'
npm warn tar TAR_ENTRY_ERROR ENOENT: no such file or directory, open '/home/kavia/workspace/code-generation/tictacplus-persistent-fullstack-tic-tac-toe-61826-a614edb6/tic_tac_toe_frontend/node_modules/sucrase/dist/esm/util/shouldElideDefaultExport.js'
npm warn tar TAR_ENTRY_ERROR ENOENT: no such file or directory, open '/home/kavia/workspace/code-generation/tictacplus-persistent-fullstack-tic-tac-toe-61826-a614edb6/tic_tac_toe_frontend/node_modules/resolve/test/resolver/dot_slash_main/package.json'
npm warn tar TAR_ENTRY_ERROR ENOENT: no such file or directory, open '/home/kavia/workspace/code-generation/tictacplus-persistent-fullstack-tic-tac-toe-61826-a614edb6/tic_tac_toe_frontend/node_modules/regenerate-unicode-properties/General_Category/Initial_Punctuation.js'
npm warn tar TAR_ENTRY_ERROR ENOENT: no such file or directory, open '/home/kavia/workspace/code-generation/tictacplus-persistent-fullstack-tic-tac-toe-61826-a614edb6/tic_tac_toe_frontend/node_modules/eslint-plugin-jsx-a11y/lib/util/implicitRoles/input.js'
npm warn tar TAR_ENTRY_ERROR ENOENT: no such file or directory, open '/home/kavia/workspace/code-generation/tictacplus-persistent-fullstack-tic-tac-toe-61826-a614edb6/tic_tac_toe_frontend/node_modules/core-js-pure/internals/array-fill.js'
npm warn tar TAR_ENTRY_ERROR ENOENT: no such file or directory, open '/home/kavia/workspace/code-generation/tictacplus-persistent-fullstack-tic-tac-toe-61826-a614edb6/tic_tac_toe_frontend/node_modules/core-js/internals/array-fill.js'
npm warn tar TAR_ENTRY_ERROR ENOENT: no such file or directory, open '/home/kavia/workspace/code-generation/tictacplus-persistent-fullstack-tic-tac-toe-61826-a614edb6/tic_tac_toe_frontend/node_modules/axobject-query/lib/etc/objects/SVGRootRole.js'
npm warn tar TAR_ENTRY_ERROR ENOENT: no such file or directory, open '/home/kavia/workspace/code-generation/tictacplus-persistent-fullstack-tic-tac-toe-61826-a614edb6/tic_tac_toe_frontend/node_modules/@typescript-eslint/scope-manager/dist/scope/FunctionScope.js'
npm warn tar TAR_ENTRY_ERROR ENOENT: no such file or directory, open '/home/kavia/workspace/code-generation/tictacplus-persistent-fullstack-tic-tac-toe-61826-a614edb6/tic_tac_toe_frontend/node_modules/ajv/lib/dot/not.jst'
npm warn tar TAR_ENTRY_ERROR ENOENT: no such file or directory, open '/home/kavia/workspace/code-generation/tictacplus-persistent-fullstack-tic-tac-toe-61826-a614edb6/tic_tac_toe_frontend/node_modules/@typescript-eslint/eslint-plugin/dist/util/misc.js'
npm warn tar TAR_ENTRY_ERROR ENOENT: no such file or directory, open '/home/kavia/workspace/code-generation/tictacplus-persistent-fullstack-tic-tac-toe-61826-a614edb6/tic_tac_toe_frontend/node_modules/sucrase/dist/util/shouldElideDefaultExport.js'
npm warn tar TAR_ENTRY_ERROR ENOENT: no such file or directory, open '/home/kavia/workspace/code-generation/tictacplus-persistent-fullstack-tic-tac-toe-61826-a614edb6/tic_tac_toe_frontend/node_modules/resolve/test/resolver/false_main/package.json'
npm warn tar TAR_ENTRY_ERROR ENOENT: no such file or directory, open '/home/kavia/workspace/code-generation/tictacplus-persistent-fullstack-tic-tac-toe-61826-a614edb6/tic_tac_toe_frontend/node_modules/eslint-plugin-jsx-a11y/__tests__/src/rules/interactive-supports-focus-test.js'
npm warn tar TAR_ENTRY_ERROR ENOENT: no such file or directory, open '/home/kavia/workspace/code-generation/tictacplus-persistent-fullstack-tic-tac-toe-61826-a614edb6/tic_tac_toe_frontend/node_modules/es-iterator-helpers/Iterator.prototype.filter/polyfill.js'
npm warn tar TAR_ENTRY_ERROR ENOENT: no such file or directory, open '/home/kavia/workspace/code-generation/tictacplus-persistent-fullstack-tic-tac-toe-61826-a614edb6/tic_tac_toe_frontend/node_modules/core-js-pure/proposals/array-filtering-stage-1.js'
npm warn tar TAR_ENTRY_ERROR ENOENT: no such file or directory, open '/home/kavia/workspace/code-generation/tictacplus-persistent-fullstack-tic-tac-toe-61826-a614edb6/tic_tac_toe_frontend/node_modules/core-js/proposals/array-filtering-stage-1.js'
npm warn tar TAR_ENTRY_ERROR ENOENT: no such file or directory, open '/home/kavia/workspace/code-generation/tictacplus-persistent-fullstack-tic-tac-toe-61826-a614edb6/tic_tac_toe_frontend/node_modules/axobject-query/lib/etc/objects/SwitchRole.js'
npm warn tar TAR_ENTRY_ERROR ENOENT: no such file or directory, open '/home/kavia/workspace/code-generation/tictacplus-persistent-fullstack-tic-tac-toe-61826-a614edb6/tic_tac_toe_frontend/node_modules/@typescript-eslint/scope-manager/dist/scope/FunctionTypeScope.js'
npm warn tar TAR_ENTRY_ERROR ENOENT: no such file or directory, open '/home/kavia/workspace/code-generation/tictacplus-persistent-fullstack-tic-tac-toe-61826-a614edb6/tic_tac_toe_frontend/node_modules/ajv/lib/dot/oneOf.jst'
npm warn tar TAR_ENTRY_ERROR ENOENT: no such file or directory, open '/home/kavia/workspace/code-generation/tictacplus-persistent-fullstack-tic-tac-toe-61826-a614edb6/tic_tac_toe_frontend/node_modules/resolve/test/resolver/incorrect_main/package.json'
npm warn tar TAR_ENTRY_ERROR ENOENT: no such file or directory, open '/home/kavia/workspace/code-generation/tictacplus-persistent-fullstack-tic-tac-toe-61826-a614edb6/tic_tac_toe_frontend/node_modules/eslint-plugin-jsx-a11y/lib/rules/interactive-supports-focus.js'
npm warn tar TAR_ENTRY_ERROR ENOENT: no such file or directory, open '/home/kavia/workspace/code-generation/tictacplus-persistent-fullstack-tic-tac-toe-61826-a614edb6/tic_tac_toe_frontend/node_modules/es-iterator-helpers/Iterator.prototype.find/polyfill.js'
npm warn tar TAR_ENTRY_ERROR ENOENT: no such file or directory, open '/home/kavia/workspace/code-generation/tictacplus-persistent-fullstack-tic-tac-toe-61826-a614edb6/tic_tac_toe_frontend/node_modules/core-js-pure/proposals/array-filtering.js'
npm warn tar TAR_ENTRY_ERROR ENOENT: no such file or directory, open '/home/kavia/workspace/code-generation/tictacplus-persistent-fullstack-tic-tac-toe-61826-a614edb6/tic_tac_toe_frontend/node_modules/core-js/proposals/array-filtering.js'
npm warn tar TAR_ENTRY_ERROR ENOENT: no such file or directory, open '/home/kavia/workspace/code-generation/tictacplus-persistent-fullstack-tic-tac-toe-61826-a614edb6/tic_tac_toe_frontend/node_modules/axobject-query/lib/etc/objects/TabGroupRole.js'
npm warn tar TAR_ENTRY_ERROR ENOENT: no such file or directory, open '/home/kavia/workspace/code-generation/tictacplus-persistent-fullstack-tic-tac-toe-61826-a614edb6/tic_tac_toe_frontend/node_modules/@typescript-eslint/scope-manager/dist/scope/GlobalScope.js'
npm warn tar TAR_ENTRY_ERROR ENOENT: no such file or directory, open '/home/kavia/workspace/code-generation/tictacplus-persistent-fullstack-tic-tac-toe-61826-a614edb6/tic_tac_toe_frontend/node_modules/ajv/lib/dot/pattern.jst'
npm warn tar TAR_ENTRY_ERROR ENOENT: no such file or directory, open '/home/kavia/workspace/code-generation/tictacplus-persistent-fullstack-tic-tac-toe-61826-a614edb6/tic_tac_toe_frontend/node_modules/@typescript-eslint/typescript-estree/dist/parseSettings/resolveProjectList.d.ts.map'
npm warn tar TAR_ENTRY_ERROR ENOENT: no such file or directory, open '/home/kavia/workspace/code-generation/tictacplus-persistent-fullstack-tic-tac-toe-61826-a614edb6/tic_tac_toe_frontend/node_modules/es-iterator-helpers/Iterator.prototype.flatMap/polyfill.js'
npm warn tar TAR_ENTRY_ERROR ENOENT: no such file or directory, open '/home/kavia/workspace/code-generation/tictacplus-persistent-fullstack-tic-tac-toe-61826-a614edb6/tic_tac_toe_frontend/node_modules/core-js-pure/proposals/array-find-from-last.js'
npm warn tar TAR_ENTRY_ERROR ENOENT: no such file or directory, open '/home/kavia/workspace/code-generation/tictacplus-persistent-fullstack-tic-tac-toe-61826-a614edb6/tic_tac_toe_frontend/node_modules/core-js/proposals/array-find-from-last.js'
npm warn tar TAR_ENTRY_ERROR ENOENT: no such file or directory, open '/home/kavia/workspace/code-generation/tictacplus-persistent-fullstack-tic-tac-toe-61826-a614edb6/tic_tac_toe_frontend/node_modules/axobject-query/lib/etc/objects/TableHeaderContainerRole.js'
npm warn tar TAR_ENTRY_ERROR ENOENT: no such file or directory, open '/home/kavia/workspace/code-generation/tictacplus-persistent-fullstack-tic-tac-toe-61826-a614edb6/tic_tac_toe_frontend/node_modules/ajv/lib/dot/properties.jst'
npm warn tar TAR_ENTRY_ERROR ENOENT: no such file or directory, open '/home/kavia/workspace/code-generation/tictacplus-persistent-fullstack-tic-tac-toe-61826-a614edb6/tic_tac_toe_frontend/node_modules/@typescript-eslint/typescript-estree/dist/parseSettings/resolveProjectList.js.map'
npm warn tar TAR_ENTRY_ERROR ENOENT: no such file or directory, open '/home/kavia/workspace/code-generation/tictacplus-persistent-fullstack-tic-tac-toe-61826-a614edb6/tic_tac_toe_frontend/node_modules/eslint-plugin-jsx-a11y/__tests__/src/util/isAbstractRole-test.js'
npm warn tar TAR_ENTRY_ERROR ENOENT: no such file or directory, open '/home/kavia/workspace/code-generation/tictacplus-persistent-fullstack-tic-tac-toe-61826-a614edb6/tic_tac_toe_frontend/node_modules/es-iterator-helpers/Iterator.prototype.forEach/polyfill.js'
npm warn tar TAR_ENTRY_ERROR ENOENT: no such file or directory, open '/home/kavia/workspace/code-generation/tictacplus-persistent-fullstack-tic-tac-toe-61826-a614edb6/tic_tac_toe_frontend/node_modules/core-js-pure/proposals/array-flat-map.js'
npm warn tar TAR_ENTRY_ERROR ENOENT: no such file or directory, open '/home/kavia/workspace/code-generation/tictacplus-persistent-fullstack-tic-tac-toe-61826-a614edb6/tic_tac_toe_frontend/node_modules/core-js/proposals/array-flat-map.js'
npm warn tar TAR_ENTRY_ERROR ENOENT: no such file or directory, open '/home/kavia/workspace/code-generation/tictacplus-persistent-fullstack-tic-tac-toe-61826-a614edb6/tic_tac_toe_frontend/node_modules/axobject-query/lib/etc/objects/TableRole.js'
npm warn tar TAR_ENTRY_ERROR ENOENT: no such file or directory, open '/home/kavia/workspace/code-generation/tictacplus-persistent-fullstack-tic-tac-toe-61826-a614edb6/tic_tac_toe_frontend/node_modules/@typescript-eslint/scope-manager/dist/definition/ImplicitGlobalVariableDefinition.js'
npm warn tar TAR_ENTRY_ERROR ENOENT: no such file or directory, open '/home/kavia/workspace/code-generation/tictacplus-persistent-fullstack-tic-tac-toe-61826-a614edb6/tic_tac_toe_frontend/node_modules/ajv/lib/dot/propertyNames.jst'
npm warn tar TAR_ENTRY_ERROR ENOENT: no such file or directory, open '/home/kavia/workspace/code-generation/tictacplus-persistent-fullstack-tic-tac-toe-61826-a614edb6/tic_tac_toe_frontend/node_modules/@rushstack/eslint-patch/lib/eslint-bulk-suppressions/cli/utils/get-eslint-cli.d.ts'
npm warn tar TAR_ENTRY_ERROR ENOENT: no such file or directory, open '/home/kavia/workspace/code-generation/tictacplus-persistent-fullstack-tic-tac-toe-61826-a614edb6/tic_tac_toe_frontend/node_modules/eslint-plugin-jsx-a11y/lib/util/isAbstractRole.js'
npm warn tar TAR_ENTRY_ERROR ENOENT: no such file or directory, open '/home/kavia/workspace/code-generation/tictacplus-persistent-fullstack-tic-tac-toe-61826-a614edb6/tic_tac_toe_frontend/node_modules/eslint-plugin-import/config/flat/react.js'
npm warn tar TAR_ENTRY_ERROR ENOENT: no such file or directory, open '/home/kavia/workspace/code-generation/tictacplus-persistent-fullstack-tic-tac-toe-61826-a614edb6/tic_tac_toe_frontend/node_modules/es-iterator-helpers/Iterator.prototype.map/polyfill.js'
npm warn tar TAR_ENTRY_ERROR ENOENT: no such file or directory, open '/home/kavia/workspace/code-generation/tictacplus-persistent-fullstack-tic-tac-toe-61826-a614edb6/tic_tac_toe_frontend/node_modules/core-js-pure/internals/array-for-each.js'
npm warn tar TAR_ENTRY_ERROR ENOENT: no such file or directory, open '/home/kavia/workspace/code-generation/tictacplus-persistent-fullstack-tic-tac-toe-61826-a614edb6/tic_tac_toe_frontend/node_modules/core-js/internals/array-for-each.js'
npm warn tar TAR_ENTRY_ERROR ENOENT: no such file or directory, open '/home/kavia/workspace/code-generation/tictacplus-persistent-fullstack-tic-tac-toe-61826-a614edb6/tic_tac_toe_frontend/node_modules/axobject-query/lib/etc/objects/TabListRole.js'
npm warn tar TAR_ENTRY_ERROR ENOENT: no such file or directory, open '/home/kavia/workspace/code-generation/tictacplus-persistent-fullstack-tic-tac-toe-61826-a614edb6/tic_tac_toe_frontend/node_modules/aria-query/lib/etc/roles/abstract/landmarkRole.js'
npm warn tar TAR_ENTRY_ERROR ENOENT: no such file or directory, open '/home/kavia/workspace/code-generation/tictacplus-persistent-fullstack-tic-tac-toe-61826-a614edb6/tic_tac_toe_frontend/node_modules/ajv/lib/dot/ref.jst'
npm warn tar TAR_ENTRY_ERROR ENOENT: no such file or directory, open '/home/kavia/workspace/code-generation/tictacplus-persistent-fullstack-tic-tac-toe-61826-a614edb6/tic_tac_toe_frontend/node_modules/@jest/core/build/lib/updateGlobalConfig.d.ts'
npm warn tar TAR_ENTRY_ERROR ENOENT: no such file or directory, open '/home/kavia/workspace/code-generation/tictacplus-persistent-fullstack-tic-tac-toe-61826-a614edb6/tic_tac_toe_frontend/node_modules/eslint-plugin-jsx-a11y/__tests__/src/util/isContentEditable-test.js'
npm warn tar TAR_ENTRY_ERROR ENOENT: no such file or directory, open '/home/kavia/workspace/code-generation/tictacplus-persistent-fullstack-tic-tac-toe-61826-a614edb6/tic_tac_toe_frontend/node_modules/jsdom/lib/jsdom/living/nodes/DOMStringMap-impl.js'
npm warn tar TAR_ENTRY_ERROR ENOENT: no such file or directory, open '/home/kavia/workspace/code-generation/tictacplus-persistent-fullstack-tic-tac-toe-61826-a614edb6/tic_tac_toe_frontend/node_modules/es-iterator-helpers/Iterator.prototype.reduce/polyfill.js'
npm warn tar TAR_ENTRY_ERROR ENOENT: no such file or directory, open '/home/kavia/workspace/code-generation/tictacplus-persistent-fullstack-tic-tac-toe-61826-a614edb6/tic_tac_toe_frontend/node_modules/core-js-pure/proposals/array-from-async-stage-2.js'
npm warn tar TAR_ENTRY_ERROR ENOENT: no such file or directory, open '/home/kavia/workspace/code-generation/tictacplus-persistent-fullstack-tic-tac-toe-61826-a614edb6/tic_tac_toe_frontend/node_modules/core-js/proposals/array-from-async-stage-2.js'
npm warn tar TAR_ENTRY_ERROR ENOENT: no such file or directory, open '/home/kavia/workspace/code-generation/tictacplus-persistent-fullstack-tic-tac-toe-61826-a614edb6/tic_tac_toe_frontend/node_modules/axobject-query/lib/etc/objects/TabPanelRole.js'
npm warn tar TAR_ENTRY_ERROR ENOENT: no such file or directory, open '/home/kavia/workspace/code-generation/tictacplus-persistent-fullstack-tic-tac-toe-61826-a614edb6/tic_tac_toe_frontend/node_modules/@typescript-eslint/scope-manager/dist/definition/ImportBindingDefinition.js'
npm warn tar TAR_ENTRY_ERROR ENOENT: no such file or directory, open '/home/kavia/workspace/code-generation/tictacplus-persistent-fullstack-tic-tac-toe-61826-a614edb6/tic_tac_toe_frontend/node_modules/@typescript-eslint/typescript-estree/dist/create-program/shared.d.ts.map'
npm warn tar TAR_ENTRY_ERROR ENOENT: no such file or directory, open '/home/kavia/workspace/code-generation/tictacplus-persistent-fullstack-tic-tac-toe-61826-a614edb6/tic_tac_toe_frontend/node_modules/@rushstack/eslint-patch/lib/eslint-bulk-suppressions/cli/utils/is-correct-cwd.d.ts'
npm warn tar TAR_ENTRY_ERROR ENOENT: no such file or directory, open '/home/kavia/workspace/code-generation/tictacplus-persistent-fullstack-tic-tac-toe-61826-a614edb6/tic_tac_toe_frontend/node_modules/@jest/core/build/plugins/UpdateSnapshots.d.ts'
npm warn tar TAR_ENTRY_ERROR ENOENT: no such file or directory, open '/home/kavia/workspace/code-generation/tictacplus-persistent-fullstack-tic-tac-toe-61826-a614edb6/tic_tac_toe_frontend/node_modules/webpack/lib/util/compileBooleanMatcher.js'
npm warn tar TAR_ENTRY_ERROR ENOENT: no such file or directory, open '/home/kavia/workspace/code-generation/tictacplus-persistent-fullstack-tic-tac-toe-61826-a614edb6/tic_tac_toe_frontend/node_modules/eslint-plugin-jsx-a11y/lib/util/isContentEditable.js'
npm warn tar TAR_ENTRY_ERROR ENOENT: no such file or directory, open '/home/kavia/workspace/code-generation/tictacplus-persistent-fullstack-tic-tac-toe-61826-a614edb6/tic_tac_toe_frontend/node_modules/eslint-plugin-import/config/flat/recommended.js'
npm warn tar TAR_ENTRY_ERROR ENOENT: no such file or directory, open '/home/kavia/workspace/code-generation/tictacplus-persistent-fullstack-tic-tac-toe-61826-a614edb6/tic_tac_toe_frontend/node_modules/es-iterator-helpers/Iterator.prototype.some/polyfill.js'
npm warn tar TAR_ENTRY_ERROR ENOENT: no such file or directory, open '/home/kavia/workspace/code-generation/tictacplus-persistent-fullstack-tic-tac-toe-61826-a614edb6/tic_tac_toe_frontend/node_modules/core-js-pure/internals/array-from-async.js'
npm warn tar TAR_ENTRY_ERROR ENOENT: no such file or directory, open '/home/kavia/workspace/code-generation/tictacplus-persistent-fullstack-tic-tac-toe-61826-a614edb6/tic_tac_toe_frontend/node_modules/core-js/internals/array-from-async.js'
npm warn tar TAR_ENTRY_ERROR ENOENT: no such file or directory, open '/home/kavia/workspace/code-generation/tictacplus-persistent-fullstack-tic-tac-toe-61826-a614edb6/tic_tac_toe_frontend/node_modules/axobject-query/lib/etc/objects/TabRole.js'
npm warn tar TAR_ENTRY_ERROR ENOENT: no such file or directory, open '/home/kavia/workspace/code-generation/tictacplus-persistent-fullstack-tic-tac-toe-61826-a614edb6/tic_tac_toe_frontend/node_modules/@typescript-eslint/scope-manager/dist/referencer/ImportVisitor.js'
npm warn tar TAR_ENTRY_ERROR ENOENT: no such file or directory, open '/home/kavia/workspace/code-generation/tictacplus-persistent-fullstack-tic-tac-toe-61826-a614edb6/tic_tac_toe_frontend/node_modules/ajv/lib/dot/required.jst'
npm warn tar TAR_ENTRY_ERROR ENOENT: no such file or directory, open '/home/kavia/workspace/code-generation/tictacplus-persistent-fullstack-tic-tac-toe-61826-a614edb6/tic_tac_toe_frontend/node_modules/@typescript-eslint/typescript-estree/dist/create-program/shared.js.map'
npm warn tar TAR_ENTRY_ERROR ENOENT: no such file or directory, open '/home/kavia/workspace/code-generation/tictacplus-persistent-fullstack-tic-tac-toe-61826-a614edb6/tic_tac_toe_frontend/node_modules/@jest/core/build/plugins/UpdateSnapshotsInteractive.d.ts'
npm warn tar TAR_ENTRY_ERROR ENOENT: no such file or directory, open '/home/kavia/workspace/code-generation/tictacplus-persistent-fullstack-tic-tac-toe-61826-a614edb6/tic_tac_toe_frontend/node_modules/resolve/test/resolver/nested_symlinks/mylib/package.json'
npm warn tar TAR_ENTRY_ERROR ENOENT: no such file or directory, open '/home/kavia/workspace/code-generation/tictacplus-persistent-fullstack-tic-tac-toe-61826-a614edb6/tic_tac_toe_frontend/node_modules/eslint-plugin-jsx-a11y/__tests__/src/util/isDisabledElement-test.js'
npm warn tar TAR_ENTRY_ERROR ENOENT: no such file or directory, open '/home/kavia/workspace/code-generation/tictacplus-persistent-fullstack-tic-tac-toe-61826-a614edb6/tic_tac_toe_frontend/node_modules/es-abstract/2015/ArraySetLength.js'
npm warn tar TAR_ENTRY_ERROR ENOENT: no such file or directory, open '/home/kavia/workspace/code-generation/tictacplus-persistent-fullstack-tic-tac-toe-61826-a614edb6/tic_tac_toe_frontend/node_modules/es-iterator-helpers/Iterator.prototype.take/polyfill.js'
npm warn tar TAR_ENTRY_ERROR ENOENT: no such file or directory, open '/home/kavia/workspace/code-generation/tictacplus-persistent-fullstack-tic-tac-toe-61826-a614edb6/tic_tac_toe_frontend/node_modules/core-js-pure/proposals/array-from-async.js'
npm warn tar TAR_ENTRY_ERROR ENOENT: no such file or directory, open '/home/kavia/workspace/code-generation/tictacplus-persistent-fullstack-tic-tac-toe-61826-a614edb6/tic_tac_toe_frontend/node_modules/axobject-query/lib/etc/objects/TermRole.js'
npm warn tar TAR_ENTRY_ERROR ENOENT: no such file or directory, open '/home/kavia/workspace/code-generation/tictacplus-persistent-fullstack-tic-tac-toe-61826-a614edb6/tic_tac_toe_frontend/node_modules/@typescript-eslint/scope-manager/dist/definition/index.js'
npm warn tar TAR_ENTRY_ERROR ENOENT: no such file or directory, open '/home/kavia/workspace/code-generation/tictacplus-persistent-fullstack-tic-tac-toe-61826-a614edb6/tic_tac_toe_frontend/node_modules/ajv/lib/dot/uniqueItems.jst'
npm warn tar TAR_ENTRY_ERROR ENOENT: no such file or directory, open '/home/kavia/workspace/code-generation/tictacplus-persistent-fullstack-tic-tac-toe-61826-a614edb6/tic_tac_toe_frontend/node_modules/resolve/test/resolver/symlinked/package/package.json'
npm warn tar TAR_ENTRY_ERROR ENOENT: no such file or directory, open '/home/kavia/workspace/code-generation/tictacplus-persistent-fullstack-tic-tac-toe-61826-a614edb6/tic_tac_toe_frontend/node_modules/eslint-plugin-jsx-a11y/lib/util/isDisabledElement.js'
npm warn tar TAR_ENTRY_ERROR ENOENT: no such file or directory, open '/home/kavia/workspace/code-generation/tictacplus-persistent-fullstack-tic-tac-toe-61826-a614edb6/tic_tac_toe_frontend/node_modules/es-iterator-helpers/Iterator.prototype.toArray/polyfill.js'
npm warn tar TAR_ENTRY_ERROR ENOENT: no such file or directory, open '/home/kavia/workspace/code-generation/tictacplus-persistent-fullstack-tic-tac-toe-61826-a614edb6/tic_tac_toe_frontend/node_modules/core-js-pure/internals/array-from-constructor-and-list.js'
npm warn tar TAR_ENTRY_ERROR ENOENT: no such file or directory, open '/home/kavia/workspace/code-generation/tictacplus-persistent-fullstack-tic-tac-toe-61826-a614edb6/tic_tac_toe_frontend/node_modules/core-js/proposals/array-from-async.js'
npm warn tar TAR_ENTRY_ERROR ENOENT: no such file or directory, open '/home/kavia/workspace/code-generation/tictacplus-persistent-fullstack-tic-tac-toe-61826-a614edb6/tic_tac_toe_frontend/node_modules/axobject-query/lib/etc/objects/TextAreaRole.js'
npm warn tar TAR_ENTRY_ERROR ENOENT: no such file or directory, open '/home/kavia/workspace/code-generation/tictacplus-persistent-fullstack-tic-tac-toe-61826-a614edb6/tic_tac_toe_frontend/node_modules/ajv/lib/dot/validate.jst'
npm warn tar TAR_ENTRY_ERROR ENOENT: no such file or directory, open '/home/kavia/workspace/code-generation/tictacplus-persistent-fullstack-tic-tac-toe-61826-a614edb6/tic_tac_toe_frontend/node_modules/@rushstack/eslint-patch/lib/eslint-bulk-suppressions/cli/utils/print-help.d.ts'
npm warn tar TAR_ENTRY_ERROR ENOENT: no such file or directory, open '/home/kavia/workspace/code-generation/tictacplus-persistent-fullstack-tic-tac-toe-61826-a614edb6/tic_tac_toe_frontend/node_modules/eslint-plugin-jsx-a11y/__tests__/src/util/isDOMElement-test.js'
npm warn tar TAR_ENTRY_ERROR ENOENT: no such file or directory, open '/home/kavia/workspace/code-generation/tictacplus-persistent-fullstack-tic-tac-toe-61826-a614edb6/tic_tac_toe_frontend/node_modules/jsdom/lib/jsdom/living/nodes/DOMTokenList-impl.js'
npm warn tar TAR_ENTRY_ERROR ENOENT: no such file or directory, open '/home/kavia/workspace/code-generation/tictacplus-persistent-fullstack-tic-tac-toe-61826-a614edb6/tic_tac_toe_frontend/node_modules/es-iterator-helpers/Iterator.prototype/polyfill.js'
npm warn tar TAR_ENTRY_ERROR ENOENT: no such file or directory, open '/home/kavia/workspace/code-generation/tictacplus-persistent-fullstack-tic-tac-toe-61826-a614edb6/tic_tac_toe_frontend/node_modules/core-js-pure/internals/array-from.js'
npm warn tar TAR_ENTRY_ERROR ENOENT: no such file or directory, open '/home/kavia/workspace/code-generation/tictacplus-persistent-fullstack-tic-tac-toe-61826-a614edb6/tic_tac_toe_frontend/node_modules/core-js/internals/array-from-constructor-and-list.js'
npm warn tar TAR_ENTRY_ERROR ENOENT: no such file or directory, open '/home/kavia/workspace/code-generation/tictacplus-persistent-fullstack-tic-tac-toe-61826-a614edb6/tic_tac_toe_frontend/node_modules/axobject-query/lib/etc/objects/TextFieldRole.js'
npm warn tar TAR_ENTRY_ERROR ENOENT: no such file or directory, open '/home/kavia/workspace/code-generation/tictacplus-persistent-fullstack-tic-tac-toe-61826-a614edb6/tic_tac_toe_frontend/node_modules/@typescript-eslint/typescript-estree/dist/ts-estree/ts-nodes.d.ts.map'
npm warn tar TAR_ENTRY_ERROR ENOENT: no such file or directory, open '/home/kavia/workspace/code-generation/tictacplus-persistent-fullstack-tic-tac-toe-61826-a614edb6/tic_tac_toe_frontend/node_modules/@jest/core/build/lib/watchPluginsHelpers.d.ts'
npm warn tar TAR_ENTRY_ERROR ENOENT: no such file or directory, open '/home/kavia/workspace/code-generation/tictacplus-persistent-fullstack-tic-tac-toe-61826-a614edb6/tic_tac_toe_frontend/node_modules/eslint-plugin-jsx-a11y/lib/util/isDOMElement.js'
npm warn tar TAR_ENTRY_ERROR ENOENT: no such file or directory, open '/home/kavia/workspace/code-generation/tictacplus-persistent-fullstack-tic-tac-toe-61826-a614edb6/tic_tac_toe_frontend/node_modules/es-iterator-helpers/Iterator.zip/polyfill.js'
npm warn tar TAR_ENTRY_ERROR ENOENT: no such file or directory, open '/home/kavia/workspace/code-generation/tictacplus-persistent-fullstack-tic-tac-toe-61826-a614edb6/tic_tac_toe_frontend/node_modules/core-js/internals/array-from.js'
npm warn tar TAR_ENTRY_ERROR ENOENT: no such file or directory, open '/home/kavia/workspace/code-generation/tictacplus-persistent-fullstack-tic-tac-toe-61826-a614edb6/tic_tac_toe_frontend/node_modules/axobject-query/lib/etc/objects/TimeRole.js'
npm warn tar TAR_ENTRY_ERROR ENOENT: no such file or directory, open '/home/kavia/workspace/code-generation/tictacplus-persistent-fullstack-tic-tac-toe-61826-a614edb6/tic_tac_toe_frontend/node_modules/ajv/dist/ajv.min.js.map'
npm warn tar TAR_ENTRY_ERROR ENOENT: no such file or directory, open '/home/kavia/workspace/code-generation/tictacplus-persistent-fullstack-tic-tac-toe-61826-a614edb6/tic_tac_toe_frontend/node_modules/@typescript-eslint/typescript-estree/dist/ts-estree/ts-nodes.js.map'
npm warn tar TAR_ENTRY_ERROR ENOENT: no such file or directory, open '/home/kavia/workspace/code-generation/tictacplus-persistent-fullstack-tic-tac-toe-61826-a614edb6/tic_tac_toe_frontend/node_modules/eslint-plugin-jsx-a11y/__tests__/src/util/isFocusable-test.js'
npm warn tar TAR_ENTRY_ERROR ENOENT: no such file or directory, open '/home/kavia/workspace/code-generation/tictacplus-persistent-fullstack-tic-tac-toe-61826-a614edb6/tic_tac_toe_frontend/node_modules/es-iterator-helpers/Iterator.zipKeyed/polyfill.js'
npm warn tar TAR_ENTRY_ERROR ENOENT: no such file or directory, open '/home/kavia/workspace/code-generation/tictacplus-persistent-fullstack-tic-tac-toe-61826-a614edb6/tic_tac_toe_frontend/node_modules/core-js-pure/internals/array-group-to-map.js'
npm warn tar TAR_ENTRY_ERROR ENOENT: no such file or directory, open '/home/kavia/workspace/code-generation/tictacplus-persistent-fullstack-tic-tac-toe-61826-a614edb6/tic_tac_toe_frontend/node_modules/core-js/internals/array-group-to-map.js'
npm warn tar TAR_ENTRY_ERROR ENOENT: no such file or directory, open '/home/kavia/workspace/code-generation/tictacplus-persistent-fullstack-tic-tac-toe-61826-a614edb6/tic_tac_toe_frontend/node_modules/axobject-query/lib/etc/objects/TimerRole.js'
npm warn tar TAR_ENTRY_ERROR ENOENT: no such file or directory, open '/home/kavia/workspace/code-generation/tictacplus-persistent-fullstack-tic-tac-toe-61826-a614edb6/tic_tac_toe_frontend/node_modules/@typescript-eslint/typescript-estree/dist/create-program/useProvidedPrograms.d.ts.map'
npm warn tar TAR_ENTRY_ERROR ENOENT: no such file or directory, open '/home/kavia/workspace/code-generation/tictacplus-persistent-fullstack-tic-tac-toe-61826-a614edb6/tic_tac_toe_frontend/node_modules/fork-ts-checker-webpack-plugin/lib/typescript-reporter/reporter/TypeScriptConfigurationParser.js'
npm warn tar TAR_ENTRY_ERROR ENOENT: no such file or directory, open '/home/kavia/workspace/code-generation/tictacplus-persistent-fullstack-tic-tac-toe-61826-a614edb6/tic_tac_toe_frontend/node_modules/es-iterator-helpers/Iterator/polyfill.js'
npm warn tar TAR_ENTRY_ERROR ENOENT: no such file or directory, open '/home/kavia/workspace/code-generation/tictacplus-persistent-fullstack-tic-tac-toe-61826-a614edb6/tic_tac_toe_frontend/node_modules/core-js-pure/internals/array-group.js'
npm warn tar TAR_ENTRY_ERROR ENOENT: no such file or directory, open '/home/kavia/workspace/code-generation/tictacplus-persistent-fullstack-tic-tac-toe-61826-a614edb6/tic_tac_toe_frontend/node_modules/core-js/internals/array-group.js'
npm warn tar TAR_ENTRY_ERROR ENOENT: no such file or directory, open '/home/kavia/workspace/code-generation/tictacplus-persistent-fullstack-tic-tac-toe-61826-a614edb6/tic_tac_toe_frontend/node_modules/axobject-query/lib/etc/objects/ToggleButtonRole.js'
npm warn tar TAR_ENTRY_ERROR ENOENT: no such file or directory, open '/home/kavia/workspace/code-generation/tictacplus-persistent-fullstack-tic-tac-toe-61826-a614edb6/tic_tac_toe_frontend/node_modules/@typescript-eslint/scope-manager/dist/referencer/index.js'
npm warn tar TAR_ENTRY_ERROR ENOENT: no such file or directory, open '/home/kavia/workspace/code-generation/tictacplus-persistent-fullstack-tic-tac-toe-61826-a614edb6/tic_tac_toe_frontend/node_modules/@typescript-eslint/typescript-estree/dist/create-program/useProvidedPrograms.js.map'
npm warn tar TAR_ENTRY_ERROR ENOENT: no such file or directory, open '/home/kavia/workspace/code-generation/tictacplus-persistent-fullstack-tic-tac-toe-61826-a614edb6/tic_tac_toe_frontend/node_modules/eslint-plugin-jsx-a11y/lib/util/isFocusable.js'
npm warn tar TAR_ENTRY_ERROR ENOENT: no such file or directory, open '/home/kavia/workspace/code-generation/tictacplus-persistent-fullstack-tic-tac-toe-61826-a614edb6/tic_tac_toe_frontend/node_modules/jsdom/lib/jsdom/living/nodes/Element-impl.js'
npm warn tar TAR_ENTRY_ERROR ENOENT: no such file or directory, open '/home/kavia/workspace/code-generation/tictacplus-persistent-fullstack-tic-tac-toe-61826-a614edb6/tic_tac_toe_frontend/node_modules/core-js-pure/proposals/array-grouping-stage-3-2.js'
npm warn tar TAR_ENTRY_ERROR ENOENT: no such file or directory, open '/home/kavia/workspace/code-generation/tictacplus-persistent-fullstack-tic-tac-toe-61826-a614edb6/tic_tac_toe_frontend/node_modules/core-js/proposals/array-grouping-stage-3-2.js'
npm warn tar TAR_ENTRY_ERROR ENOENT: no such file or directory, open '/home/kavia/workspace/code-generation/tictacplus-persistent-fullstack-tic-tac-toe-61826-a614edb6/tic_tac_toe_frontend/node_modules/axobject-query/lib/etc/objects/ToolbarRole.js'
npm warn tar TAR_ENTRY_ERROR ENOENT: no such file or directory, open '/home/kavia/workspace/code-generation/tictacplus-persistent-fullstack-tic-tac-toe-61826-a614edb6/tic_tac_toe_frontend/node_modules/@typescript-eslint/scope-manager/dist/scope/index.js'
npm warn tar TAR_ENTRY_ERROR ENOENT: no such file or directory, open '/home/kavia/workspace/code-generation/tictacplus-persistent-fullstack-tic-tac-toe-61826-a614edb6/tic_tac_toe_frontend/node_modules/eslint-plugin-jsx-a11y/lib/util/isHiddenFromScreenReader.js'
npm warn tar TAR_ENTRY_ERROR ENOENT: no such file or directory, open '/home/kavia/workspace/code-generation/tictacplus-persistent-fullstack-tic-tac-toe-61826-a614edb6/tic_tac_toe_frontend/node_modules/core-js-pure/proposals/array-grouping-stage-3.js'
npm warn tar TAR_ENTRY_ERROR ENOENT: no such file or directory, open '/home/kavia/workspace/code-generation/tictacplus-persistent-fullstack-tic-tac-toe-61826-a614edb6/tic_tac_toe_frontend/node_modules/core-js/proposals/array-grouping-stage-3.js'
npm warn tar TAR_ENTRY_ERROR ENOENT: no such file or directory, open '/home/kavia/workspace/code-generation/tictacplus-persistent-fullstack-tic-tac-toe-61826-a614edb6/tic_tac_toe_frontend/node_modules/axobject-query/lib/etc/objects/TreeGridRole.js'
npm warn tar TAR_ENTRY_ERROR ENOENT: no such file or directory, open '/home/kavia/workspace/code-generation/tictacplus-persistent-fullstack-tic-tac-toe-61826-a614edb6/tic_tac_toe_frontend/node_modules/@rushstack/eslint-patch/lib/eslint-bulk-suppressions/cli/utils/wrap-words-to-lines.d.ts'
npm warn tar TAR_ENTRY_ERROR ENOENT: no such file or directory, open '/home/kavia/workspace/code-generation/tictacplus-persistent-fullstack-tic-tac-toe-61826-a614edb6/tic_tac_toe_frontend/node_modules/node-forge/dist/forge.all.min.js.map'
npm warn tar TAR_ENTRY_ERROR ENOENT: no such file or directory, open '/home/kavia/workspace/code-generation/tictacplus-persistent-fullstack-tic-tac-toe-61826-a614edb6/tic_tac_toe_frontend/node_modules/eslint-plugin-jsx-a11y/__tests__/src/util/isInteractiveElement-test.js'
npm warn tar TAR_ENTRY_ERROR ENOENT: no such file or directory, open '/home/kavia/workspace/code-generation/tictacplus-persistent-fullstack-tic-tac-toe-61826-a614edb6/tic_tac_toe_frontend/node_modules/core-js-pure/proposals/array-grouping-v2.js'
npm warn tar TAR_ENTRY_ERROR ENOENT: no such file or directory, open '/home/kavia/workspace/code-generation/tictacplus-persistent-fullstack-tic-tac-toe-61826-a614edb6/tic_tac_toe_frontend/node_modules/core-js/proposals/array-grouping-v2.js'
npm warn tar TAR_ENTRY_ERROR ENOENT: no such file or directory, open '/home/kavia/workspace/code-generation/tictacplus-persistent-fullstack-tic-tac-toe-61826-a614edb6/tic_tac_toe_frontend/node_modules/axobject-query/lib/etc/objects/TreeItemRole.js'
npm warn tar TAR_ENTRY_ERROR ENOENT: no such file or directory, open '/home/kavia/workspace/code-generation/tictacplus-persistent-fullstack-tic-tac-toe-61826-a614edb6/tic_tac_toe_frontend/node_modules/@typescript-eslint/typescript-estree/dist/parseSettings/warnAboutTSVersion.d.ts.map'
npm warn tar TAR_ENTRY_ERROR ENOENT: no such file or directory, open '/home/kavia/workspace/code-generation/tictacplus-persistent-fullstack-tic-tac-toe-61826-a614edb6/tic_tac_toe_frontend/node_modules/node-forge/dist/forge.min.js.map'
npm warn tar TAR_ENTRY_ERROR ENOENT: no such file or directory, open '/home/kavia/workspace/code-generation/tictacplus-persistent-fullstack-tic-tac-toe-61826-a614edb6/tic_tac_toe_frontend/node_modules/eslint-plugin-jsx-a11y/lib/util/isInteractiveElement.js'
npm warn tar TAR_ENTRY_ERROR ENOENT: no such file or directory, open '/home/kavia/workspace/code-generation/tictacplus-persistent-fullstack-tic-tac-toe-61826-a614edb6/tic_tac_toe_frontend/node_modules/core-js-pure/proposals/array-grouping.js'
npm warn tar TAR_ENTRY_ERROR ENOENT: no such file or directory, open '/home/kavia/workspace/code-generation/tictacplus-persistent-fullstack-tic-tac-toe-61826-a614edb6/tic_tac_toe_frontend/node_modules/core-js/proposals/array-grouping.js'
npm warn tar TAR_ENTRY_ERROR ENOENT: no such file or directory, open '/home/kavia/workspace/code-generation/tictacplus-persistent-fullstack-tic-tac-toe-61826-a614edb6/tic_tac_toe_frontend/node_modules/axobject-query/lib/etc/objects/TreeRole.js'
npm warn tar TAR_ENTRY_ERROR ENOENT: no such file or directory, open '/home/kavia/workspace/code-generation/tictacplus-persistent-fullstack-tic-tac-toe-61826-a614edb6/tic_tac_toe_frontend/node_modules/@typescript-eslint/scope-manager/dist/scope/MappedTypeScope.js'
npm warn tar TAR_ENTRY_ERROR ENOENT: no such file or directory, open '/home/kavia/workspace/code-generation/tictacplus-persistent-fullstack-tic-tac-toe-61826-a614edb6/tic_tac_toe_frontend/node_modules/@typescript-eslint/typescript-estree/dist/parseSettings/warnAboutTSVersion.js.map'
npm warn tar TAR_ENTRY_ERROR ENOENT: no such file or directory, open '/home/kavia/workspace/code-generation/tictacplus-persistent-fullstack-tic-tac-toe-61826-a614edb6/tic_tac_toe_frontend/node_modules/node-forge/dist/prime.worker.min.js.map'
npm warn tar TAR_ENTRY_ERROR ENOENT: no such file or directory, open '/home/kavia/workspace/code-generation/tictacplus-persistent-fullstack-tic-tac-toe-61826-a614edb6/tic_tac_toe_frontend/node_modules/eslint-plugin-jsx-a11y/__tests__/src/util/isInteractiveRole-test.js'
npm warn tar TAR_ENTRY_ERROR ENOENT: no such file or directory, open '/home/kavia/workspace/code-generation/tictacplus-persistent-fullstack-tic-tac-toe-61826-a614edb6/tic_tac_toe_frontend/node_modules/core-js-pure/internals/array-includes.js'
npm warn tar TAR_ENTRY_ERROR ENOENT: no such file or directory, open '/home/kavia/workspace/code-generation/tictacplus-persistent-fullstack-tic-tac-toe-61826-a614edb6/tic_tac_toe_frontend/node_modules/core-js/internals/array-includes.js'
npm warn tar TAR_ENTRY_ERROR ENOENT: no such file or directory, open '/home/kavia/workspace/code-generation/tictacplus-persistent-fullstack-tic-tac-toe-61826-a614edb6/tic_tac_toe_frontend/node_modules/axobject-query/lib/etc/objects/UserInterfaceTooltipRole.js'
npm warn tar TAR_ENTRY_ERROR ENOENT: no such file or directory, open '/home/kavia/workspace/code-generation/tictacplus-persistent-fullstack-tic-tac-toe-61826-a614edb6/tic_tac_toe_frontend/node_modules/@typescript-eslint/scope-manager/dist/scope/ModuleScope.js'
npm warn tar TAR_ENTRY_ERROR ENOENT: no such file or directory, open '/home/kavia/workspace/code-generation/tictacplus-persistent-fullstack-tic-tac-toe-61826-a614edb6/tic_tac_toe_frontend/node_modules/@typescript-eslint/typescript-estree/dist/create-program/WatchCompilerHostOfConfigFile.d.ts.map'
npm warn tar TAR_ENTRY_ERROR ENOENT: no such file or directory, open '/home/kavia/workspace/code-generation/tictacplus-persistent-fullstack-tic-tac-toe-61826-a614edb6/tic_tac_toe_frontend/node_modules/eslint-plugin-jsx-a11y/lib/util/isInteractiveRole.js'
npm warn tar TAR_ENTRY_ERROR ENOENT: no such file or directory, open '/home/kavia/workspace/code-generation/tictacplus-persistent-fullstack-tic-tac-toe-61826-a614edb6/tic_tac_toe_frontend/node_modules/core-js-pure/proposals/array-includes.js'
npm warn tar TAR_ENTRY_ERROR ENOENT: no such file or directory, open '/home/kavia/workspace/code-generation/tictacplus-persistent-fullstack-tic-tac-toe-61826-a614edb6/tic_tac_toe_frontend/node_modules/core-js/proposals/array-includes.js'
npm warn tar TAR_ENTRY_ERROR ENOENT: no such file or directory, open '/home/kavia/workspace/code-generation/tictacplus-persistent-fullstack-tic-tac-toe-61826-a614edb6/tic_tac_toe_frontend/node_modules/axobject-query/lib/etc/objects/VideoRole.js'
npm warn tar TAR_ENTRY_ERROR ENOENT: no such file or directory, open '/home/kavia/workspace/code-generation/tictacplus-persistent-fullstack-tic-tac-toe-61826-a614edb6/tic_tac_toe_frontend/node_modules/@typescript-eslint/scope-manager/dist/definition/ParameterDefinition.js'
npm warn tar TAR_ENTRY_ERROR ENOENT: no such file or directory, open '/home/kavia/workspace/code-generation/tictacplus-persistent-fullstack-tic-tac-toe-61826-a614edb6/tic_tac_toe_frontend/node_modules/@typescript-eslint/typescript-estree/dist/create-program/WatchCompilerHostOfConfigFile.js.map'
npm warn tar TAR_ENTRY_ERROR ENOENT: no such file or directory, open '/home/kavia/workspace/code-generation/tictacplus-persistent-fullstack-tic-tac-toe-61826-a614edb6/tic_tac_toe_frontend/node_modules/eslint-plugin-jsx-a11y/__tests__/src/util/isNonInteractiveElement-test.js'
npm warn tar TAR_ENTRY_ERROR ENOENT: no such file or directory, open '/home/kavia/workspace/code-generation/tictacplus-persistent-fullstack-tic-tac-toe-61826-a614edb6/tic_tac_toe_frontend/node_modules/es-abstract/2015/ArraySpeciesCreate.js'
npm warn tar TAR_ENTRY_ERROR ENOENT: no such file or directory, open '/home/kavia/workspace/code-generation/tictacplus-persistent-fullstack-tic-tac-toe-61826-a614edb6/tic_tac_toe_frontend/node_modules/es-iterator-helpers/Iterator.prototype.filter/shim.js'
npm warn tar TAR_ENTRY_ERROR ENOENT: no such file or directory, open '/home/kavia/workspace/code-generation/tictacplus-persistent-fullstack-tic-tac-toe-61826-a614edb6/tic_tac_toe_frontend/node_modules/core-js-pure/proposals/array-is-template-object.js'
npm warn tar TAR_ENTRY_ERROR ENOENT: no such file or directory, open '/home/kavia/workspace/code-generation/tictacplus-persistent-fullstack-tic-tac-toe-61826-a614edb6/tic_tac_toe_frontend/node_modules/core-js/proposals/array-is-template-object.js'
npm warn tar TAR_ENTRY_ERROR ENOENT: no such file or directory, open '/home/kavia/workspace/code-generation/tictacplus-persistent-fullstack-tic-tac-toe-61826-a614edb6/tic_tac_toe_frontend/node_modules/axobject-query/lib/etc/objects/WebAreaRole.js'
npm warn tar TAR_ENTRY_ERROR ENOENT: no such file or directory, open '/home/kavia/workspace/code-generation/tictacplus-persistent-fullstack-tic-tac-toe-61826-a614edb6/tic_tac_toe_frontend/node_modules/@typescript-eslint/scope-manager/dist/referencer/PatternVisitor.js'
npm warn tar TAR_ENTRY_ERROR ENOENT: no such file or directory, open '/home/kavia/workspace/code-generation/tictacplus-persistent-fullstack-tic-tac-toe-61826-a614edb6/tic_tac_toe_frontend/node_modules/eslint-plugin-jsx-a11y/lib/util/isNonInteractiveElement.js'
npm warn tar TAR_ENTRY_ERROR ENOENT: no such file or directory, open '/home/kavia/workspace/code-generation/tictacplus-persistent-fullstack-tic-tac-toe-61826-a614edb6/tic_tac_toe_frontend/node_modules/jsdom/lib/jsdom/living/nodes/ElementContentEditable-impl.js'
npm warn tar TAR_ENTRY_ERROR ENOENT: no such file or directory, open '/home/kavia/workspace/code-generation/tictacplus-persistent-fullstack-tic-tac-toe-61826-a614edb6/tic_tac_toe_frontend/node_modules/es-iterator-helpers/Iterator.prototype.find/shim.js'
npm warn tar TAR_ENTRY_ERROR ENOENT: no such file or directory, open '/home/kavia/workspace/code-generation/tictacplus-persistent-fullstack-tic-tac-toe-61826-a614edb6/tic_tac_toe_frontend/node_modules/core-js-pure/internals/array-iteration-from-last.js'
npm warn tar TAR_ENTRY_ERROR ENOENT: no such file or directory, open '/home/kavia/workspace/code-generation/tictacplus-persistent-fullstack-tic-tac-toe-61826-a614edb6/tic_tac_toe_frontend/node_modules/core-js/internals/array-iteration-from-last.js'
npm warn tar TAR_ENTRY_ERROR ENOENT: no such file or directory, open '/home/kavia/workspace/code-generation/tictacplus-persistent-fullstack-tic-tac-toe-61826-a614edb6/tic_tac_toe_frontend/node_modules/axobject-query/lib/etc/objects/WindowRole.js'
npm warn tar TAR_ENTRY_ERROR ENOENT: no such file or directory, open '/home/kavia/workspace/code-generation/tictacplus-persistent-fullstack-tic-tac-toe-61826-a614edb6/tic_tac_toe_frontend/node_modules/@typescript-eslint/scope-manager/dist/referencer/Reference.js'
npm warn tar TAR_ENTRY_ERROR ENOENT: no such file or directory, open '/home/kavia/workspace/code-generation/tictacplus-persistent-fullstack-tic-tac-toe-61826-a614edb6/tic_tac_toe_frontend/node_modules/sucrase/dist/esm/parser/plugins/types.js'
npm warn tar TAR_ENTRY_ERROR ENOENT: no such file or directory, open '/home/kavia/workspace/code-generation/tictacplus-persistent-fullstack-tic-tac-toe-61826-a614edb6/tic_tac_toe_frontend/node_modules/fork-ts-checker-webpack-plugin/lib/typescript-reporter/reporter/TypeScriptReporter.js'
npm warn tar TAR_ENTRY_ERROR ENOENT: no such file or directory, open '/home/kavia/workspace/code-generation/tictacplus-persistent-fullstack-tic-tac-toe-61826-a614edb6/tic_tac_toe_frontend/node_modules/es-iterator-helpers/Iterator.prototype.flatMap/shim.js'
npm warn tar TAR_ENTRY_ERROR ENOENT: no such file or directory, open '/home/kavia/workspace/code-generation/tictacplus-persistent-fullstack-tic-tac-toe-61826-a614edb6/tic_tac_toe_frontend/node_modules/core-js-pure/internals/array-iteration.js'
npm warn tar TAR_ENTRY_ERROR ENOENT: no such file or directory, open '/home/kavia/workspace/code-generation/tictacplus-persistent-fullstack-tic-tac-toe-61826-a614edb6/tic_tac_toe_frontend/node_modules/core-js/internals/array-iteration.js'
npm warn tar TAR_ENTRY_ERROR ENOENT: no such file or directory, open '/home/kavia/workspace/code-generation/tictacplus-persistent-fullstack-tic-tac-toe-61826-a614edb6/tic_tac_toe_frontend/node_modules/@typescript-eslint/scope-manager/dist/referencer/Referencer.js'
npm warn tar TAR_ENTRY_ERROR ENOENT: no such file or directory, open '/home/kavia/workspace/code-generation/tictacplus-persistent-fullstack-tic-tac-toe-61826-a614edb6/tic_tac_toe_frontend/node_modules/eslint-plugin-jsx-a11y/__tests__/src/util/isNonInteractiveRole-test.js'
npm warn tar TAR_ENTRY_ERROR ENOENT: no such file or directory, open '/home/kavia/workspace/code-generation/tictacplus-persistent-fullstack-tic-tac-toe-61826-a614edb6/tic_tac_toe_frontend/node_modules/jsdom/lib/jsdom/living/nodes/ElementCSSInlineStyle-impl.js'
npm warn tar TAR_ENTRY_ERROR ENOENT: no such file or directory, open '/home/kavia/workspace/code-generation/tictacplus-persistent-fullstack-tic-tac-toe-61826-a614edb6/tic_tac_toe_frontend/node_modules/es-iterator-helpers/Iterator.prototype.forEach/shim.js'
npm warn tar TAR_ENTRY_ERROR ENOENT: no such file or directory, open '/home/kavia/workspace/code-generation/tictacplus-persistent-fullstack-tic-tac-toe-61826-a614edb6/tic_tac_toe_frontend/node_modules/core-js/internals/array-last-index-of.js'
npm warn tar TAR_ENTRY_ERROR ENOENT: no such file or directory, open '/home/kavia/workspace/code-generation/tictacplus-persistent-fullstack-tic-tac-toe-61826-a614edb6/tic_tac_toe_frontend/node_modules/eslint-plugin-jsx-a11y/lib/util/isNonInteractiveRole.js'
npm warn tar TAR_ENTRY_ERROR ENOENT: no such file or directory, open '/home/kavia/workspace/code-generation/tictacplus-persistent-fullstack-tic-tac-toe-61826-a614edb6/tic_tac_toe_frontend/node_modules/es-iterator-helpers/Iterator.prototype.map/shim.js'
npm warn tar TAR_ENTRY_ERROR ENOENT: no such file or directory, open '/home/kavia/workspace/code-generation/tictacplus-persistent-fullstack-tic-tac-toe-61826-a614edb6/tic_tac_toe_frontend/node_modules/core-js-pure/internals/array-last-index-of.js'
npm warn tar TAR_ENTRY_ERROR ENOENT: no such file or directory, open '/home/kavia/workspace/code-generation/tictacplus-persistent-fullstack-tic-tac-toe-61826-a614edb6/tic_tac_toe_frontend/node_modules/core-js/proposals/array-last.js'
npm warn tar TAR_ENTRY_ERROR ENOENT: no such file or directory, open '/home/kavia/workspace/code-generation/tictacplus-persistent-fullstack-tic-tac-toe-61826-a614edb6/tic_tac_toe_frontend/node_modules/@typescript-eslint/scope-manager/dist/scope/Scope.js'
npm warn tar TAR_ENTRY_ERROR ENOENT: no such file or directory, open '/home/kavia/workspace/code-generation/tictacplus-persistent-fullstack-tic-tac-toe-61826-a614edb6/tic_tac_toe_frontend/node_modules/eslint-plugin-jsx-a11y/__tests__/src/util/isNonLiteralProperty-test.js'
npm warn tar TAR_ENTRY_ERROR ENOENT: no such file or directory, open '/home/kavia/workspace/code-generation/tictacplus-persistent-fullstack-tic-tac-toe-61826-a614edb6/tic_tac_toe_frontend/node_modules/es-iterator-helpers/Iterator.prototype.reduce/shim.js'
npm warn tar TAR_ENTRY_ERROR ENOENT: no such file or directory, open '/home/kavia/workspace/code-generation/tictacplus-persistent-fullstack-tic-tac-toe-61826-a614edb6/tic_tac_toe_frontend/node_modules/core-js-pure/proposals/array-last.js'
npm warn tar TAR_ENTRY_ERROR ENOENT: no such file or directory, open '/home/kavia/workspace/code-generation/tictacplus-persistent-fullstack-tic-tac-toe-61826-a614edb6/tic_tac_toe_frontend/node_modules/core-js/internals/array-method-has-species-support.js'
npm warn tar TAR_ENTRY_ERROR ENOENT: no such file or directory, open '/home/kavia/workspace/code-generation/tictacplus-persistent-fullstack-tic-tac-toe-61826-a614edb6/tic_tac_toe_frontend/node_modules/@typescript-eslint/scope-manager/dist/scope/ScopeBase.js'
npm warn tar TAR_ENTRY_ERROR ENOENT: no such file or directory, open '/home/kavia/workspace/code-generation/tictacplus-persistent-fullstack-tic-tac-toe-61826-a614edb6/tic_tac_toe_frontend/node_modules/sucrase/dist/parser/plugins/types.js'
npm warn tar TAR_ENTRY_ERROR ENOENT: no such file or directory, open '/home/kavia/workspace/code-generation/tictacplus-persistent-fullstack-tic-tac-toe-61826-a614edb6/tic_tac_toe_frontend/node_modules/fork-ts-checker-webpack-plugin/lib/typescript-reporter/reporter/TypeScriptReporterRpcClient.js'
npm warn tar TAR_ENTRY_ERROR ENOENT: no such file or directory, open '/home/kavia/workspace/code-generation/tictacplus-persistent-fullstack-tic-tac-toe-61826-a614edb6/tic_tac_toe_frontend/node_modules/eslint-plugin-jsx-a11y/lib/util/isNonLiteralProperty.js'
npm warn tar TAR_ENTRY_ERROR ENOENT: no such file or directory, open '/home/kavia/workspace/code-generation/tictacplus-persistent-fullstack-tic-tac-toe-61826-a614edb6/tic_tac_toe_frontend/node_modules/es-iterator-helpers/Iterator.prototype.some/shim.js'
npm warn tar TAR_ENTRY_ERROR ENOENT: no such file or directory, open '/home/kavia/workspace/code-generation/tictacplus-persistent-fullstack-tic-tac-toe-61826-a614edb6/tic_tac_toe_frontend/node_modules/core-js-pure/internals/array-method-has-species-support.js'
npm warn tar TAR_ENTRY_ERROR ENOENT: no such file or directory, open '/home/kavia/workspace/code-generation/tictacplus-persistent-fullstack-tic-tac-toe-61826-a614edb6/tic_tac_toe_frontend/node_modules/core-js/internals/array-method-is-strict.js'
npm warn tar TAR_ENTRY_ERROR ENOENT: no such file or directory, open '/home/kavia/workspace/code-generation/tictacplus-persistent-fullstack-tic-tac-toe-61826-a614edb6/tic_tac_toe_frontend/node_modules/fork-ts-checker-webpack-plugin/lib/typescript-reporter/reporter/TypeScriptReporterRpcService.js'
npm warn tar TAR_ENTRY_ERROR ENOENT: no such file or directory, open '/home/kavia/workspace/code-generation/tictacplus-persistent-fullstack-tic-tac-toe-61826-a614edb6/tic_tac_toe_frontend/node_modules/eslint-plugin-jsx-a11y/lib/util/isPresentationRole.js'
npm warn tar TAR_ENTRY_ERROR ENOENT: no such file or directory, open '/home/kavia/workspace/code-generation/tictacplus-persistent-fullstack-tic-tac-toe-61826-a614edb6/tic_tac_toe_frontend/node_modules/es-iterator-helpers/Iterator.prototype.take/shim.js'
npm warn tar TAR_ENTRY_ERROR ENOENT: no such file or directory, open '/home/kavia/workspace/code-generation/tictacplus-persistent-fullstack-tic-tac-toe-61826-a614edb6/tic_tac_toe_frontend/node_modules/core-js-pure/internals/array-method-is-strict.js'
npm warn tar TAR_ENTRY_ERROR ENOENT: no such file or directory, open '/home/kavia/workspace/code-generation/tictacplus-persistent-fullstack-tic-tac-toe-61826-a614edb6/tic_tac_toe_frontend/node_modules/core-js/internals/array-reduce.js'
npm warn tar TAR_ENTRY_ERROR ENOENT: no such file or directory, open '/home/kavia/workspace/code-generation/tictacplus-persistent-fullstack-tic-tac-toe-61826-a614edb6/tic_tac_toe_frontend/node_modules/eslint-plugin-jsx-a11y/__tests__/src/util/isSemanticRoleElement-test.js'
npm warn tar TAR_ENTRY_ERROR ENOENT: no such file or directory, open '/home/kavia/workspace/code-generation/tictacplus-persistent-fullstack-tic-tac-toe-61826-a614edb6/tic_tac_toe_frontend/node_modules/es-iterator-helpers/Iterator.prototype.toArray/shim.js'
npm warn tar TAR_ENTRY_ERROR ENOENT: no such file or directory, open '/home/kavia/workspace/code-generation/tictacplus-persistent-fullstack-tic-tac-toe-61826-a614edb6/tic_tac_toe_frontend/node_modules/core-js-pure/internals/array-reduce.js'
npm warn tar TAR_ENTRY_ERROR ENOENT: no such file or directory, open '/home/kavia/workspace/code-generation/tictacplus-persistent-fullstack-tic-tac-toe-61826-a614edb6/tic_tac_toe_frontend/node_modules/core-js/internals/array-set-length.js'
npm warn tar TAR_ENTRY_ERROR ENOENT: no such file or directory, open '/home/kavia/workspace/code-generation/tictacplus-persistent-fullstack-tic-tac-toe-61826-a614edb6/tic_tac_toe_frontend/node_modules/@typescript-eslint/scope-manager/dist/scope/ScopeType.js'
npm warn tar TAR_ENTRY_ERROR ENOENT: no such file or directory, open '/home/kavia/workspace/code-generation/tictacplus-persistent-fullstack-tic-tac-toe-61826-a614edb6/tic_tac_toe_frontend/node_modules/eslint-plugin-jsx-a11y/lib/util/isSemanticRoleElement.js'
npm warn tar TAR_ENTRY_ERROR ENOENT: no such file or directory, open '/home/kavia/workspace/code-generation/tictacplus-persistent-fullstack-tic-tac-toe-61826-a614edb6/tic_tac_toe_frontend/node_modules/es-iterator-helpers/Iterator.prototype/shim.js'
npm warn tar TAR_ENTRY_ERROR ENOENT: no such file or directory, open '/home/kavia/workspace/code-generation/tictacplus-persistent-fullstack-tic-tac-toe-61826-a614edb6/tic_tac_toe_frontend/node_modules/core-js-pure/internals/array-set-length.js'
npm warn tar TAR_ENTRY_ERROR ENOENT: no such file or directory, open '/home/kavia/workspace/code-generation/tictacplus-persistent-fullstack-tic-tac-toe-61826-a614edb6/tic_tac_toe_frontend/node_modules/core-js/internals/array-slice.js'
npm warn tar TAR_ENTRY_ERROR ENOENT: no such file or directory, open '/home/kavia/workspace/code-generation/tictacplus-persistent-fullstack-tic-tac-toe-61826-a614edb6/tic_tac_toe_frontend/node_modules/sucrase/dist/esm/parser/plugins/typescript.js'
npm warn tar TAR_ENTRY_ERROR ENOENT: no such file or directory, open '/home/kavia/workspace/code-generation/tictacplus-persistent-fullstack-tic-tac-toe-61826-a614edb6/tic_tac_toe_frontend/node_modules/es-iterator-helpers/Iterator.zip/shim.js'
npm warn tar TAR_ENTRY_ERROR ENOENT: no such file or directory, open '/home/kavia/workspace/code-generation/tictacplus-persistent-fullstack-tic-tac-toe-61826-a614edb6/tic_tac_toe_frontend/node_modules/core-js-pure/internals/array-slice.js'
npm warn tar TAR_ENTRY_ERROR ENOENT: no such file or directory, open '/home/kavia/workspace/code-generation/tictacplus-persistent-fullstack-tic-tac-toe-61826-a614edb6/tic_tac_toe_frontend/node_modules/core-js/internals/array-sort.js'
npm warn tar TAR_ENTRY_ERROR ENOENT: no such file or directory, open '/home/kavia/workspace/code-generation/tictacplus-persistent-fullstack-tic-tac-toe-61826-a614edb6/tic_tac_toe_frontend/node_modules/aria-query/lib/etc/roles/abstract/rangeRole.js'
npm warn tar TAR_ENTRY_ERROR ENOENT: no such file or directory, open '/home/kavia/workspace/code-generation/tictacplus-persistent-fullstack-tic-tac-toe-61826-a614edb6/tic_tac_toe_frontend/node_modules/@typescript-eslint/scope-manager/dist/scope/SwitchScope.js'
npm warn tar TAR_ENTRY_ERROR ENOENT: no such file or directory, open '/home/kavia/workspace/code-generation/tictacplus-persistent-fullstack-tic-tac-toe-61826-a614edb6/tic_tac_toe_frontend/node_modules/es-iterator-helpers/Iterator.zipKeyed/shim.js'
npm warn tar TAR_ENTRY_ERROR ENOENT: no such file or directory, open '/home/kavia/workspace/code-generation/tictacplus-persistent-fullstack-tic-tac-toe-61826-a614edb6/tic_tac_toe_frontend/node_modules/core-js-pure/internals/array-sort.js'
npm warn tar TAR_ENTRY_ERROR ENOENT: no such file or directory, open '/home/kavia/workspace/code-generation/tictacplus-persistent-fullstack-tic-tac-toe-61826-a614edb6/tic_tac_toe_frontend/node_modules/@typescript-eslint/scope-manager/dist/definition/TSEnumMemberDefinition.js'
npm warn tar TAR_ENTRY_ERROR ENOENT: no such file or directory, open '/home/kavia/workspace/code-generation/tictacplus-persistent-fullstack-tic-tac-toe-61826-a614edb6/tic_tac_toe_frontend/node_modules/sucrase/dist/parser/plugins/typescript.js'
npm warn tar TAR_ENTRY_ERROR ENOENT: no such file or directory, open '/home/kavia/workspace/code-generation/tictacplus-persistent-fullstack-tic-tac-toe-61826-a614edb6/tic_tac_toe_frontend/node_modules/es-iterator-helpers/Iterator/shim.js'
npm warn tar TAR_ENTRY_ERROR ENOENT: no such file or directory, open '/home/kavia/workspace/code-generation/tictacplus-persistent-fullstack-tic-tac-toe-61826-a614edb6/tic_tac_toe_frontend/node_modules/core-js-pure/internals/array-species-constructor.js'
npm warn tar TAR_ENTRY_ERROR ENOENT: no such file or directory, open '/home/kavia/workspace/code-generation/tictacplus-persistent-fullstack-tic-tac-toe-61826-a614edb6/tic_tac_toe_frontend/node_modules/core-js/internals/array-species-constructor.js'
npm warn tar TAR_ENTRY_ERROR ENOENT: no such file or directory, open '/home/kavia/workspace/code-generation/tictacplus-persistent-fullstack-tic-tac-toe-61826-a614edb6/tic_tac_toe_frontend/node_modules/@typescript-eslint/scope-manager/dist/definition/TSEnumNameDefinition.js'
npm warn tar TAR_ENTRY_ERROR ENOENT: no such file or directory, open '/home/kavia/workspace/code-generation/tictacplus-persistent-fullstack-tic-tac-toe-61826-a614edb6/tic_tac_toe_frontend/node_modules/core-js-pure/internals/array-species-create.js'
npm warn tar TAR_ENTRY_ERROR ENOENT: no such file or directory, open '/home/kavia/workspace/code-generation/tictacplus-persistent-fullstack-tic-tac-toe-61826-a614edb6/tic_tac_toe_frontend/node_modules/core-js/internals/array-species-create.js'
npm warn tar TAR_ENTRY_ERROR ENOENT: no such file or directory, open '/home/kavia/workspace/code-generation/tictacplus-persistent-fullstack-tic-tac-toe-61826-a614edb6/tic_tac_toe_frontend/node_modules/@typescript-eslint/scope-manager/dist/scope/TSEnumScope.js'
npm warn tar TAR_ENTRY_ERROR ENOENT: no such file or directory, open '/home/kavia/workspace/code-generation/tictacplus-persistent-fullstack-tic-tac-toe-61826-a614edb6/tic_tac_toe_frontend/node_modules/core-js-pure/internals/array-to-reversed.js'
npm warn tar TAR_ENTRY_ERROR ENOENT: no such file or directory, open '/home/kavia/workspace/code-generation/tictacplus-persistent-fullstack-tic-tac-toe-61826-a614edb6/tic_tac_toe_frontend/node_modules/core-js/internals/array-to-reversed.js'
npm warn tar TAR_ENTRY_ERROR ENOENT: no such file or directory, open '/home/kavia/workspace/code-generation/tictacplus-persistent-fullstack-tic-tac-toe-61826-a614edb6/tic_tac_toe_frontend/node_modules/@typescript-eslint/scope-manager/dist/definition/TSModuleNameDefinition.js'
npm warn tar TAR_ENTRY_ERROR ENOENT: no such file or directory, open '/home/kavia/workspace/code-generation/tictacplus-persistent-fullstack-tic-tac-toe-61826-a614edb6/tic_tac_toe_frontend/node_modules/eslint-plugin-jsx-a11y/__tests__/src/rules/label-has-associated-control-test.js'
npm warn tar TAR_ENTRY_ERROR ENOENT: no such file or directory, open '/home/kavia/workspace/code-generation/tictacplus-persistent-fullstack-tic-tac-toe-61826-a614edb6/tic_tac_toe_frontend/node_modules/core-js-pure/internals/array-unique-by.js'
npm warn tar TAR_ENTRY_ERROR ENOENT: no such file or directory, open '/home/kavia/workspace/code-generation/tictacplus-persistent-fullstack-tic-tac-toe-61826-a614edb6/tic_tac_toe_frontend/node_modules/core-js/internals/array-unique-by.js'
npm warn tar TAR_ENTRY_ERROR ENOENT: no such file or directory, open '/home/kavia/workspace/code-generation/tictacplus-persistent-fullstack-tic-tac-toe-61826-a614edb6/tic_tac_toe_frontend/node_modules/@typescript-eslint/scope-manager/dist/scope/TSModuleScope.js'
npm warn tar TAR_ENTRY_ERROR ENOENT: no such file or directory, open '/home/kavia/workspace/code-generation/tictacplus-persistent-fullstack-tic-tac-toe-61826-a614edb6/tic_tac_toe_frontend/node_modules/core-js-pure/proposals/array-unique.js'
npm warn tar TAR_ENTRY_ERROR ENOENT: no such file or directory, open '/home/kavia/workspace/code-generation/tictacplus-persistent-fullstack-tic-tac-toe-61826-a614edb6/tic_tac_toe_frontend/node_modules/core-js/proposals/array-unique.js'
npm warn tar TAR_ENTRY_ERROR ENOENT: no such file or directory, open '/home/kavia/workspace/code-generation/tictacplus-persistent-fullstack-tic-tac-toe-61826-a614edb6/tic_tac_toe_frontend/node_modules/aria-query/lib/etc/roles/abstract/roletypeRole.js'
npm warn tar TAR_ENTRY_ERROR ENOENT: no such file or directory, open '/home/kavia/workspace/code-generation/tictacplus-persistent-fullstack-tic-tac-toe-61826-a614edb6/tic_tac_toe_frontend/node_modules/@typescript-eslint/scope-manager/dist/definition/TypeDefinition.js'
npm warn tar TAR_ENTRY_ERROR ENOENT: no such file or directory, open '/home/kavia/workspace/code-generation/tictacplus-persistent-fullstack-tic-tac-toe-61826-a614edb6/tic_tac_toe_frontend/node_modules/eslint-plugin-jsx-a11y/lib/rules/label-has-associated-control.js'
npm warn tar TAR_ENTRY_ERROR ENOENT: no such file or directory, open '/home/kavia/workspace/code-generation/tictacplus-persistent-fullstack-tic-tac-toe-61826-a614edb6/tic_tac_toe_frontend/node_modules/core-js-pure/internals/array-with.js'
npm warn tar TAR_ENTRY_ERROR ENOENT: no such file or directory, open '/home/kavia/workspace/code-generation/tictacplus-persistent-fullstack-tic-tac-toe-61826-a614edb6/tic_tac_toe_frontend/node_modules/core-js/internals/array-with.js'
npm warn tar TAR_ENTRY_ERROR ENOENT: no such file or directory, open '/home/kavia/workspace/code-generation/tictacplus-persistent-fullstack-tic-tac-toe-61826-a614edb6/tic_tac_toe_frontend/node_modules/@typescript-eslint/scope-manager/dist/scope/TypeScope.js'
npm warn tar TAR_ENTRY_ERROR ENOENT: no such file or directory, open '/home/kavia/workspace/code-generation/tictacplus-persistent-fullstack-tic-tac-toe-61826-a614edb6/tic_tac_toe_frontend/node_modules/@typescript-eslint/typescript-estree/dist/create-program/createDefaultProgram.d.ts'
npm warn tar TAR_ENTRY_ERROR ENOENT: no such file or directory, open '/home/kavia/workspace/code-generation/tictacplus-persistent-fullstack-tic-tac-toe-61826-a614edb6/tic_tac_toe_frontend/node_modules/regenerate-unicode-properties/General_Category/Letter_Number.js'
npm warn tar TAR_ENTRY_ERROR ENOENT: no such file or directory, open '/home/kavia/workspace/code-generation/tictacplus-persistent-fullstack-tic-tac-toe-61826-a614edb6/tic_tac_toe_frontend/node_modules/eslint-plugin-jsx-a11y/__tests__/src/rules/label-has-for-test.js'
npm warn tar TAR_ENTRY_ERROR ENOENT: no such file or directory, open '/home/kavia/workspace/code-generation/tictacplus-persistent-fullstack-tic-tac-toe-61826-a614edb6/tic_tac_toe_frontend/node_modules/@typescript-eslint/scope-manager/dist/referencer/TypeVisitor.js'
npm warn tar TAR_ENTRY_ERROR ENOENT: no such file or directory, open '/home/kavia/workspace/code-generation/tictacplus-persistent-fullstack-tic-tac-toe-61826-a614edb6/tic_tac_toe_frontend/node_modules/regenerate-unicode-properties/General_Category/Letter.js'
npm warn tar TAR_ENTRY_ERROR ENOENT: no such file or directory, open '/home/kavia/workspace/code-generation/tictacplus-persistent-fullstack-tic-tac-toe-61826-a614edb6/tic_tac_toe_frontend/node_modules/fork-ts-checker-webpack-plugin/lib/watch/WatchFileSystem.js'
npm warn tar TAR_ENTRY_ERROR ENOENT: no such file or directory, open '/home/kavia/workspace/code-generation/tictacplus-persistent-fullstack-tic-tac-toe-61826-a614edb6/tic_tac_toe_frontend/node_modules/@typescript-eslint/typescript-estree/dist/create-program/createIsolatedProgram.d.ts'
npm warn tar TAR_ENTRY_ERROR ENOENT: no such file or directory, open '/home/kavia/workspace/code-generation/tictacplus-persistent-fullstack-tic-tac-toe-61826-a614edb6/tic_tac_toe_frontend/node_modules/fork-ts-checker-webpack-plugin/lib/formatter/WebpackFormatter.js'
npm warn tar TAR_ENTRY_ERROR ENOENT: no such file or directory, open '/home/kavia/workspace/code-generation/tictacplus-persistent-fullstack-tic-tac-toe-61826-a614edb6/tic_tac_toe_frontend/node_modules/eslint-plugin-jsx-a11y/lib/rules/label-has-for.js'
npm warn tar TAR_ENTRY_ERROR ENOENT: no such file or directory, open '/home/kavia/workspace/code-generation/tictacplus-persistent-fullstack-tic-tac-toe-61826-a614edb6/tic_tac_toe_frontend/node_modules/eslint-plugin-jsx-a11y/__tests__/src/rules/lang-test.js'
npm warn tar TAR_ENTRY_ERROR ENOENT: no such file or directory, open '/home/kavia/workspace/code-generation/tictacplus-persistent-fullstack-tic-tac-toe-61826-a614edb6/tic_tac_toe_frontend/node_modules/@typescript-eslint/scope-manager/dist/definition/VariableDefinition.js'
npm warn tar TAR_ENTRY_ERROR ENOENT: no such file or directory, open '/home/kavia/workspace/code-generation/tictacplus-persistent-fullstack-tic-tac-toe-61826-a614edb6/tic_tac_toe_frontend/node_modules/regenerate-unicode-properties/General_Category/Line_Separator.js'
npm warn tar TAR_ENTRY_ERROR ENOENT: no such file or directory, open '/home/kavia/workspace/code-generation/tictacplus-persistent-fullstack-tic-tac-toe-61826-a614edb6/tic_tac_toe_frontend/node_modules/eslint-plugin-jsx-a11y/lib/rules/lang.js'
npm warn tar TAR_ENTRY_ERROR ENOENT: no such file or directory, open '/home/kavia/workspace/code-generation/tictacplus-persistent-fullstack-tic-tac-toe-61826-a614edb6/tic_tac_toe_frontend/node_modules/aria-query/lib/etc/roles/abstract/sectionheadRole.js'
npm warn tar TAR_ENTRY_ERROR ENOENT: no such file or directory, open '/home/kavia/workspace/code-generation/tictacplus-persistent-fullstack-tic-tac-toe-61826-a614edb6/tic_tac_toe_frontend/node_modules/@typescript-eslint/scope-manager/dist/referencer/Visitor.js'
npm warn tar TAR_ENTRY_ERROR ENOENT: no such file or directory, open '/home/kavia/workspace/code-generation/tictacplus-persistent-fullstack-tic-tac-toe-61826-a614edb6/tic_tac_toe_frontend/node_modules/jsdom/lib/jsdom/living/helpers/events.js'
npm warn tar TAR_ENTRY_ERROR ENOENT: no such file or directory, lstat '/home/kavia/workspace/code-generation/tictacplus-persistent-fullstack-tic-tac-toe-61826-a614edb6/tic_tac_toe_frontend/node_modules/sucrase/dist/esm/parser/plugins/jsx'
npm warn tar TAR_ENTRY_ERROR ENOENT: no such file or directory, open '/home/kavia/workspace/code-generation/tictacplus-persistent-fullstack-tic-tac-toe-61826-a614edb6/tic_tac_toe_frontend/node_modules/aria-query/lib/etc/roles/abstract/sectionRole.js'
npm warn tar TAR_ENTRY_ERROR ENOENT: no such file or directory, open '/home/kavia/workspace/code-generation/tictacplus-persistent-fullstack-tic-tac-toe-61826-a614edb6/tic_tac_toe_frontend/node_modules/@typescript-eslint/scope-manager/dist/referencer/VisitorBase.js'
npm warn tar TAR_ENTRY_ERROR ENOENT: no such file or directory, open '/home/kavia/workspace/code-generation/tictacplus-persistent-fullstack-tic-tac-toe-61826-a614edb6/tic_tac_toe_frontend/node_modules/@typescript-eslint/typescript-estree/dist/parseSettings/createParseSettings.d.ts'
npm warn tar TAR_ENTRY_ERROR ENOENT: no such file or directory, open '/home/kavia/workspace/code-generation/tictacplus-persistent-fullstack-tic-tac-toe-61826-a614edb6/tic_tac_toe_frontend/node_modules/eslint-plugin-jsx-a11y/lib/util/implicitRoles/li.js'
npm warn tar TAR_ENTRY_ERROR ENOENT: no such file or directory, open '/home/kavia/workspace/code-generation/tictacplus-persistent-fullstack-tic-tac-toe-61826-a614edb6/tic_tac_toe_frontend/node_modules/aria-query/lib/etc/roles/abstract/selectRole.js'
npm warn tar TAR_ENTRY_ERROR ENOENT: no such file or directory, open '/home/kavia/workspace/code-generation/tictacplus-persistent-fullstack-tic-tac-toe-61826-a614edb6/tic_tac_toe_frontend/node_modules/eslint-plugin-jsx-a11y/lib/util/implicitRoles/link.js'
npm warn tar TAR_ENTRY_ERROR ENOENT: no such file or directory, open '/home/kavia/workspace/code-generation/tictacplus-persistent-fullstack-tic-tac-toe-61826-a614edb6/tic_tac_toe_frontend/node_modules/core-js/actual/math/asinh.js'
npm warn tar TAR_ENTRY_ERROR ENOENT: no such file or directory, open '/home/kavia/workspace/code-generation/tictacplus-persistent-fullstack-tic-tac-toe-61826-a614edb6/tic_tac_toe_frontend/node_modules/core-js-pure/actual/math/asinh.js'
npm warn tar TAR_ENTRY_ERROR ENOENT: no such file or directory, open '/home/kavia/workspace/code-generation/tictacplus-persistent-fullstack-tic-tac-toe-61826-a614edb6/tic_tac_toe_frontend/node_modules/@typescript-eslint/typescript-estree/dist/create-program/createProjectProgram.d.ts'
npm warn tar TAR_ENTRY_ERROR ENOENT: no such file or directory, open '/home/kavia/workspace/code-generation/tictacplus-persistent-fullstack-tic-tac-toe-61826-a614edb6/tic_tac_toe_frontend/node_modules/core-js/es/math/asinh.js'
npm warn tar TAR_ENTRY_ERROR ENOENT: no such file or directory, open '/home/kavia/workspace/code-generation/tictacplus-persistent-fullstack-tic-tac-toe-61826-a614edb6/tic_tac_toe_frontend/node_modules/core-js-pure/es/math/asinh.js'
npm warn tar TAR_ENTRY_ERROR ENOENT: no such file or directory, open '/home/kavia/workspace/code-generation/tictacplus-persistent-fullstack-tic-tac-toe-61826-a614edb6/tic_tac_toe_frontend/node_modules/eslint-plugin-jsx-a11y/__tests__/src/util/mayContainChildComponent-test.js'
npm warn tar TAR_ENTRY_ERROR ENOENT: no such file or directory, lstat '/home/kavia/workspace/code-generation/tictacplus-persistent-fullstack-tic-tac-toe-61826-a614edb6/tic_tac_toe_frontend/node_modules/sucrase/dist/parser/plugins/jsx'
npm warn tar TAR_ENTRY_ERROR ENOENT: no such file or directory, open '/home/kavia/workspace/code-generation/tictacplus-persistent-fullstack-tic-tac-toe-61826-a614edb6/tic_tac_toe_frontend/node_modules/core-js/features/math/asinh.js'
npm warn tar TAR_ENTRY_ERROR ENOENT: no such file or directory, open '/home/kavia/workspace/code-generation/tictacplus-persistent-fullstack-tic-tac-toe-61826-a614edb6/tic_tac_toe_frontend/node_modules/core-js-pure/features/math/asinh.js'
npm warn tar TAR_ENTRY_ERROR ENOENT: no such file or directory, open '/home/kavia/workspace/code-generation/tictacplus-persistent-fullstack-tic-tac-toe-61826-a614edb6/tic_tac_toe_frontend/node_modules/@typescript-eslint/typescript-estree/dist/create-program/createSourceFile.d.ts'
npm warn tar TAR_ENTRY_ERROR ENOENT: no such file or directory, open '/home/kavia/workspace/code-generation/tictacplus-persistent-fullstack-tic-tac-toe-61826-a614edb6/tic_tac_toe_frontend/node_modules/jsdom/lib/jsdom/living/window/External-impl.js'
npm warn tar TAR_ENTRY_ERROR ENOENT: no such file or directory, open '/home/kavia/workspace/code-generation/tictacplus-persistent-fullstack-tic-tac-toe-61826-a614edb6/tic_tac_toe_frontend/node_modules/core-js/full/math/asinh.js'
npm warn tar TAR_ENTRY_ERROR ENOENT: no such file or directory, open '/home/kavia/workspace/code-generation/tictacplus-persistent-fullstack-tic-tac-toe-61826-a614edb6/tic_tac_toe_frontend/node_modules/core-js-pure/full/math/asinh.js'
npm warn tar TAR_ENTRY_ERROR ENOENT: no such file or directory, open '/home/kavia/workspace/code-generation/tictacplus-persistent-fullstack-tic-tac-toe-61826-a614edb6/tic_tac_toe_frontend/node_modules/eslint-plugin-jsx-a11y/lib/util/mayContainChildComponent.js'
npm warn tar TAR_ENTRY_ERROR ENOENT: no such file or directory, open '/home/kavia/workspace/code-generation/tictacplus-persistent-fullstack-tic-tac-toe-61826-a614edb6/tic_tac_toe_frontend/node_modules/core-js/stable/math/asinh.js'
npm warn tar TAR_ENTRY_ERROR ENOENT: no such file or directory, open '/home/kavia/workspace/code-generation/tictacplus-persistent-fullstack-tic-tac-toe-61826-a614edb6/tic_tac_toe_frontend/node_modules/core-js-pure/stable/math/asinh.js'
npm warn tar TAR_ENTRY_ERROR ENOENT: no such file or directory, open '/home/kavia/workspace/code-generation/tictacplus-persistent-fullstack-tic-tac-toe-61826-a614edb6/tic_tac_toe_frontend/node_modules/@typescript-eslint/typescript-estree/dist/create-program/describeFilePath.d.ts'
npm warn tar TAR_ENTRY_ERROR ENOENT: no such file or directory, open '/home/kavia/workspace/code-generation/tictacplus-persistent-fullstack-tic-tac-toe-61826-a614edb6/tic_tac_toe_frontend/node_modules/jsdom/lib/jsdom/living/file-api/File-impl.js'
npm warn tar TAR_ENTRY_ERROR ENOENT: no such file or directory, open '/home/kavia/workspace/code-generation/tictacplus-persistent-fullstack-tic-tac-toe-61826-a614edb6/tic_tac_toe_frontend/node_modules/regenerate-unicode-properties/General_Category/Lowercase_Letter.js'
npm warn tar TAR_ENTRY_ERROR ENOENT: no such file or directory, open '/home/kavia/workspace/code-generation/tictacplus-persistent-fullstack-tic-tac-toe-61826-a614edb6/tic_tac_toe_frontend/node_modules/eslint-plugin-jsx-a11y/__tests__/src/util/mayHaveAccessibleLabel-test.js'
npm warn tar TAR_ENTRY_ERROR ENOENT: no such file or directory, open '/home/kavia/workspace/code-generation/tictacplus-persistent-fullstack-tic-tac-toe-61826-a614edb6/tic_tac_toe_frontend/node_modules/aria-query/lib/etc/roles/abstract/structureRole.js'
npm warn tar TAR_ENTRY_ERROR ENOENT: no such file or directory, open '/home/kavia/workspace/code-generation/tictacplus-persistent-fullstack-tic-tac-toe-61826-a614edb6/tic_tac_toe_frontend/node_modules/@typescript-eslint/scope-manager/dist/scope/WithScope.js'
npm warn tar TAR_ENTRY_ERROR ENOENT: no such file or directory, open '/home/kavia/workspace/code-generation/tictacplus-persistent-fullstack-tic-tac-toe-61826-a614edb6/tic_tac_toe_frontend/node_modules/fork-ts-checker-webpack-plugin/lib/reporter/AggregatedReporter.d.ts'
npm warn tar TAR_ENTRY_ERROR ENOENT: no such file or directory, open '/home/kavia/workspace/code-generation/tictacplus-persistent-fullstack-tic-tac-toe-61826-a614edb6/tic_tac_toe_frontend/node_modules/eslint-plugin-jsx-a11y/lib/util/mayHaveAccessibleLabel.js'
npm warn tar TAR_ENTRY_ERROR ENOENT: no such file or directory, open '/home/kavia/workspace/code-generation/tictacplus-persistent-fullstack-tic-tac-toe-61826-a614edb6/tic_tac_toe_frontend/node_modules/fork-ts-checker-webpack-plugin/lib/eslint-reporter/assertEsLintSupport.d.ts'
npm warn tar TAR_ENTRY_ERROR ENOENT: no such file or directory, open '/home/kavia/workspace/code-generation/tictacplus-persistent-fullstack-tic-tac-toe-61826-a614edb6/tic_tac_toe_frontend/node_modules/fork-ts-checker-webpack-plugin/lib/formatter/types/babel__code-frame.d.ts'
npm warn tar TAR_ENTRY_ERROR ENOENT: no such file or directory, open '/home/kavia/workspace/code-generation/tictacplus-persistent-fullstack-tic-tac-toe-61826-a614edb6/tic_tac_toe_frontend/node_modules/eslint-plugin-jsx-a11y/__tests__/src/rules/media-has-caption-test.js'
npm warn tar TAR_ENTRY_ERROR ENOENT: no such file or directory, open '/home/kavia/workspace/code-generation/tictacplus-persistent-fullstack-tic-tac-toe-61826-a614edb6/tic_tac_toe_frontend/node_modules/jsdom/lib/jsdom/living/file-api/FileList-impl.js'
npm warn tar TAR_ENTRY_ERROR ENOENT: no such file or directory, open '/home/kavia/workspace/code-generation/tictacplus-persistent-fullstack-tic-tac-toe-61826-a614edb6/tic_tac_toe_frontend/node_modules/fork-ts-checker-webpack-plugin/lib/formatter/BasicFormatter.d.ts'
npm warn tar TAR_ENTRY_ERROR ENOENT: no such file or directory, open '/home/kavia/workspace/code-generation/tictacplus-persistent-fullstack-tic-tac-toe-61826-a614edb6/tic_tac_toe_frontend/node_modules/eslint-plugin-jsx-a11y/lib/rules/media-has-caption.js'
npm warn tar TAR_ENTRY_ERROR ENOENT: no such file or directory, open '/home/kavia/workspace/code-generation/tictacplus-persistent-fullstack-tic-tac-toe-61826-a614edb6/tic_tac_toe_frontend/node_modules/fork-ts-checker-webpack-plugin/lib/formatter/CodeFrameFormatter.d.ts'
npm warn tar TAR_ENTRY_ERROR ENOENT: no such file or directory, open '/home/kavia/workspace/code-generation/tictacplus-persistent-fullstack-tic-tac-toe-61826-a614edb6/tic_tac_toe_frontend/node_modules/fork-ts-checker-webpack-plugin/lib/watch/CompilerWithWatchFileSystem.d.ts'
npm warn tar TAR_ENTRY_ERROR ENOENT: no such file or directory, open '/home/kavia/workspace/code-generation/tictacplus-persistent-fullstack-tic-tac-toe-61826-a614edb6/tic_tac_toe_frontend/node_modules/@typescript-eslint/typescript-estree/dist/ts-estree/estree-to-ts-node-types.d.ts'
npm warn tar TAR_ENTRY_ERROR ENOENT: no such file or directory, open '/home/kavia/workspace/code-generation/tictacplus-persistent-fullstack-tic-tac-toe-61826-a614edb6/tic_tac_toe_frontend/node_modules/jsdom/lib/jsdom/living/file-api/FileReader-impl.js'
npm warn tar TAR_ENTRY_ERROR ENOENT: no such file or directory, open '/home/kavia/workspace/code-generation/tictacplus-persistent-fullstack-tic-tac-toe-61826-a614edb6/tic_tac_toe_frontend/node_modules/fork-ts-checker-webpack-plugin/lib/typescript-reporter/reporter/ControlledTypeScriptSystem.d.ts'
npm warn tar TAR_ENTRY_ERROR ENOENT: no such file or directory, lstat '/home/kavia/workspace/code-generation/tictacplus-persistent-fullstack-tic-tac-toe-61826-a614edb6/tic_tac_toe_frontend/node_modules/eslint-plugin-jsx-a11y/__tests__/src/util/implicitRoles'
npm warn tar TAR_ENTRY_ERROR ENOENT: no such file or directory, open '/home/kavia/workspace/code-generation/tictacplus-persistent-fullstack-tic-tac-toe-61826-a614edb6/tic_tac_toe_frontend/node_modules/fork-ts-checker-webpack-plugin/lib/typescript-reporter/reporter/ControlledWatchCompilerHost.d.ts'
npm warn tar TAR_ENTRY_ERROR ENOENT: no such file or directory, open '/home/kavia/workspace/code-generation/tictacplus-persistent-fullstack-tic-tac-toe-61826-a614edb6/tic_tac_toe_frontend/node_modules/@typescript-eslint/scope-manager/dist/scope/BlockScope.d.ts.map'
npm warn tar TAR_ENTRY_ERROR ENOENT: no such file or directory, open '/home/kavia/workspace/code-generation/tictacplus-persistent-fullstack-tic-tac-toe-61826-a614edb6/tic_tac_toe_frontend/node_modules/fork-ts-checker-webpack-plugin/lib/typescript-reporter/reporter/ControlledWatchSolutionBuilderHost.d.ts'
npm warn tar TAR_ENTRY_ERROR ENOENT: no such file or directory, open '/home/kavia/workspace/code-generation/tictacplus-persistent-fullstack-tic-tac-toe-61826-a614edb6/tic_tac_toe_frontend/node_modules/eslint-plugin-jsx-a11y/lib/util/implicitRoles/menu.js'
npm warn tar TAR_ENTRY_ERROR ENOENT: no such file or directory, open '/home/kavia/workspace/code-generation/tictacplus-persistent-fullstack-tic-tac-toe-61826-a614edb6/tic_tac_toe_frontend/node_modules/@typescript-eslint/scope-manager/dist/scope/BlockScope.js.map'
npm warn tar TAR_ENTRY_ERROR ENOENT: no such file or directory, open '/home/kavia/workspace/code-generation/tictacplus-persistent-fullstack-tic-tac-toe-61826-a614edb6/tic_tac_toe_frontend/node_modules/@typescript-eslint/typescript-estree/dist/parseSettings/ExpiringCache.d.ts'
npm warn tar TAR_ENTRY_ERROR ENOENT: no such file or directory, open '/home/kavia/workspace/code-generation/tictacplus-persistent-fullstack-tic-tac-toe-61826-a614edb6/tic_tac_toe_frontend/node_modules/fork-ts-checker-webpack-plugin/lib/eslint-reporter/types/eslint.d.ts'
npm warn tar TAR_ENTRY_ERROR ENOENT: no such file or directory, open '/home/kavia/workspace/code-generation/tictacplus-persistent-fullstack-tic-tac-toe-61826-a614edb6/tic_tac_toe_frontend/node_modules/@typescript-eslint/scope-manager/dist/definition/CatchClauseDefinition.d.ts.map'
npm warn tar TAR_ENTRY_ERROR ENOENT: no such file or directory, open '/home/kavia/workspace/code-generation/tictacplus-persistent-fullstack-tic-tac-toe-61826-a614edb6/tic_tac_toe_frontend/node_modules/@typescript-eslint/scope-manager/dist/definition/CatchClauseDefinition.js.map'
npm warn tar TAR_ENTRY_ERROR ENOENT: no such file or directory, open '/home/kavia/workspace/code-generation/tictacplus-persistent-fullstack-tic-tac-toe-61826-a614edb6/tic_tac_toe_frontend/node_modules/fork-ts-checker-webpack-plugin/lib/eslint-reporter/issue/EsLintIssueFactory.d.ts'
npm warn tar TAR_ENTRY_ERROR ENOENT: no such file or directory, lstat '/home/kavia/workspace/code-generation/tictacplus-persistent-fullstack-tic-tac-toe-61826-a614edb6/tic_tac_toe_frontend/node_modules/eslint-plugin-jsx-a11y/__tests__/src/util/implicitRoles'
npm warn tar TAR_ENTRY_ERROR ENOENT: no such file or directory, open '/home/kavia/workspace/code-generation/tictacplus-persistent-fullstack-tic-tac-toe-61826-a614edb6/tic_tac_toe_frontend/node_modules/@typescript-eslint/scope-manager/dist/scope/CatchScope.d.ts.map'
npm warn tar TAR_ENTRY_ERROR ENOENT: no such file or directory, open '/home/kavia/workspace/code-generation/tictacplus-persistent-fullstack-tic-tac-toe-61826-a614edb6/tic_tac_toe_frontend/node_modules/fork-ts-checker-webpack-plugin/lib/eslint-reporter/reporter/EsLintReporter.d.ts'
npm warn tar TAR_ENTRY_ERROR ENOENT: no such file or directory, open '/home/kavia/workspace/code-generation/tictacplus-persistent-fullstack-tic-tac-toe-61826-a614edb6/tic_tac_toe_frontend/node_modules/@typescript-eslint/scope-manager/dist/scope/CatchScope.js.map'
npm warn tar TAR_ENTRY_ERROR ENOENT: no such file or directory, open '/home/kavia/workspace/code-generation/tictacplus-persistent-fullstack-tic-tac-toe-61826-a614edb6/tic_tac_toe_frontend/node_modules/@typescript-eslint/typescript-estree/dist/parseSettings/getProjectConfigFiles.d.ts'
npm warn tar TAR_ENTRY_ERROR ENOENT: no such file or directory, open '/home/kavia/workspace/code-generation/tictacplus-persistent-fullstack-tic-tac-toe-61826-a614edb6/tic_tac_toe_frontend/node_modules/fork-ts-checker-webpack-plugin/lib/eslint-reporter/EsLintReporterConfiguration.d.ts'
npm warn tar TAR_ENTRY_ERROR ENOENT: no such file or directory, open '/home/kavia/workspace/code-generation/tictacplus-persistent-fullstack-tic-tac-toe-61826-a614edb6/tic_tac_toe_frontend/node_modules/eslint-plugin-jsx-a11y/lib/util/implicitRoles/menuitem.js'
npm warn tar TAR_ENTRY_ERROR ENOENT: no such file or directory, open '/home/kavia/workspace/code-generation/tictacplus-persistent-fullstack-tic-tac-toe-61826-a614edb6/tic_tac_toe_frontend/node_modules/@typescript-eslint/scope-manager/dist/scope/ClassFieldInitializerScope.d.ts.map'
npm warn tar TAR_ENTRY_ERROR ENOENT: no such file or directory, open '/home/kavia/workspace/code-generation/tictacplus-persistent-fullstack-tic-tac-toe-61826-a614edb6/tic_tac_toe_frontend/node_modules/jsdom/lib/jsdom/living/helpers/focusing.js'
npm warn tar TAR_ENTRY_ERROR ENOENT: no such file or directory, open '/home/kavia/workspace/code-generation/tictacplus-persistent-fullstack-tic-tac-toe-61826-a614edb6/tic_tac_toe_frontend/node_modules/fork-ts-checker-webpack-plugin/lib/eslint-reporter/EsLintReporterOptions.d.ts'
npm warn tar TAR_ENTRY_ERROR ENOENT: no such file or directory, open '/home/kavia/workspace/code-generation/tictacplus-persistent-fullstack-tic-tac-toe-61826-a614edb6/tic_tac_toe_frontend/node_modules/eslint-plugin-jsx-a11y/lib/util/implicitRoles/meter.js'
npm warn tar TAR_ENTRY_ERROR ENOENT: no such file or directory, open '/home/kavia/workspace/code-generation/tictacplus-persistent-fullstack-tic-tac-toe-61826-a614edb6/tic_tac_toe_frontend/node_modules/@typescript-eslint/scope-manager/dist/scope/ClassFieldInitializerScope.js.map'
npm warn tar TAR_ENTRY_ERROR ENOENT: no such file or directory, open '/home/kavia/workspace/code-generation/tictacplus-persistent-fullstack-tic-tac-toe-61826-a614edb6/tic_tac_toe_frontend/node_modules/@typescript-eslint/typescript-estree/dist/create-program/getScriptKind.d.ts'
npm warn tar TAR_ENTRY_ERROR ENOENT: no such file or directory, open '/home/kavia/workspace/code-generation/tictacplus-persistent-fullstack-tic-tac-toe-61826-a614edb6/tic_tac_toe_frontend/node_modules/jsdom/lib/jsdom/living/helpers/form-controls.js'
npm warn tar TAR_ENTRY_ERROR ENOENT: no such file or directory, open '/home/kavia/workspace/code-generation/tictacplus-persistent-fullstack-tic-tac-toe-61826-a614edb6/tic_tac_toe_frontend/node_modules/fork-ts-checker-webpack-plugin/lib/eslint-reporter/reporter/EsLintReporterRpcClient.d.ts'
npm warn tar TAR_ENTRY_ERROR ENOENT: no such file or directory, open '/home/kavia/workspace/code-generation/tictacplus-persistent-fullstack-tic-tac-toe-61826-a614edb6/tic_tac_toe_frontend/node_modules/eslint-plugin-jsx-a11y/__tests__/src/rules/mouse-events-have-key-events-test.js'
npm warn tar TAR_ENTRY_ERROR ENOENT: no such file or directory, open '/home/kavia/workspace/code-generation/tictacplus-persistent-fullstack-tic-tac-toe-61826-a614edb6/tic_tac_toe_frontend/node_modules/@typescript-eslint/scope-manager/dist/definition/ClassNameDefinition.d.ts.map'
npm warn tar TAR_ENTRY_ERROR ENOENT: no such file or directory, open '/home/kavia/workspace/code-generation/tictacplus-persistent-fullstack-tic-tac-toe-61826-a614edb6/tic_tac_toe_frontend/node_modules/fork-ts-checker-webpack-plugin/lib/eslint-reporter/reporter/EsLintReporterRpcService.d.ts'
npm warn tar TAR_ENTRY_ERROR ENOENT: no such file or directory, open '/home/kavia/workspace/code-generation/tictacplus-persistent-fullstack-tic-tac-toe-61826-a614edb6/tic_tac_toe_frontend/node_modules/eslint-plugin-jsx-a11y/lib/rules/mouse-events-have-key-events.js'
npm warn tar TAR_ENTRY_ERROR ENOENT: no such file or directory, open '/home/kavia/workspace/code-generation/tictacplus-persistent-fullstack-tic-tac-toe-61826-a614edb6/tic_tac_toe_frontend/node_modules/aria-query/lib/etc/roles/abstract/widgetRole.js'
npm warn tar TAR_ENTRY_ERROR ENOENT: no such file or directory, open '/home/kavia/workspace/code-generation/tictacplus-persistent-fullstack-tic-tac-toe-61826-a614edb6/tic_tac_toe_frontend/node_modules/@typescript-eslint/scope-manager/dist/definition/ClassNameDefinition.js.map'
npm warn tar TAR_ENTRY_ERROR ENOENT: no such file or directory, open '/home/kavia/workspace/code-generation/tictacplus-persistent-fullstack-tic-tac-toe-61826-a614edb6/tic_tac_toe_frontend/node_modules/fork-ts-checker-webpack-plugin/lib/reporter/FilesChange.d.ts'
npm warn tar TAR_ENTRY_ERROR ENOENT: no such file or directory, open '/home/kavia/workspace/code-generation/tictacplus-persistent-fullstack-tic-tac-toe-61826-a614edb6/tic_tac_toe_frontend/node_modules/eslint-plugin-jsx-a11y/lib/util/implicitRoles/nav.js'
npm warn tar TAR_ENTRY_ERROR ENOENT: no such file or directory, open '/home/kavia/workspace/code-generation/tictacplus-persistent-fullstack-tic-tac-toe-61826-a614edb6/tic_tac_toe_frontend/node_modules/async/dist/async.mjs'
npm warn tar TAR_ENTRY_ERROR ENOENT: no such file or directory, open '/home/kavia/workspace/code-generation/tictacplus-persistent-fullstack-tic-tac-toe-61826-a614edb6/tic_tac_toe_frontend/node_modules/aria-query/lib/etc/roles/abstract/windowRole.js'
npm warn tar TAR_ENTRY_ERROR ENOENT: no such file or directory, open '/home/kavia/workspace/code-generation/tictacplus-persistent-fullstack-tic-tac-toe-61826-a614edb6/tic_tac_toe_frontend/node_modules/@typescript-eslint/scope-manager/dist/scope/ClassScope.d.ts.map'
npm warn tar TAR_ENTRY_ERROR ENOENT: no such file or directory, open '/home/kavia/workspace/code-generation/tictacplus-persistent-fullstack-tic-tac-toe-61826-a614edb6/tic_tac_toe_frontend/node_modules/regenerate-unicode-properties/General_Category/Mark.js'
npm warn tar TAR_ENTRY_ERROR ENOENT: no such file or directory, open '/home/kavia/workspace/code-generation/tictacplus-persistent-fullstack-tic-tac-toe-61826-a614edb6/tic_tac_toe_frontend/node_modules/fork-ts-checker-webpack-plugin/lib/reporter/FilesMatch.d.ts'
npm warn tar TAR_ENTRY_ERROR ENOENT: no such file or directory, open '/home/kavia/workspace/code-generation/tictacplus-persistent-fullstack-tic-tac-toe-61826-a614edb6/tic_tac_toe_frontend/node_modules/eslint-plugin-jsx-a11y/__tests__/src/rules/no-access-key-test.js'
npm warn tar TAR_ENTRY_ERROR ENOENT: no such file or directory, open '/home/kavia/workspace/code-generation/tictacplus-persistent-fullstack-tic-tac-toe-61826-a614edb6/tic_tac_toe_frontend/node_modules/@typescript-eslint/scope-manager/dist/scope/ClassScope.js.map'
npm warn tar TAR_ENTRY_ERROR ENOENT: no such file or directory, open '/home/kavia/workspace/code-generation/tictacplus-persistent-fullstack-tic-tac-toe-61826-a614edb6/tic_tac_toe_frontend/node_modules/@typescript-eslint/typescript-estree/dist/create-program/getWatchProgramsForProjects.d.ts'
npm warn tar TAR_ENTRY_ERROR ENOENT: no such file or directory, open '/home/kavia/workspace/code-generation/tictacplus-persistent-fullstack-tic-tac-toe-61826-a614edb6/tic_tac_toe_frontend/node_modules/fork-ts-checker-webpack-plugin/lib/typescript-reporter/file-system/FileSystem.d.ts'
npm warn tar TAR_ENTRY_ERROR ENOENT: no such file or directory, open '/home/kavia/workspace/code-generation/tictacplus-persistent-fullstack-tic-tac-toe-61826-a614edb6/tic_tac_toe_frontend/node_modules/eslint-plugin-jsx-a11y/lib/rules/no-access-key.js'
npm warn tar TAR_ENTRY_ERROR ENOENT: no such file or directory, open '/home/kavia/workspace/code-generation/tictacplus-persistent-fullstack-tic-tac-toe-61826-a614edb6/tic_tac_toe_frontend/node_modules/core-js/proposals/async-explicit-resource-management.js'
npm warn tar TAR_ENTRY_ERROR ENOENT: no such file or directory, open '/home/kavia/workspace/code-generation/tictacplus-persistent-fullstack-tic-tac-toe-61826-a614edb6/tic_tac_toe_frontend/node_modules/core-js-pure/proposals/async-explicit-resource-management.js'
npm warn tar TAR_ENTRY_ERROR ENOENT: no such file or directory, open '/home/kavia/workspace/code-generation/tictacplus-persistent-fullstack-tic-tac-toe-61826-a614edb6/tic_tac_toe_frontend/node_modules/@typescript-eslint/scope-manager/dist/scope/ClassStaticBlockScope.d.ts.map'
npm warn tar TAR_ENTRY_ERROR ENOENT: no such file or directory, open '/home/kavia/workspace/code-generation/tictacplus-persistent-fullstack-tic-tac-toe-61826-a614edb6/tic_tac_toe_frontend/node_modules/eslint-plugin-jsx-a11y/__tests__/src/rules/no-aria-hidden-on-focusable-test.js'
npm warn tar TAR_ENTRY_ERROR ENOENT: no such file or directory, open '/home/kavia/workspace/code-generation/tictacplus-persistent-fullstack-tic-tac-toe-61826-a614edb6/tic_tac_toe_frontend/node_modules/core-js/internals/async-from-sync-iterator.js'
npm warn tar TAR_ENTRY_ERROR ENOENT: no such file or directory, open '/home/kavia/workspace/code-generation/tictacplus-persistent-fullstack-tic-tac-toe-61826-a614edb6/tic_tac_toe_frontend/node_modules/core-js-pure/internals/async-from-sync-iterator.js'
npm warn tar TAR_ENTRY_ERROR ENOENT: no such file or directory, open '/home/kavia/workspace/code-generation/tictacplus-persistent-fullstack-tic-tac-toe-61826-a614edb6/tic_tac_toe_frontend/node_modules/@typescript-eslint/scope-manager/dist/scope/ClassStaticBlockScope.js.map'
npm warn tar TAR_ENTRY_ERROR ENOENT: no such file or directory, open '/home/kavia/workspace/code-generation/tictacplus-persistent-fullstack-tic-tac-toe-61826-a614edb6/tic_tac_toe_frontend/node_modules/eslint-plugin-jsx-a11y/lib/rules/no-aria-hidden-on-focusable.js'
npm warn tar TAR_ENTRY_ERROR ENOENT: no such file or directory, open '/home/kavia/workspace/code-generation/tictacplus-persistent-fullstack-tic-tac-toe-61826-a614edb6/tic_tac_toe_frontend/node_modules/core-js-pure/proposals/async-iteration.js'
npm warn tar TAR_ENTRY_ERROR ENOENT: no such file or directory, open '/home/kavia/workspace/code-generation/tictacplus-persistent-fullstack-tic-tac-toe-61826-a614edb6/tic_tac_toe_frontend/node_modules/@typescript-eslint/scope-manager/dist/referencer/ClassVisitor.d.ts.map'
npm warn tar TAR_ENTRY_ERROR ENOENT: no such file or directory, open '/home/kavia/workspace/code-generation/tictacplus-persistent-fullstack-tic-tac-toe-61826-a614edb6/tic_tac_toe_frontend/node_modules/regenerate-unicode-properties/General_Category/Math_Symbol.js'
npm warn tar TAR_ENTRY_ERROR ENOENT: no such file or directory, open '/home/kavia/workspace/code-generation/tictacplus-persistent-fullstack-tic-tac-toe-61826-a614edb6/tic_tac_toe_frontend/node_modules/eslint-plugin-jsx-a11y/__tests__/src/rules/no-autofocus-test.js'
npm warn tar TAR_ENTRY_ERROR ENOENT: no such file or directory, open '/home/kavia/workspace/code-generation/tictacplus-persistent-fullstack-tic-tac-toe-61826-a614edb6/tic_tac_toe_frontend/node_modules/core-js/proposals/async-iteration.js'
npm warn tar TAR_ENTRY_ERROR ENOENT: no such file or directory, open '/home/kavia/workspace/code-generation/tictacplus-persistent-fullstack-tic-tac-toe-61826-a614edb6/tic_tac_toe_frontend/node_modules/core-js-pure/internals/async-iterator-close.js'
npm warn tar TAR_ENTRY_ERROR ENOENT: no such file or directory, open '/home/kavia/workspace/code-generation/tictacplus-persistent-fullstack-tic-tac-toe-61826-a614edb6/tic_tac_toe_frontend/node_modules/@typescript-eslint/scope-manager/dist/referencer/ClassVisitor.js.map'
npm warn tar TAR_ENTRY_ERROR ENOENT: no such file or directory, open '/home/kavia/workspace/code-generation/tictacplus-persistent-fullstack-tic-tac-toe-61826-a614edb6/tic_tac_toe_frontend/node_modules/eslint-plugin-jsx-a11y/lib/rules/no-autofocus.js'
npm warn tar TAR_ENTRY_ERROR ENOENT: no such file or directory, open '/home/kavia/workspace/code-generation/tictacplus-persistent-fullstack-tic-tac-toe-61826-a614edb6/tic_tac_toe_frontend/node_modules/core-js/internals/async-iterator-close.js'
npm warn tar TAR_ENTRY_ERROR ENOENT: no such file or directory, open '/home/kavia/workspace/code-generation/tictacplus-persistent-fullstack-tic-tac-toe-61826-a614edb6/tic_tac_toe_frontend/node_modules/@typescript-eslint/scope-manager/dist/scope/ConditionalTypeScope.d.ts.map'
npm warn tar TAR_ENTRY_ERROR ENOENT: no such file or directory, open '/home/kavia/workspace/code-generation/tictacplus-persistent-fullstack-tic-tac-toe-61826-a614edb6/tic_tac_toe_frontend/node_modules/@typescript-eslint/typescript-estree/dist/parseSettings/index.d.ts'
npm warn tar TAR_ENTRY_ERROR ENOENT: no such file or directory, open '/home/kavia/workspace/code-generation/tictacplus-persistent-fullstack-tic-tac-toe-61826-a614edb6/tic_tac_toe_frontend/node_modules/eslint-plugin-jsx-a11y/__tests__/src/rules/no-distracting-elements-test.js'
npm warn tar TAR_ENTRY_ERROR ENOENT: no such file or directory, open '/home/kavia/workspace/code-generation/tictacplus-persistent-fullstack-tic-tac-toe-61826-a614edb6/tic_tac_toe_frontend/node_modules/core-js/internals/async-iterator-create-proxy.js'
npm warn tar TAR_ENTRY_ERROR ENOENT: no such file or directory, open '/home/kavia/workspace/code-generation/tictacplus-persistent-fullstack-tic-tac-toe-61826-a614edb6/tic_tac_toe_frontend/node_modules/core-js-pure/internals/async-iterator-create-proxy.js'
npm warn tar TAR_ENTRY_ERROR ENOENT: no such file or directory, open '/home/kavia/workspace/code-generation/tictacplus-persistent-fullstack-tic-tac-toe-61826-a614edb6/tic_tac_toe_frontend/node_modules/@typescript-eslint/scope-manager/dist/scope/ConditionalTypeScope.js.map'
npm warn tar TAR_ENTRY_ERROR ENOENT: no such file or directory, open '/home/kavia/workspace/code-generation/tictacplus-persistent-fullstack-tic-tac-toe-61826-a614edb6/tic_tac_toe_frontend/node_modules/@typescript-eslint/typescript-estree/dist/ts-estree/index.d.ts'
npm warn tar TAR_ENTRY_ERROR ENOENT: no such file or directory, open '/home/kavia/workspace/code-generation/tictacplus-persistent-fullstack-tic-tac-toe-61826-a614edb6/tic_tac_toe_frontend/node_modules/fork-ts-checker-webpack-plugin/lib/formatter/Formatter.d.ts'
npm warn tar TAR_ENTRY_ERROR ENOENT: no such file or directory, open '/home/kavia/workspace/code-generation/tictacplus-persistent-fullstack-tic-tac-toe-61826-a614edb6/tic_tac_toe_frontend/node_modules/eslint-plugin-jsx-a11y/lib/rules/no-distracting-elements.js'
npm warn tar TAR_ENTRY_ERROR ENOENT: no such file or directory, open '/home/kavia/workspace/code-generation/tictacplus-persistent-fullstack-tic-tac-toe-61826-a614edb6/tic_tac_toe_frontend/node_modules/core-js/proposals/async-iterator-helpers.js'
npm warn tar TAR_ENTRY_ERROR ENOENT: no such file or directory, open '/home/kavia/workspace/code-generation/tictacplus-persistent-fullstack-tic-tac-toe-61826-a614edb6/tic_tac_toe_frontend/node_modules/core-js-pure/proposals/async-iterator-helpers.js'
npm warn tar TAR_ENTRY_ERROR ENOENT: no such file or directory, open '/home/kavia/workspace/code-generation/tictacplus-persistent-fullstack-tic-tac-toe-61826-a614edb6/tic_tac_toe_frontend/node_modules/jsdom/lib/jsdom/living/nodes/GlobalEventHandlers-impl.js'
npm warn tar TAR_ENTRY_ERROR ENOENT: no such file or directory, open '/home/kavia/workspace/code-generation/tictacplus-persistent-fullstack-tic-tac-toe-61826-a614edb6/tic_tac_toe_frontend/node_modules/fork-ts-checker-webpack-plugin/lib/formatter/FormatterConfiguration.d.ts'
npm warn tar TAR_ENTRY_ERROR ENOENT: no such file or directory, open '/home/kavia/workspace/code-generation/tictacplus-persistent-fullstack-tic-tac-toe-61826-a614edb6/tic_tac_toe_frontend/node_modules/eslint-plugin-jsx-a11y/__tests__/src/rules/no-interactive-element-to-noninteractive-role-test.js'
npm warn tar TAR_ENTRY_ERROR ENOENT: no such file or directory, open '/home/kavia/workspace/code-generation/tictacplus-persistent-fullstack-tic-tac-toe-61826-a614edb6/tic_tac_toe_frontend/node_modules/core-js/internals/async-iterator-indexed.js'
npm warn tar TAR_ENTRY_ERROR ENOENT: no such file or directory, open '/home/kavia/workspace/code-generation/tictacplus-persistent-fullstack-tic-tac-toe-61826-a614edb6/tic_tac_toe_frontend/node_modules/core-js-pure/internals/async-iterator-indexed.js'
npm warn tar TAR_ENTRY_ERROR ENOENT: no such file or directory, open '/home/kavia/workspace/code-generation/tictacplus-persistent-fullstack-tic-tac-toe-61826-a614edb6/tic_tac_toe_frontend/node_modules/fork-ts-checker-webpack-plugin/lib/formatter/FormatterFactory.d.ts'
npm warn tar TAR_ENTRY_ERROR ENOENT: no such file or directory, open '/home/kavia/workspace/code-generation/tictacplus-persistent-fullstack-tic-tac-toe-61826-a614edb6/tic_tac_toe_frontend/node_modules/core-js/internals/async-iterator-iteration.js'
npm warn tar TAR_ENTRY_ERROR ENOENT: no such file or directory, open '/home/kavia/workspace/code-generation/tictacplus-persistent-fullstack-tic-tac-toe-61826-a614edb6/tic_tac_toe_frontend/node_modules/core-js-pure/internals/async-iterator-iteration.js'
npm warn tar TAR_ENTRY_ERROR ENOENT: no such file or directory, open '/home/kavia/workspace/code-generation/tictacplus-persistent-fullstack-tic-tac-toe-61826-a614edb6/tic_tac_toe_frontend/node_modules/fork-ts-checker-webpack-plugin/lib/formatter/FormatterOptions.d.ts'
npm warn tar TAR_ENTRY_ERROR ENOENT: no such file or directory, open '/home/kavia/workspace/code-generation/tictacplus-persistent-fullstack-tic-tac-toe-61826-a614edb6/tic_tac_toe_frontend/node_modules/eslint-plugin-jsx-a11y/lib/rules/no-interactive-element-to-noninteractive-role.js'
npm warn tar TAR_ENTRY_ERROR ENOENT: no such file or directory, open '/home/kavia/workspace/code-generation/tictacplus-persistent-fullstack-tic-tac-toe-61826-a614edb6/tic_tac_toe_frontend/node_modules/core-js/internals/async-iterator-map.js'
npm warn tar TAR_ENTRY_ERROR ENOENT: no such file or directory, open '/home/kavia/workspace/code-generation/tictacplus-persistent-fullstack-tic-tac-toe-61826-a614edb6/tic_tac_toe_frontend/node_modules/core-js-pure/internals/async-iterator-map.js'
npm warn tar TAR_ENTRY_ERROR ENOENT: no such file or directory, open '/home/kavia/workspace/code-generation/tictacplus-persistent-fullstack-tic-tac-toe-61826-a614edb6/tic_tac_toe_frontend/node_modules/@typescript-eslint/typescript-estree/dist/parseSettings/inferSingleRun.d.ts'
npm warn tar TAR_ENTRY_ERROR ENOENT: no such file or directory, open '/home/kavia/workspace/code-generation/tictacplus-persistent-fullstack-tic-tac-toe-61826-a614edb6/tic_tac_toe_frontend/node_modules/eslint-plugin-jsx-a11y/__tests__/src/rules/no-noninteractive-element-interactions-test.js'
npm warn tar TAR_ENTRY_ERROR ENOENT: no such file or directory, open '/home/kavia/workspace/code-generation/tictacplus-persistent-fullstack-tic-tac-toe-61826-a614edb6/tic_tac_toe_frontend/node_modules/core-js-pure/internals/async-iterator-prototype.js'
npm warn tar TAR_ENTRY_ERROR ENOENT: no such file or directory, open '/home/kavia/workspace/code-generation/tictacplus-persistent-fullstack-tic-tac-toe-61826-a614edb6/tic_tac_toe_frontend/node_modules/@typescript-eslint/scope-manager/dist/definition/Definition.d.ts.map'
npm warn tar TAR_ENTRY_ERROR ENOENT: no such file or directory, open '/home/kavia/workspace/code-generation/tictacplus-persistent-fullstack-tic-tac-toe-61826-a614edb6/tic_tac_toe_frontend/node_modules/fork-ts-checker-webpack-plugin/lib/watch/InclusiveNodeWatchFileSystem.d.ts'
npm warn tar TAR_ENTRY_ERROR ENOENT: no such file or directory, open '/home/kavia/workspace/code-generation/tictacplus-persistent-fullstack-tic-tac-toe-61826-a614edb6/tic_tac_toe_frontend/node_modules/core-js/internals/async-iterator-prototype.js'
npm warn tar TAR_ENTRY_ERROR ENOENT: no such file or directory, open '/home/kavia/workspace/code-generation/tictacplus-persistent-fullstack-tic-tac-toe-61826-a614edb6/tic_tac_toe_frontend/node_modules/fork-ts-checker-webpack-plugin/lib/formatter/index.d.ts'
npm warn tar TAR_ENTRY_ERROR ENOENT: no such file or directory, open '/home/kavia/workspace/code-generation/tictacplus-persistent-fullstack-tic-tac-toe-61826-a614edb6/tic_tac_toe_frontend/node_modules/eslint-plugin-jsx-a11y/lib/rules/no-noninteractive-element-interactions.js'
npm warn tar TAR_ENTRY_ERROR ENOENT: no such file or directory, open '/home/kavia/workspace/code-generation/tictacplus-persistent-fullstack-tic-tac-toe-61826-a614edb6/tic_tac_toe_frontend/node_modules/core-js/internals/async-iterator-wrap.js'
npm warn tar TAR_ENTRY_ERROR ENOENT: no such file or directory, open '/home/kavia/workspace/code-generation/tictacplus-persistent-fullstack-tic-tac-toe-61826-a614edb6/tic_tac_toe_frontend/node_modules/core-js-pure/internals/async-iterator-wrap.js'
npm warn tar TAR_ENTRY_ERROR ENOENT: no such file or directory, open '/home/kavia/workspace/code-generation/tictacplus-persistent-fullstack-tic-tac-toe-61826-a614edb6/tic_tac_toe_frontend/node_modules/@typescript-eslint/scope-manager/dist/definition/Definition.js.map'
npm warn tar TAR_ENTRY_ERROR ENOENT: no such file or directory, open '/home/kavia/workspace/code-generation/tictacplus-persistent-fullstack-tic-tac-toe-61826-a614edb6/tic_tac_toe_frontend/node_modules/eslint-plugin-jsx-a11y/__tests__/src/rules/no-noninteractive-element-to-interactive-role-test.js'
npm warn tar TAR_ENTRY_ERROR ENOENT: no such file or directory, open '/home/kavia/workspace/code-generation/tictacplus-persistent-fullstack-tic-tac-toe-61826-a614edb6/tic_tac_toe_frontend/node_modules/@typescript-eslint/scope-manager/dist/definition/DefinitionBase.d.ts.map'
npm warn tar TAR_ENTRY_ERROR ENOENT: no such file or directory, open '/home/kavia/workspace/code-generation/tictacplus-persistent-fullstack-tic-tac-toe-61826-a614edb6/tic_tac_toe_frontend/node_modules/@typescript-eslint/scope-manager/dist/definition/DefinitionBase.js.map'
npm warn tar TAR_ENTRY_ERROR ENOENT: no such file or directory, open '/home/kavia/workspace/code-generation/tictacplus-persistent-fullstack-tic-tac-toe-61826-a614edb6/tic_tac_toe_frontend/node_modules/fork-ts-checker-webpack-plugin/lib/reporter/index.d.ts'
npm warn tar TAR_ENTRY_ERROR ENOENT: no such file or directory, open '/home/kavia/workspace/code-generation/tictacplus-persistent-fullstack-tic-tac-toe-61826-a614edb6/tic_tac_toe_frontend/node_modules/eslint-plugin-jsx-a11y/lib/rules/no-noninteractive-element-to-interactive-role.js'
npm warn tar TAR_ENTRY_ERROR ENOENT: no such file or directory, open '/home/kavia/workspace/code-generation/tictacplus-persistent-fullstack-tic-tac-toe-61826-a614edb6/tic_tac_toe_frontend/node_modules/@typescript-eslint/scope-manager/dist/definition/DefinitionType.d.ts.map'
npm warn tar TAR_ENTRY_ERROR ENOENT: no such file or directory, open '/home/kavia/workspace/code-generation/tictacplus-persistent-fullstack-tic-tac-toe-61826-a614edb6/tic_tac_toe_frontend/node_modules/eslint-plugin-jsx-a11y/__tests__/src/rules/no-noninteractive-tabindex-test.js'
npm warn tar TAR_ENTRY_ERROR ENOENT: no such file or directory, open '/home/kavia/workspace/code-generation/tictacplus-persistent-fullstack-tic-tac-toe-61826-a614edb6/tic_tac_toe_frontend/node_modules/@typescript-eslint/scope-manager/dist/definition/DefinitionType.js.map'
npm warn tar TAR_ENTRY_ERROR ENOENT: no such file or directory, open '/home/kavia/workspace/code-generation/tictacplus-persistent-fullstack-tic-tac-toe-61826-a614edb6/tic_tac_toe_frontend/node_modules/eslint-plugin-jsx-a11y/lib/rules/no-noninteractive-tabindex.js'
npm warn tar TAR_ENTRY_ERROR ENOENT: no such file or directory, open '/home/kavia/workspace/code-generation/tictacplus-persistent-fullstack-tic-tac-toe-61826-a614edb6/tic_tac_toe_frontend/node_modules/regenerate-unicode-properties/General_Category/Modifier_Letter.js'
npm warn tar TAR_ENTRY_ERROR ENOENT: no such file or directory, open '/home/kavia/workspace/code-generation/tictacplus-persistent-fullstack-tic-tac-toe-61826-a614edb6/tic_tac_toe_frontend/node_modules/eslint-plugin-jsx-a11y/__tests__/src/rules/no-onchange-test.js'
npm warn tar TAR_ENTRY_ERROR ENOENT: no such file or directory, open '/home/kavia/workspace/code-generation/tictacplus-persistent-fullstack-tic-tac-toe-61826-a614edb6/tic_tac_toe_frontend/node_modules/@typescript-eslint/typescript-estree/dist/parseSettings/resolveProjectList.d.ts'
npm warn tar TAR_ENTRY_ERROR ENOENT: no such file or directory, open '/home/kavia/workspace/code-generation/tictacplus-persistent-fullstack-tic-tac-toe-61826-a614edb6/tic_tac_toe_frontend/node_modules/regenerate-unicode-properties/General_Category/Modifier_Symbol.js'
npm warn tar TAR_ENTRY_ERROR ENOENT: no such file or directory, open '/home/kavia/workspace/code-generation/tictacplus-persistent-fullstack-tic-tac-toe-61826-a614edb6/tic_tac_toe_frontend/node_modules/eslint-plugin-jsx-a11y/lib/rules/no-onchange.js'
npm warn tar TAR_ENTRY_ERROR ENOENT: no such file or directory, open '/home/kavia/workspace/code-generation/tictacplus-persistent-fullstack-tic-tac-toe-61826-a614edb6/tic_tac_toe_frontend/node_modules/eslint-plugin-jsx-a11y/__tests__/src/rules/no-redundant-roles-test.js'
npm warn tar TAR_ENTRY_ERROR ENOENT: no such file or directory, open '/home/kavia/workspace/code-generation/tictacplus-persistent-fullstack-tic-tac-toe-61826-a614edb6/tic_tac_toe_frontend/node_modules/eslint-plugin-jsx-a11y/lib/rules/no-redundant-roles.js'
npm warn tar TAR_ENTRY_ERROR ENOENT: no such file or directory, open '/home/kavia/workspace/code-generation/tictacplus-persistent-fullstack-tic-tac-toe-61826-a614edb6/tic_tac_toe_frontend/node_modules/eslint-plugin-jsx-a11y/__tests__/src/rules/no-static-element-interactions-test.js'
npm warn tar TAR_ENTRY_ERROR ENOENT: no such file or directory, open '/home/kavia/workspace/code-generation/tictacplus-persistent-fullstack-tic-tac-toe-61826-a614edb6/tic_tac_toe_frontend/node_modules/@typescript-eslint/typescript-estree/dist/create-program/shared.d.ts'
npm warn tar TAR_ENTRY_ERROR ENOENT: no such file or directory, open '/home/kavia/workspace/code-generation/tictacplus-persistent-fullstack-tic-tac-toe-61826-a614edb6/tic_tac_toe_frontend/node_modules/jsdom/lib/jsdom/living/window/History-impl.js'
npm warn tar TAR_ENTRY_ERROR ENOENT: no such file or directory, open '/home/kavia/workspace/code-generation/tictacplus-persistent-fullstack-tic-tac-toe-61826-a614edb6/tic_tac_toe_frontend/node_modules/eslint-plugin-jsx-a11y/lib/rules/no-static-element-interactions.js'
npm warn tar TAR_ENTRY_ERROR ENOENT: no such file or directory, open '/home/kavia/workspace/code-generation/tictacplus-persistent-fullstack-tic-tac-toe-61826-a614edb6/tic_tac_toe_frontend/node_modules/eslint-plugin-jsx-a11y/lib/util/implicitRoles/ol.js'
npm warn tar TAR_ENTRY_ERROR ENOENT: no such file or directory, open '/home/kavia/workspace/code-generation/tictacplus-persistent-fullstack-tic-tac-toe-61826-a614edb6/tic_tac_toe_frontend/node_modules/eslint-plugin-jsx-a11y/lib/util/implicitRoles/option.js'
npm warn tar TAR_ENTRY_ERROR ENOENT: no such file or directory, open '/home/kavia/workspace/code-generation/tictacplus-persistent-fullstack-tic-tac-toe-61826-a614edb6/tic_tac_toe_frontend/node_modules/@typescript-eslint/typescript-estree/dist/ts-estree/ts-nodes.d.ts'
npm warn tar TAR_ENTRY_ERROR ENOENT: no such file or directory, open '/home/kavia/workspace/code-generation/tictacplus-persistent-fullstack-tic-tac-toe-61826-a614edb6/tic_tac_toe_frontend/node_modules/jsdom/lib/jsdom/living/helpers/html-constructor.js'
npm warn tar TAR_ENTRY_ERROR ENOENT: no such file or directory, open '/home/kavia/workspace/code-generation/tictacplus-persistent-fullstack-tic-tac-toe-61826-a614edb6/tic_tac_toe_frontend/node_modules/eslint-plugin-jsx-a11y/lib/util/implicitRoles/output.js'
npm warn tar TAR_ENTRY_ERROR ENOENT: no such file or directory, open '/home/kavia/workspace/code-generation/tictacplus-persistent-fullstack-tic-tac-toe-61826-a614edb6/tic_tac_toe_frontend/node_modules/eslint-plugin-jsx-a11y/__tests__/src/util/parserOptionsMapper-test.js'
npm warn tar TAR_ENTRY_ERROR ENOENT: no such file or directory, open '/home/kavia/workspace/code-generation/tictacplus-persistent-fullstack-tic-tac-toe-61826-a614edb6/tic_tac_toe_frontend/node_modules/@typescript-eslint/typescript-estree/dist/create-program/useProvidedPrograms.d.ts'
npm warn tar TAR_ENTRY_ERROR ENOENT: no such file or directory, open '/home/kavia/workspace/code-generation/tictacplus-persistent-fullstack-tic-tac-toe-61826-a614edb6/tic_tac_toe_frontend/node_modules/eslint-plugin-jsx-a11y/__tests__/src/rules/prefer-tag-over-role-test.js'
npm warn tar TAR_ENTRY_ERROR ENOENT: no such file or directory, open '/home/kavia/workspace/code-generation/tictacplus-persistent-fullstack-tic-tac-toe-61826-a614edb6/tic_tac_toe_frontend/node_modules/jsdom/lib/jsdom/living/nodes/HTMLAnchorElement-impl.js'
npm warn tar TAR_ENTRY_ERROR ENOENT: no such file or directory, open '/home/kavia/workspace/code-generation/tictacplus-persistent-fullstack-tic-tac-toe-61826-a614edb6/tic_tac_toe_frontend/node_modules/eslint-plugin-jsx-a11y/lib/rules/prefer-tag-over-role.js'
npm warn tar TAR_ENTRY_ERROR ENOENT: no such file or directory, open '/home/kavia/workspace/code-generation/tictacplus-persistent-fullstack-tic-tac-toe-61826-a614edb6/tic_tac_toe_frontend/node_modules/fork-ts-checker-webpack-plugin/lib/typescript-reporter/file-system/MemFileSystem.d.ts'
npm warn tar TAR_ENTRY_ERROR ENOENT: no such file or directory, open '/home/kavia/workspace/code-generation/tictacplus-persistent-fullstack-tic-tac-toe-61826-a614edb6/tic_tac_toe_frontend/node_modules/eslint-plugin-jsx-a11y/lib/util/implicitRoles/progress.js'
npm warn tar TAR_ENTRY_ERROR ENOENT: no such file or directory, open '/home/kavia/workspace/code-generation/tictacplus-persistent-fullstack-tic-tac-toe-61826-a614edb6/tic_tac_toe_frontend/node_modules/@typescript-eslint/typescript-estree/dist/parseSettings/warnAboutTSVersion.d.ts'
npm warn tar TAR_ENTRY_ERROR ENOENT: no such file or directory, open '/home/kavia/workspace/code-generation/tictacplus-persistent-fullstack-tic-tac-toe-61826-a614edb6/tic_tac_toe_frontend/node_modules/eslint-plugin-jsx-a11y/__tests__/src/rules/role-has-required-aria-props-test.js'
npm warn tar TAR_ENTRY_ERROR ENOENT: no such file or directory, open '/home/kavia/workspace/code-generation/tictacplus-persistent-fullstack-tic-tac-toe-61826-a614edb6/tic_tac_toe_frontend/node_modules/eslint-plugin-jsx-a11y/lib/rules/role-has-required-aria-props.js'
npm warn tar TAR_ENTRY_ERROR ENOENT: no such file or directory, open '/home/kavia/workspace/code-generation/tictacplus-persistent-fullstack-tic-tac-toe-61826-a614edb6/tic_tac_toe_frontend/node_modules/@typescript-eslint/typescript-estree/dist/create-program/WatchCompilerHostOfConfigFile.d.ts'
npm warn tar TAR_ENTRY_ERROR ENOENT: no such file or directory, open '/home/kavia/workspace/code-generation/tictacplus-persistent-fullstack-tic-tac-toe-61826-a614edb6/tic_tac_toe_frontend/node_modules/fork-ts-checker-webpack-plugin/lib/typescript-reporter/file-system/PassiveFileSystem.d.ts'
npm warn tar TAR_ENTRY_ERROR ENOENT: no such file or directory, open '/home/kavia/workspace/code-generation/tictacplus-persistent-fullstack-tic-tac-toe-61826-a614edb6/tic_tac_toe_frontend/node_modules/jsdom/lib/jsdom/living/nodes/HTMLAreaElement-impl.js'
npm warn tar TAR_ENTRY_ERROR ENOENT: no such file or directory, open '/home/kavia/workspace/code-generation/tictacplus-persistent-fullstack-tic-tac-toe-61826-a614edb6/tic_tac_toe_frontend/node_modules/eslint-plugin-jsx-a11y/__tests__/src/rules/role-supports-aria-props-test.js'
npm warn tar TAR_ENTRY_ERROR ENOENT: no such file or directory, open '/home/kavia/workspace/code-generation/tictacplus-persistent-fullstack-tic-tac-toe-61826-a614edb6/tic_tac_toe_frontend/node_modules/eslint-plugin-jsx-a11y/lib/rules/role-supports-aria-props.js'
npm warn tar TAR_ENTRY_ERROR ENOENT: no such file or directory, open '/home/kavia/workspace/code-generation/tictacplus-persistent-fullstack-tic-tac-toe-61826-a614edb6/tic_tac_toe_frontend/node_modules/jsdom/lib/jsdom/living/nodes/HTMLAudioElement-impl.js'
npm warn tar TAR_ENTRY_ERROR ENOENT: no such file or directory, open '/home/kavia/workspace/code-generation/tictacplus-persistent-fullstack-tic-tac-toe-61826-a614edb6/tic_tac_toe_frontend/node_modules/eslint-plugin-jsx-a11y/__tests__/src/util/schemas-test.js'
npm warn tar TAR_ENTRY_ERROR ENOENT: no such file or directory, open '/home/kavia/workspace/code-generation/tictacplus-persistent-fullstack-tic-tac-toe-61826-a614edb6/tic_tac_toe_frontend/node_modules/regenerate-unicode-properties/General_Category/Nonspacing_Mark.js'
npm warn tar TAR_ENTRY_ERROR ENOENT: no such file or directory, open '/home/kavia/workspace/code-generation/tictacplus-persistent-fullstack-tic-tac-toe-61826-a614edb6/tic_tac_toe_frontend/node_modules/fork-ts-checker-webpack-plugin/lib/typescript-reporter/file-system/RealFileSystem.d.ts'
npm warn tar TAR_ENTRY_ERROR ENOENT: no such file or directory, open '/home/kavia/workspace/code-generation/tictacplus-persistent-fullstack-tic-tac-toe-61826-a614edb6/tic_tac_toe_frontend/node_modules/eslint-plugin-jsx-a11y/lib/util/schemas.js'
npm warn tar TAR_ENTRY_ERROR ENOENT: no such file or directory, open '/home/kavia/workspace/code-generation/tictacplus-persistent-fullstack-tic-tac-toe-61826-a614edb6/tic_tac_toe_frontend/node_modules/regenerate-unicode-properties/General_Category/Number.js'
npm warn tar TAR_ENTRY_ERROR ENOENT: no such file or directory, open '/home/kavia/workspace/code-generation/tictacplus-persistent-fullstack-tic-tac-toe-61826-a614edb6/tic_tac_toe_frontend/node_modules/jsdom/lib/jsdom/living/nodes/HTMLBaseElement-impl.js'
npm warn tar TAR_ENTRY_ERROR ENOENT: no such file or directory, open '/home/kavia/workspace/code-generation/tictacplus-persistent-fullstack-tic-tac-toe-61826-a614edb6/tic_tac_toe_frontend/node_modules/fork-ts-checker-webpack-plugin/lib/reporter/Report.d.ts'
npm warn tar TAR_ENTRY_ERROR ENOENT: no such file or directory, open '/home/kavia/workspace/code-generation/tictacplus-persistent-fullstack-tic-tac-toe-61826-a614edb6/tic_tac_toe_frontend/node_modules/eslint-plugin-jsx-a11y/__tests__/src/rules/scope-test.js'
npm warn tar TAR_ENTRY_ERROR ENOENT: no such file or directory, open '/home/kavia/workspace/code-generation/tictacplus-persistent-fullstack-tic-tac-toe-61826-a614edb6/tic_tac_toe_frontend/node_modules/fork-ts-checker-webpack-plugin/lib/reporter/Reporter.d.ts'
npm warn tar TAR_ENTRY_ERROR ENOENT: no such file or directory, open '/home/kavia/workspace/code-generation/tictacplus-persistent-fullstack-tic-tac-toe-61826-a614edb6/tic_tac_toe_frontend/node_modules/eslint-plugin-jsx-a11y/lib/rules/scope.js'
npm warn tar TAR_ENTRY_ERROR ENOENT: no such file or directory, open '/home/kavia/workspace/code-generation/tictacplus-persistent-fullstack-tic-tac-toe-61826-a614edb6/tic_tac_toe_frontend/node_modules/jsdom/lib/jsdom/living/nodes/HTMLBodyElement-impl.js'
npm warn tar TAR_ENTRY_ERROR ENOENT: no such file or directory, lstat '/home/kavia/workspace/code-generation/tictacplus-persistent-fullstack-tic-tac-toe-61826-a614edb6/tic_tac_toe_frontend/node_modules/fork-ts-checker-webpack-plugin/lib/reporter/reporter-rpc'
npm warn tar TAR_ENTRY_ERROR ENOENT: no such file or directory, open '/home/kavia/workspace/code-generation/tictacplus-persistent-fullstack-tic-tac-toe-61826-a614edb6/tic_tac_toe_frontend/node_modules/eslint-plugin-jsx-a11y/lib/util/implicitRoles/section.js'
npm warn tar TAR_ENTRY_ERROR ENOENT: no such file or directory, open '/home/kavia/workspace/code-generation/tictacplus-persistent-fullstack-tic-tac-toe-61826-a614edb6/tic_tac_toe_frontend/node_modules/eslint-plugin-jsx-a11y/lib/util/implicitRoles/select.js'
npm warn tar TAR_ENTRY_ERROR ENOENT: no such file or directory, lstat '/home/kavia/workspace/code-generation/tictacplus-persistent-fullstack-tic-tac-toe-61826-a614edb6/tic_tac_toe_frontend/node_modules/fork-ts-checker-webpack-plugin/lib/reporter/reporter-rpc'
npm warn tar TAR_ENTRY_ERROR ENOENT: no such file or directory, open '/home/kavia/workspace/code-generation/tictacplus-persistent-fullstack-tic-tac-toe-61826-a614edb6/tic_tac_toe_frontend/node_modules/eslint-plugin-jsx-a11y/__tests__/src/rules/tabindex-no-positive-test.js'
npm warn tar TAR_ENTRY_ERROR ENOENT: no such file or directory, open '/home/kavia/workspace/code-generation/tictacplus-persistent-fullstack-tic-tac-toe-61826-a614edb6/tic_tac_toe_frontend/node_modules/eslint-plugin-jsx-a11y/lib/rules/tabindex-no-positive.js'
npm warn tar TAR_ENTRY_ERROR ENOENT: no such file or directory, open '/home/kavia/workspace/code-generation/tictacplus-persistent-fullstack-tic-tac-toe-61826-a614edb6/tic_tac_toe_frontend/node_modules/jsdom/lib/jsdom/living/nodes/HTMLBRElement-impl.js'
npm warn tar TAR_ENTRY_ERROR ENOENT: no such file or directory, lstat '/home/kavia/workspace/code-generation/tictacplus-persistent-fullstack-tic-tac-toe-61826-a614edb6/tic_tac_toe_frontend/node_modules/fork-ts-checker-webpack-plugin/lib/reporter/reporter-rpc'
npm warn tar TAR_ENTRY_ERROR ENOENT: no such file or directory, open '/home/kavia/workspace/code-generation/tictacplus-persistent-fullstack-tic-tac-toe-61826-a614edb6/tic_tac_toe_frontend/node_modules/eslint-plugin-jsx-a11y/lib/util/implicitRoles/tbody.js'
npm warn tar TAR_ENTRY_ERROR ENOENT: no such file or directory, open '/home/kavia/workspace/code-generation/tictacplus-persistent-fullstack-tic-tac-toe-61826-a614edb6/tic_tac_toe_frontend/node_modules/eslint-plugin-jsx-a11y/lib/util/implicitRoles/textarea.js'
npm warn tar TAR_ENTRY_ERROR ENOENT: no such file or directory, open '/home/kavia/workspace/code-generation/tictacplus-persistent-fullstack-tic-tac-toe-61826-a614edb6/tic_tac_toe_frontend/node_modules/@typescript-eslint/eslint-plugin/dist/util/objectIterators.js'
npm warn tar TAR_ENTRY_ERROR ENOENT: no such file or directory, open '/home/kavia/workspace/code-generation/tictacplus-persistent-fullstack-tic-tac-toe-61826-a614edb6/tic_tac_toe_frontend/node_modules/jsdom/lib/jsdom/living/nodes/HTMLButtonElement-impl.js'
npm warn tar TAR_ENTRY_ERROR ENOENT: no such file or directory, open '/home/kavia/workspace/code-generation/tictacplus-persistent-fullstack-tic-tac-toe-61826-a614edb6/tic_tac_toe_frontend/node_modules/eslint-plugin-jsx-a11y/lib/util/implicitRoles/tfoot.js'
npm warn tar TAR_ENTRY_ERROR ENOENT: no such file or directory, open '/home/kavia/workspace/code-generation/tictacplus-persistent-fullstack-tic-tac-toe-61826-a614edb6/tic_tac_toe_frontend/node_modules/eslint-plugin-jsx-a11y/lib/util/implicitRoles/thead.js'
npm warn tar TAR_ENTRY_ERROR ENOENT: no such file or directory, open '/home/kavia/workspace/code-generation/tictacplus-persistent-fullstack-tic-tac-toe-61826-a614edb6/tic_tac_toe_frontend/node_modules/eslint-plugin-jsx-a11y/lib/util/implicitRoles/ul.js'
npm warn tar TAR_ENTRY_ERROR ENOENT: no such file or directory, open '/home/kavia/workspace/code-generation/tictacplus-persistent-fullstack-tic-tac-toe-61826-a614edb6/tic_tac_toe_frontend/node_modules/jsdom/lib/jsdom/living/nodes/HTMLCanvasElement-impl.js'
npm warn tar TAR_ENTRY_ERROR ENOENT: no such file or directory, open '/home/kavia/workspace/code-generation/tictacplus-persistent-fullstack-tic-tac-toe-61826-a614edb6/tic_tac_toe_frontend/node_modules/jsdom/lib/jsdom/living/nodes/HTMLCollection-impl.js'
npm warn tar TAR_ENTRY_ERROR ENOENT: no such file or directory, open '/home/kavia/workspace/code-generation/tictacplus-persistent-fullstack-tic-tac-toe-61826-a614edb6/tic_tac_toe_frontend/node_modules/jsdom/lib/jsdom/living/nodes/HTMLDataElement-impl.js'
npm warn tar TAR_ENTRY_ERROR ENOENT: no such file or directory, open '/home/kavia/workspace/code-generation/tictacplus-persistent-fullstack-tic-tac-toe-61826-a614edb6/tic_tac_toe_frontend/node_modules/jsdom/lib/jsdom/living/nodes/HTMLDataListElement-impl.js'
npm warn tar TAR_ENTRY_ERROR ENOENT: no such file or directory, open '/home/kavia/workspace/code-generation/tictacplus-persistent-fullstack-tic-tac-toe-61826-a614edb6/tic_tac_toe_frontend/node_modules/jsdom/lib/jsdom/living/nodes/HTMLDetailsElement-impl.js'
npm warn tar TAR_ENTRY_ERROR ENOENT: no such file or directory, open '/home/kavia/workspace/code-generation/tictacplus-persistent-fullstack-tic-tac-toe-61826-a614edb6/tic_tac_toe_frontend/node_modules/core-js/actual/math/atanh.js'
npm warn tar TAR_ENTRY_ERROR ENOENT: no such file or directory, open '/home/kavia/workspace/code-generation/tictacplus-persistent-fullstack-tic-tac-toe-61826-a614edb6/tic_tac_toe_frontend/node_modules/core-js-pure/actual/math/atanh.js'
npm warn tar TAR_ENTRY_ERROR ENOENT: no such file or directory, open '/home/kavia/workspace/code-generation/tictacplus-persistent-fullstack-tic-tac-toe-61826-a614edb6/tic_tac_toe_frontend/node_modules/jsdom/lib/jsdom/living/nodes/HTMLDialogElement-impl.js'
npm warn tar TAR_ENTRY_ERROR ENOENT: no such file or directory, open '/home/kavia/workspace/code-generation/tictacplus-persistent-fullstack-tic-tac-toe-61826-a614edb6/tic_tac_toe_frontend/node_modules/core-js/es/math/atanh.js'
npm warn tar TAR_ENTRY_ERROR ENOENT: no such file or directory, open '/home/kavia/workspace/code-generation/tictacplus-persistent-fullstack-tic-tac-toe-61826-a614edb6/tic_tac_toe_frontend/node_modules/core-js-pure/es/math/atanh.js'
npm warn tar TAR_ENTRY_ERROR ENOENT: no such file or directory, open '/home/kavia/workspace/code-generation/tictacplus-persistent-fullstack-tic-tac-toe-61826-a614edb6/tic_tac_toe_frontend/node_modules/regenerate-unicode-properties/General_Category/Open_Punctuation.js'
npm warn tar TAR_ENTRY_ERROR ENOENT: no such file or directory, open '/home/kavia/workspace/code-generation/tictacplus-persistent-fullstack-tic-tac-toe-61826-a614edb6/tic_tac_toe_frontend/node_modules/core-js/features/math/atanh.js'
npm warn tar TAR_ENTRY_ERROR ENOENT: no such file or directory, open '/home/kavia/workspace/code-generation/tictacplus-persistent-fullstack-tic-tac-toe-61826-a614edb6/tic_tac_toe_frontend/node_modules/core-js-pure/features/math/atanh.js'
npm warn tar TAR_ENTRY_ERROR ENOENT: no such file or directory, open '/home/kavia/workspace/code-generation/tictacplus-persistent-fullstack-tic-tac-toe-61826-a614edb6/tic_tac_toe_frontend/node_modules/jsdom/lib/jsdom/living/nodes/HTMLDirectoryElement-impl.js'
npm warn tar TAR_ENTRY_ERROR ENOENT: no such file or directory, open '/home/kavia/workspace/code-generation/tictacplus-persistent-fullstack-tic-tac-toe-61826-a614edb6/tic_tac_toe_frontend/node_modules/core-js/full/math/atanh.js'
npm warn tar TAR_ENTRY_ERROR ENOENT: no such file or directory, open '/home/kavia/workspace/code-generation/tictacplus-persistent-fullstack-tic-tac-toe-61826-a614edb6/tic_tac_toe_frontend/node_modules/core-js-pure/full/math/atanh.js'
npm warn tar TAR_ENTRY_ERROR ENOENT: no such file or directory, open '/home/kavia/workspace/code-generation/tictacplus-persistent-fullstack-tic-tac-toe-61826-a614edb6/tic_tac_toe_frontend/node_modules/fork-ts-checker-webpack-plugin/lib/typescript-reporter/reporter/TypeScriptConfigurationParser.d.ts'
npm warn tar TAR_ENTRY_ERROR ENOENT: no such file or directory, open '/home/kavia/workspace/code-generation/tictacplus-persistent-fullstack-tic-tac-toe-61826-a614edb6/tic_tac_toe_frontend/node_modules/core-js/stable/math/atanh.js'
npm warn tar TAR_ENTRY_ERROR ENOENT: no such file or directory, open '/home/kavia/workspace/code-generation/tictacplus-persistent-fullstack-tic-tac-toe-61826-a614edb6/tic_tac_toe_frontend/node_modules/core-js-pure/stable/math/atanh.js'
npm warn tar TAR_ENTRY_ERROR ENOENT: no such file or directory, open '/home/kavia/workspace/code-generation/tictacplus-persistent-fullstack-tic-tac-toe-61826-a614edb6/tic_tac_toe_frontend/node_modules/jsdom/lib/jsdom/living/nodes/HTMLDivElement-impl.js'
npm warn tar TAR_ENTRY_ERROR ENOENT: no such file or directory, open '/home/kavia/workspace/code-generation/tictacplus-persistent-fullstack-tic-tac-toe-61826-a614edb6/tic_tac_toe_frontend/node_modules/jsdom/lib/jsdom/living/nodes/HTMLDListElement-impl.js'
npm warn tar TAR_ENTRY_ERROR ENOENT: no such file or directory, open '/home/kavia/workspace/code-generation/tictacplus-persistent-fullstack-tic-tac-toe-61826-a614edb6/tic_tac_toe_frontend/node_modules/regenerate-unicode-properties/General_Category/Other_Letter.js'
npm warn tar TAR_ENTRY_ERROR ENOENT: no such file or directory, open '/home/kavia/workspace/code-generation/tictacplus-persistent-fullstack-tic-tac-toe-61826-a614edb6/tic_tac_toe_frontend/node_modules/jsdom/lib/jsdom/living/nodes/HTMLElement-impl.js'
npm warn tar TAR_ENTRY_ERROR ENOENT: no such file or directory, open '/home/kavia/workspace/code-generation/tictacplus-persistent-fullstack-tic-tac-toe-61826-a614edb6/tic_tac_toe_frontend/node_modules/core-js/internals/base64-map.js'
npm warn tar TAR_ENTRY_ERROR ENOENT: no such file or directory, open '/home/kavia/workspace/code-generation/tictacplus-persistent-fullstack-tic-tac-toe-61826-a614edb6/tic_tac_toe_frontend/node_modules/core-js-pure/internals/base64-map.js'
npm warn tar TAR_ENTRY_ERROR ENOENT: no such file or directory, open '/home/kavia/workspace/code-generation/tictacplus-persistent-fullstack-tic-tac-toe-61826-a614edb6/tic_tac_toe_frontend/node_modules/regenerate-unicode-properties/General_Category/Other_Number.js'
npm warn tar TAR_ENTRY_ERROR ENOENT: no such file or directory, open '/home/kavia/workspace/code-generation/tictacplus-persistent-fullstack-tic-tac-toe-61826-a614edb6/tic_tac_toe_frontend/node_modules/regenerate-unicode-properties/General_Category/Other_Punctuation.js'
npm warn tar TAR_ENTRY_ERROR ENOENT: no such file or directory, open '/home/kavia/workspace/code-generation/tictacplus-persistent-fullstack-tic-tac-toe-61826-a614edb6/tic_tac_toe_frontend/node_modules/fork-ts-checker-webpack-plugin/lib/typescript-reporter/reporter/TypeScriptReporter.d.ts'
npm warn tar TAR_ENTRY_ERROR ENOENT: no such file or directory, open '/home/kavia/workspace/code-generation/tictacplus-persistent-fullstack-tic-tac-toe-61826-a614edb6/tic_tac_toe_frontend/node_modules/regenerate-unicode-properties/General_Category/Other_Symbol.js'
npm warn tar TAR_ENTRY_ERROR ENOENT: no such file or directory, open '/home/kavia/workspace/code-generation/tictacplus-persistent-fullstack-tic-tac-toe-61826-a614edb6/tic_tac_toe_frontend/node_modules/regenerate-unicode-properties/General_Category/Other.js'
npm warn tar TAR_ENTRY_ERROR ENOENT: no such file or directory, open '/home/kavia/workspace/code-generation/tictacplus-persistent-fullstack-tic-tac-toe-61826-a614edb6/tic_tac_toe_frontend/node_modules/fork-ts-checker-webpack-plugin/lib/typescript-reporter/reporter/TypeScriptReporterRpcClient.d.ts'
npm warn tar TAR_ENTRY_ERROR ENOENT: no such file or directory, open '/home/kavia/workspace/code-generation/tictacplus-persistent-fullstack-tic-tac-toe-61826-a614edb6/tic_tac_toe_frontend/node_modules/jsdom/lib/jsdom/living/nodes/HTMLEmbedElement-impl.js'
npm warn tar TAR_ENTRY_ERROR ENOENT: no such file or directory, open '/home/kavia/workspace/code-generation/tictacplus-persistent-fullstack-tic-tac-toe-61826-a614edb6/tic_tac_toe_frontend/node_modules/fork-ts-checker-webpack-plugin/lib/typescript-reporter/reporter/TypeScriptReporterRpcService.d.ts'
npm warn tar TAR_ENTRY_ERROR ENOENT: no such file or directory, open '/home/kavia/workspace/code-generation/tictacplus-persistent-fullstack-tic-tac-toe-61826-a614edb6/tic_tac_toe_frontend/node_modules/@typescript-eslint/eslint-plugin/dist/configs/recommended-requiring-type-checking.js'
npm warn tar TAR_ENTRY_ERROR ENOENT: no such file or directory, open '/home/kavia/workspace/code-generation/tictacplus-persistent-fullstack-tic-tac-toe-61826-a614edb6/tic_tac_toe_frontend/node_modules/@typescript-eslint/eslint-plugin/dist/configs/recommended.js'
npm warn tar TAR_ENTRY_ERROR ENOENT: no such file or directory, open '/home/kavia/workspace/code-generation/tictacplus-persistent-fullstack-tic-tac-toe-61826-a614edb6/tic_tac_toe_frontend/node_modules/regenerate-unicode-properties/General_Category/Paragraph_Separator.js'
npm warn tar TAR_ENTRY_ERROR ENOENT: no such file or directory, open '/home/kavia/workspace/code-generation/tictacplus-persistent-fullstack-tic-tac-toe-61826-a614edb6/tic_tac_toe_frontend/node_modules/jsdom/lib/jsdom/living/nodes/HTMLFieldSetElement-impl.js'
npm warn tar TAR_ENTRY_ERROR ENOENT: no such file or directory, open '/home/kavia/workspace/code-generation/tictacplus-persistent-fullstack-tic-tac-toe-61826-a614edb6/tic_tac_toe_frontend/node_modules/jsdom/lib/jsdom/living/nodes/HTMLFontElement-impl.js'
npm warn tar TAR_ENTRY_ERROR ENOENT: no such file or directory, open '/home/kavia/workspace/code-generation/tictacplus-persistent-fullstack-tic-tac-toe-61826-a614edb6/tic_tac_toe_frontend/node_modules/jsdom/lib/jsdom/living/nodes/HTMLFormElement-impl.js'
npm warn tar TAR_ENTRY_ERROR ENOENT: no such file or directory, open '/home/kavia/workspace/code-generation/tictacplus-persistent-fullstack-tic-tac-toe-61826-a614edb6/tic_tac_toe_frontend/node_modules/fork-ts-checker-webpack-plugin/lib/watch/WatchFileSystem.d.ts'
npm warn tar TAR_ENTRY_ERROR ENOENT: no such file or directory, open '/home/kavia/workspace/code-generation/tictacplus-persistent-fullstack-tic-tac-toe-61826-a614edb6/tic_tac_toe_frontend/node_modules/fork-ts-checker-webpack-plugin/lib/formatter/WebpackFormatter.d.ts'
npm warn tar TAR_ENTRY_ERROR ENOENT: no such file or directory, open '/home/kavia/workspace/code-generation/tictacplus-persistent-fullstack-tic-tac-toe-61826-a614edb6/tic_tac_toe_frontend/node_modules/regenerate-unicode-properties/General_Category/Private_Use.js'
npm warn tar TAR_ENTRY_ERROR ENOENT: no such file or directory, open '/home/kavia/workspace/code-generation/tictacplus-persistent-fullstack-tic-tac-toe-61826-a614edb6/tic_tac_toe_frontend/node_modules/jsdom/lib/jsdom/living/nodes/HTMLFrameElement-impl.js'
npm warn tar TAR_ENTRY_ERROR ENOENT: no such file or directory, open '/home/kavia/workspace/code-generation/tictacplus-persistent-fullstack-tic-tac-toe-61826-a614edb6/tic_tac_toe_frontend/node_modules/regenerate-unicode-properties/General_Category/Punctuation.js'
npm warn tar TAR_ENTRY_ERROR ENOENT: no such file or directory, open '/home/kavia/workspace/code-generation/tictacplus-persistent-fullstack-tic-tac-toe-61826-a614edb6/tic_tac_toe_frontend/node_modules/jsdom/lib/jsdom/living/nodes/HTMLFrameSetElement-impl.js'
npm warn tar TAR_ENTRY_ERROR ENOENT: no such file or directory, open '/home/kavia/workspace/code-generation/tictacplus-persistent-fullstack-tic-tac-toe-61826-a614edb6/tic_tac_toe_frontend/node_modules/regenerate-unicode-properties/Property_of_Strings/RGI_Emoji_Flag_Sequence.js'
npm warn tar TAR_ENTRY_ERROR ENOENT: no such file or directory, open '/home/kavia/workspace/code-generation/tictacplus-persistent-fullstack-tic-tac-toe-61826-a614edb6/tic_tac_toe_frontend/node_modules/jsdom/lib/jsdom/living/nodes/HTMLHeadElement-impl.js'
npm warn tar TAR_ENTRY_ERROR ENOENT: no such file or directory, open '/home/kavia/workspace/code-generation/tictacplus-persistent-fullstack-tic-tac-toe-61826-a614edb6/tic_tac_toe_frontend/node_modules/regenerate-unicode-properties/Property_of_Strings/RGI_Emoji_Modifier_Sequence.js'
npm warn tar TAR_ENTRY_ERROR ENOENT: no such file or directory, open '/home/kavia/workspace/code-generation/tictacplus-persistent-fullstack-tic-tac-toe-61826-a614edb6/tic_tac_toe_frontend/node_modules/jsdom/lib/jsdom/living/nodes/HTMLHeadingElement-impl.js'
npm warn tar TAR_ENTRY_ERROR ENOENT: no such file or directory, open '/home/kavia/workspace/code-generation/tictacplus-persistent-fullstack-tic-tac-toe-61826-a614edb6/tic_tac_toe_frontend/node_modules/regenerate-unicode-properties/Property_of_Strings/RGI_Emoji_Tag_Sequence.js'
npm warn tar TAR_ENTRY_ERROR ENOENT: no such file or directory, open '/home/kavia/workspace/code-generation/tictacplus-persistent-fullstack-tic-tac-toe-61826-a614edb6/tic_tac_toe_frontend/node_modules/regenerate-unicode-properties/Property_of_Strings/RGI_Emoji_ZWJ_Sequence.js'
npm warn tar TAR_ENTRY_ERROR ENOENT: no such file or directory, open '/home/kavia/workspace/code-generation/tictacplus-persistent-fullstack-tic-tac-toe-61826-a614edb6/tic_tac_toe_frontend/node_modules/regenerate-unicode-properties/Property_of_Strings/RGI_Emoji.js'
npm warn tar TAR_ENTRY_ERROR ENOENT: no such file or directory, open '/home/kavia/workspace/code-generation/tictacplus-persistent-fullstack-tic-tac-toe-61826-a614edb6/tic_tac_toe_frontend/node_modules/jsdom/lib/jsdom/living/nodes/HTMLHRElement-impl.js'
npm warn tar TAR_ENTRY_ERROR ENOENT: no such file or directory, open '/home/kavia/workspace/code-generation/tictacplus-persistent-fullstack-tic-tac-toe-61826-a614edb6/tic_tac_toe_frontend/node_modules/jsdom/lib/jsdom/living/nodes/HTMLHtmlElement-impl.js'
npm warn tar TAR_ENTRY_ERROR ENOENT: no such file or directory, open '/home/kavia/workspace/code-generation/tictacplus-persistent-fullstack-tic-tac-toe-61826-a614edb6/tic_tac_toe_frontend/node_modules/@typescript-eslint/eslint-plugin/dist/configs/strict.js'
npm warn tar TAR_ENTRY_ERROR ENOENT: no such file or directory, open '/home/kavia/workspace/code-generation/tictacplus-persistent-fullstack-tic-tac-toe-61826-a614edb6/tic_tac_toe_frontend/node_modules/jsdom/lib/jsdom/living/nodes/HTMLHyperlinkElementUtils-impl.js'
npm warn tar TAR_ENTRY_ERROR ENOENT: no such file or directory, open '/home/kavia/workspace/code-generation/tictacplus-persistent-fullstack-tic-tac-toe-61826-a614edb6/tic_tac_toe_frontend/node_modules/jsdom/lib/jsdom/living/nodes/HTMLIFrameElement-impl.js'
npm warn tar TAR_ENTRY_ERROR ENOENT: no such file or directory, open '/home/kavia/workspace/code-generation/tictacplus-persistent-fullstack-tic-tac-toe-61826-a614edb6/tic_tac_toe_frontend/node_modules/regenerate-unicode-properties/General_Category/Separator.js'
npm warn tar TAR_ENTRY_ERROR ENOENT: no such file or directory, open '/home/kavia/workspace/code-generation/tictacplus-persistent-fullstack-tic-tac-toe-61826-a614edb6/tic_tac_toe_frontend/node_modules/jsdom/lib/jsdom/living/nodes/HTMLImageElement-impl.js'
npm warn tar TAR_ENTRY_ERROR ENOENT: no such file or directory, open '/home/kavia/workspace/code-generation/tictacplus-persistent-fullstack-tic-tac-toe-61826-a614edb6/tic_tac_toe_frontend/node_modules/jsdom/lib/jsdom/living/nodes/HTMLInputElement-impl.js'
npm warn tar TAR_ENTRY_ERROR ENOENT: no such file or directory, open '/home/kavia/workspace/code-generation/tictacplus-persistent-fullstack-tic-tac-toe-61826-a614edb6/tic_tac_toe_frontend/node_modules/jsdom/lib/jsdom/living/nodes/HTMLLabelElement-impl.js'
npm warn tar TAR_ENTRY_ERROR ENOENT: no such file or directory, open '/home/kavia/workspace/code-generation/tictacplus-persistent-fullstack-tic-tac-toe-61826-a614edb6/tic_tac_toe_frontend/node_modules/jsdom/lib/jsdom/living/nodes/HTMLLegendElement-impl.js'
npm warn tar TAR_ENTRY_ERROR ENOENT: no such file or directory, open '/home/kavia/workspace/code-generation/tictacplus-persistent-fullstack-tic-tac-toe-61826-a614edb6/tic_tac_toe_frontend/node_modules/@typescript-eslint/eslint-plugin/dist/configs/all.js.map'
npm warn tar TAR_ENTRY_ERROR ENOENT: no such file or directory, open '/home/kavia/workspace/code-generation/tictacplus-persistent-fullstack-tic-tac-toe-61826-a614edb6/tic_tac_toe_frontend/node_modules/jsdom/lib/jsdom/living/nodes/HTMLLIElement-impl.js'
npm warn tar TAR_ENTRY_ERROR ENOENT: no such file or directory, open '/home/kavia/workspace/code-generation/tictacplus-persistent-fullstack-tic-tac-toe-61826-a614edb6/tic_tac_toe_frontend/node_modules/core-js/internals/call-with-safe-iteration-closing.js'
npm warn tar TAR_ENTRY_ERROR ENOENT: no such file or directory, open '/home/kavia/workspace/code-generation/tictacplus-persistent-fullstack-tic-tac-toe-61826-a614edb6/tic_tac_toe_frontend/node_modules/core-js-pure/internals/call-with-safe-iteration-closing.js'
npm warn tar TAR_ENTRY_ERROR ENOENT: no such file or directory, open '/home/kavia/workspace/code-generation/tictacplus-persistent-fullstack-tic-tac-toe-61826-a614edb6/tic_tac_toe_frontend/node_modules/core-js/internals/caller.js'
npm warn tar TAR_ENTRY_ERROR ENOENT: no such file or directory, open '/home/kavia/workspace/code-generation/tictacplus-persistent-fullstack-tic-tac-toe-61826-a614edb6/tic_tac_toe_frontend/node_modules/core-js-pure/internals/caller.js'
npm warn tar TAR_ENTRY_ERROR ENOENT: no such file or directory, open '/home/kavia/workspace/code-generation/tictacplus-persistent-fullstack-tic-tac-toe-61826-a614edb6/tic_tac_toe_frontend/node_modules/jsdom/lib/jsdom/living/nodes/HTMLLinkElement-impl.js'
npm warn tar TAR_ENTRY_ERROR ENOENT: no such file or directory, open '/home/kavia/workspace/code-generation/tictacplus-persistent-fullstack-tic-tac-toe-61826-a614edb6/tic_tac_toe_frontend/node_modules/regenerate-unicode-properties/General_Category/Space_Separator.js'
npm warn tar TAR_ENTRY_ERROR ENOENT: no such file or directory, open '/home/kavia/workspace/code-generation/tictacplus-persistent-fullstack-tic-tac-toe-61826-a614edb6/tic_tac_toe_frontend/node_modules/@typescript-eslint/eslint-plugin/dist/util/astUtils.js.map'
npm warn tar TAR_ENTRY_ERROR ENOENT: no such file or directory, open '/home/kavia/workspace/code-generation/tictacplus-persistent-fullstack-tic-tac-toe-61826-a614edb6/tic_tac_toe_frontend/node_modules/regenerate-unicode-properties/General_Category/Spacing_Mark.js'
npm warn tar TAR_ENTRY_ERROR ENOENT: no such file or directory, open '/home/kavia/workspace/code-generation/tictacplus-persistent-fullstack-tic-tac-toe-61826-a614edb6/tic_tac_toe_frontend/node_modules/jsdom/lib/jsdom/living/nodes/HTMLMapElement-impl.js'
npm warn tar TAR_ENTRY_ERROR ENOENT: no such file or directory, open '/home/kavia/workspace/code-generation/tictacplus-persistent-fullstack-tic-tac-toe-61826-a614edb6/tic_tac_toe_frontend/node_modules/regenerate-unicode-properties/General_Category/Surrogate.js'
npm warn tar TAR_ENTRY_ERROR ENOENT: no such file or directory, open '/home/kavia/workspace/code-generation/tictacplus-persistent-fullstack-tic-tac-toe-61826-a614edb6/tic_tac_toe_frontend/node_modules/jsdom/lib/jsdom/living/nodes/HTMLMarqueeElement-impl.js'
npm warn tar TAR_ENTRY_ERROR ENOENT: no such file or directory, open '/home/kavia/workspace/code-generation/tictacplus-persistent-fullstack-tic-tac-toe-61826-a614edb6/tic_tac_toe_frontend/node_modules/core-js/actual/math/cbrt.js'
npm warn tar TAR_ENTRY_ERROR ENOENT: no such file or directory, open '/home/kavia/workspace/code-generation/tictacplus-persistent-fullstack-tic-tac-toe-61826-a614edb6/tic_tac_toe_frontend/node_modules/core-js-pure/actual/math/cbrt.js'
npm warn tar TAR_ENTRY_ERROR ENOENT: no such file or directory, open '/home/kavia/workspace/code-generation/tictacplus-persistent-fullstack-tic-tac-toe-61826-a614edb6/tic_tac_toe_frontend/node_modules/@typescript-eslint/eslint-plugin/dist/configs/base.js.map'
npm warn tar TAR_ENTRY_ERROR ENOENT: no such file or directory, open '/home/kavia/workspace/code-generation/tictacplus-persistent-fullstack-tic-tac-toe-61826-a614edb6/tic_tac_toe_frontend/node_modules/core-js/es/math/cbrt.js'
npm warn tar TAR_ENTRY_ERROR ENOENT: no such file or directory, open '/home/kavia/workspace/code-generation/tictacplus-persistent-fullstack-tic-tac-toe-61826-a614edb6/tic_tac_toe_frontend/node_modules/core-js-pure/es/math/cbrt.js'
npm warn tar TAR_ENTRY_ERROR ENOENT: no such file or directory, open '/home/kavia/workspace/code-generation/tictacplus-persistent-fullstack-tic-tac-toe-61826-a614edb6/tic_tac_toe_frontend/node_modules/regenerate-unicode-properties/General_Category/Symbol.js'
npm warn tar TAR_ENTRY_ERROR ENOENT: no such file or directory, open '/home/kavia/workspace/code-generation/tictacplus-persistent-fullstack-tic-tac-toe-61826-a614edb6/tic_tac_toe_frontend/node_modules/core-js/features/math/cbrt.js'
npm warn tar TAR_ENTRY_ERROR ENOENT: no such file or directory, open '/home/kavia/workspace/code-generation/tictacplus-persistent-fullstack-tic-tac-toe-61826-a614edb6/tic_tac_toe_frontend/node_modules/core-js-pure/features/math/cbrt.js'
npm warn tar TAR_ENTRY_ERROR ENOENT: no such file or directory, open '/home/kavia/workspace/code-generation/tictacplus-persistent-fullstack-tic-tac-toe-61826-a614edb6/tic_tac_toe_frontend/node_modules/jsdom/lib/jsdom/living/nodes/HTMLMediaElement-impl.js'
npm warn tar TAR_ENTRY_ERROR ENOENT: no such file or directory, open '/home/kavia/workspace/code-generation/tictacplus-persistent-fullstack-tic-tac-toe-61826-a614edb6/tic_tac_toe_frontend/node_modules/core-js/full/math/cbrt.js'
npm warn tar TAR_ENTRY_ERROR ENOENT: no such file or directory, open '/home/kavia/workspace/code-generation/tictacplus-persistent-fullstack-tic-tac-toe-61826-a614edb6/tic_tac_toe_frontend/node_modules/core-js-pure/full/math/cbrt.js'
npm warn tar TAR_ENTRY_ERROR ENOENT: no such file or directory, open '/home/kavia/workspace/code-generation/tictacplus-persistent-fullstack-tic-tac-toe-61826-a614edb6/tic_tac_toe_frontend/node_modules/core-js/stable/math/cbrt.js'
npm warn tar TAR_ENTRY_ERROR ENOENT: no such file or directory, open '/home/kavia/workspace/code-generation/tictacplus-persistent-fullstack-tic-tac-toe-61826-a614edb6/tic_tac_toe_frontend/node_modules/@typescript-eslint/eslint-plugin/dist/util/collectUnusedVariables.js.map'
npm warn tar TAR_ENTRY_ERROR ENOENT: no such file or directory, open '/home/kavia/workspace/code-generation/tictacplus-persistent-fullstack-tic-tac-toe-61826-a614edb6/tic_tac_toe_frontend/node_modules/core-js-pure/stable/math/cbrt.js'
npm warn tar TAR_ENTRY_ERROR ENOENT: no such file or directory, open '/home/kavia/workspace/code-generation/tictacplus-persistent-fullstack-tic-tac-toe-61826-a614edb6/tic_tac_toe_frontend/node_modules/core-js/proposals/change-array-by-copy-stage-4.js'
npm warn tar TAR_ENTRY_ERROR ENOENT: no such file or directory, open '/home/kavia/workspace/code-generation/tictacplus-persistent-fullstack-tic-tac-toe-61826-a614edb6/tic_tac_toe_frontend/node_modules/core-js-pure/proposals/change-array-by-copy-stage-4.js'
npm warn tar TAR_ENTRY_ERROR ENOENT: no such file or directory, open '/home/kavia/workspace/code-generation/tictacplus-persistent-fullstack-tic-tac-toe-61826-a614edb6/tic_tac_toe_frontend/node_modules/core-js/proposals/change-array-by-copy.js'
npm warn tar TAR_ENTRY_ERROR ENOENT: no such file or directory, open '/home/kavia/workspace/code-generation/tictacplus-persistent-fullstack-tic-tac-toe-61826-a614edb6/tic_tac_toe_frontend/node_modules/core-js-pure/proposals/change-array-by-copy.js'
npm warn tar TAR_ENTRY_ERROR ENOENT: no such file or directory, open '/home/kavia/workspace/code-generation/tictacplus-persistent-fullstack-tic-tac-toe-61826-a614edb6/tic_tac_toe_frontend/node_modules/core-js/internals/check-correctness-of-iteration.js'
npm warn tar TAR_ENTRY_ERROR ENOENT: no such file or directory, open '/home/kavia/workspace/code-generation/tictacplus-persistent-fullstack-tic-tac-toe-61826-a614edb6/tic_tac_toe_frontend/node_modules/core-js-pure/internals/check-correctness-of-iteration.js'
npm warn tar TAR_ENTRY_ERROR ENOENT: no such file or directory, open '/home/kavia/workspace/code-generation/tictacplus-persistent-fullstack-tic-tac-toe-61826-a614edb6/tic_tac_toe_frontend/node_modules/jsdom/lib/jsdom/living/nodes/HTMLMenuElement-impl.js'
npm warn tar TAR_ENTRY_ERROR ENOENT: no such file or directory, open '/home/kavia/workspace/code-generation/tictacplus-persistent-fullstack-tic-tac-toe-61826-a614edb6/tic_tac_toe_frontend/node_modules/core-js/features/math/clamp.js'
npm warn tar TAR_ENTRY_ERROR ENOENT: no such file or directory, open '/home/kavia/workspace/code-generation/tictacplus-persistent-fullstack-tic-tac-toe-61826-a614edb6/tic_tac_toe_frontend/node_modules/core-js-pure/features/math/clamp.js'
npm warn tar TAR_ENTRY_ERROR ENOENT: no such file or directory, open '/home/kavia/workspace/code-generation/tictacplus-persistent-fullstack-tic-tac-toe-61826-a614edb6/tic_tac_toe_frontend/node_modules/core-js/full/math/clamp.js'
npm warn tar TAR_ENTRY_ERROR ENOENT: no such file or directory, open '/home/kavia/workspace/code-generation/tictacplus-persistent-fullstack-tic-tac-toe-61826-a614edb6/tic_tac_toe_frontend/node_modules/core-js-pure/full/math/clamp.js'
npm warn tar TAR_ENTRY_ERROR ENOENT: no such file or directory, open '/home/kavia/workspace/code-generation/tictacplus-persistent-fullstack-tic-tac-toe-61826-a614edb6/tic_tac_toe_frontend/node_modules/core-js/internals/classof-raw.js'
npm warn tar TAR_ENTRY_ERROR ENOENT: no such file or directory, open '/home/kavia/workspace/code-generation/tictacplus-persistent-fullstack-tic-tac-toe-61826-a614edb6/tic_tac_toe_frontend/node_modules/core-js-pure/internals/classof-raw.js'
npm warn tar TAR_ENTRY_ERROR ENOENT: no such file or directory, open '/home/kavia/workspace/code-generation/tictacplus-persistent-fullstack-tic-tac-toe-61826-a614edb6/tic_tac_toe_frontend/node_modules/core-js/internals/classof.js'
npm warn tar TAR_ENTRY_ERROR ENOENT: no such file or directory, open '/home/kavia/workspace/code-generation/tictacplus-persistent-fullstack-tic-tac-toe-61826-a614edb6/tic_tac_toe_frontend/node_modules/core-js-pure/internals/classof.js'
npm warn tar TAR_ENTRY_ERROR ENOENT: no such file or directory, open '/home/kavia/workspace/code-generation/tictacplus-persistent-fullstack-tic-tac-toe-61826-a614edb6/tic_tac_toe_frontend/node_modules/jsdom/lib/jsdom/living/nodes/HTMLMetaElement-impl.js'
npm warn tar TAR_ENTRY_ERROR ENOENT: no such file or directory, open '/home/kavia/workspace/code-generation/tictacplus-persistent-fullstack-tic-tac-toe-61826-a614edb6/tic_tac_toe_frontend/node_modules/jsdom/lib/jsdom/living/nodes/HTMLMeterElement-impl.js'
npm warn tar TAR_ENTRY_ERROR ENOENT: no such file or directory, open '/home/kavia/workspace/code-generation/tictacplus-persistent-fullstack-tic-tac-toe-61826-a614edb6/tic_tac_toe_frontend/node_modules/core-js/actual/math/clz32.js'
npm warn tar TAR_ENTRY_ERROR ENOENT: no such file or directory, open '/home/kavia/workspace/code-generation/tictacplus-persistent-fullstack-tic-tac-toe-61826-a614edb6/tic_tac_toe_frontend/node_modules/core-js-pure/actual/math/clz32.js'
npm warn tar TAR_ENTRY_ERROR ENOENT: no such file or directory, open '/home/kavia/workspace/code-generation/tictacplus-persistent-fullstack-tic-tac-toe-61826-a614edb6/tic_tac_toe_frontend/node_modules/jsdom/lib/jsdom/living/nodes/HTMLModElement-impl.js'
npm warn tar TAR_ENTRY_ERROR ENOENT: no such file or directory, open '/home/kavia/workspace/code-generation/tictacplus-persistent-fullstack-tic-tac-toe-61826-a614edb6/tic_tac_toe_frontend/node_modules/core-js/es/math/clz32.js'
npm warn tar TAR_ENTRY_ERROR ENOENT: no such file or directory, open '/home/kavia/workspace/code-generation/tictacplus-persistent-fullstack-tic-tac-toe-61826-a614edb6/tic_tac_toe_frontend/node_modules/core-js-pure/es/math/clz32.js'
npm warn tar TAR_ENTRY_ERROR ENOENT: no such file or directory, open '/home/kavia/workspace/code-generation/tictacplus-persistent-fullstack-tic-tac-toe-61826-a614edb6/tic_tac_toe_frontend/node_modules/core-js/features/math/clz32.js'
npm warn tar TAR_ENTRY_ERROR ENOENT: no such file or directory, open '/home/kavia/workspace/code-generation/tictacplus-persistent-fullstack-tic-tac-toe-61826-a614edb6/tic_tac_toe_frontend/node_modules/core-js-pure/features/math/clz32.js'
npm warn tar TAR_ENTRY_ERROR ENOENT: no such file or directory, open '/home/kavia/workspace/code-generation/tictacplus-persistent-fullstack-tic-tac-toe-61826-a614edb6/tic_tac_toe_frontend/node_modules/jsdom/lib/jsdom/living/nodes/HTMLObjectElement-impl.js'
npm warn tar TAR_ENTRY_ERROR ENOENT: no such file or directory, open '/home/kavia/workspace/code-generation/tictacplus-persistent-fullstack-tic-tac-toe-61826-a614edb6/tic_tac_toe_frontend/node_modules/core-js/full/math/clz32.js'
npm warn tar TAR_ENTRY_ERROR ENOENT: no such file or directory, open '/home/kavia/workspace/code-generation/tictacplus-persistent-fullstack-tic-tac-toe-61826-a614edb6/tic_tac_toe_frontend/node_modules/core-js-pure/full/math/clz32.js'
npm warn tar TAR_ENTRY_ERROR ENOENT: no such file or directory, open '/home/kavia/workspace/code-generation/tictacplus-persistent-fullstack-tic-tac-toe-61826-a614edb6/tic_tac_toe_frontend/node_modules/core-js/stable/math/clz32.js'
npm warn tar TAR_ENTRY_ERROR ENOENT: no such file or directory, open '/home/kavia/workspace/code-generation/tictacplus-persistent-fullstack-tic-tac-toe-61826-a614edb6/tic_tac_toe_frontend/node_modules/core-js-pure/stable/math/clz32.js'
npm warn tar TAR_ENTRY_ERROR ENOENT: no such file or directory, open '/home/kavia/workspace/code-generation/tictacplus-persistent-fullstack-tic-tac-toe-61826-a614edb6/tic_tac_toe_frontend/node_modules/@typescript-eslint/eslint-plugin/dist/util/createRule.js.map'
npm warn tar TAR_ENTRY_ERROR ENOENT: no such file or directory, open '/home/kavia/workspace/code-generation/tictacplus-persistent-fullstack-tic-tac-toe-61826-a614edb6/tic_tac_toe_frontend/node_modules/jsdom/lib/jsdom/living/nodes/HTMLOListElement-impl.js'
npm warn tar TAR_ENTRY_ERROR ENOENT: no such file or directory, open '/home/kavia/workspace/code-generation/tictacplus-persistent-fullstack-tic-tac-toe-61826-a614edb6/tic_tac_toe_frontend/node_modules/jsdom/lib/jsdom/living/nodes/HTMLOptGroupElement-impl.js'
npm warn tar TAR_ENTRY_ERROR ENOENT: no such file or directory, open '/home/kavia/workspace/code-generation/tictacplus-persistent-fullstack-tic-tac-toe-61826-a614edb6/tic_tac_toe_frontend/node_modules/@typescript-eslint/scope-manager/dist/referencer/ExportVisitor.d.ts.map'
npm warn tar TAR_ENTRY_ERROR ENOENT: no such file or directory, open '/home/kavia/workspace/code-generation/tictacplus-persistent-fullstack-tic-tac-toe-61826-a614edb6/tic_tac_toe_frontend/node_modules/jsdom/lib/jsdom/living/nodes/HTMLOptionElement-impl.js'
npm warn tar TAR_ENTRY_ERROR ENOENT: no such file or directory, open '/home/kavia/workspace/code-generation/tictacplus-persistent-fullstack-tic-tac-toe-61826-a614edb6/tic_tac_toe_frontend/node_modules/@typescript-eslint/scope-manager/dist/referencer/ExportVisitor.js.map'
npm warn tar TAR_ENTRY_ERROR ENOENT: no such file or directory, open '/home/kavia/workspace/code-generation/tictacplus-persistent-fullstack-tic-tac-toe-61826-a614edb6/tic_tac_toe_frontend/node_modules/@typescript-eslint/eslint-plugin/dist/util/escapeRegExp.js.map'
npm warn tar TAR_ENTRY_ERROR ENOENT: no such file or directory, open '/home/kavia/workspace/code-generation/tictacplus-persistent-fullstack-tic-tac-toe-61826-a614edb6/tic_tac_toe_frontend/node_modules/@typescript-eslint/scope-manager/dist/scope/ForScope.d.ts.map'
npm warn tar TAR_ENTRY_ERROR ENOENT: no such file or directory, open '/home/kavia/workspace/code-generation/tictacplus-persistent-fullstack-tic-tac-toe-61826-a614edb6/tic_tac_toe_frontend/node_modules/@typescript-eslint/eslint-plugin/dist/configs/eslint-recommended.js.map'
npm warn tar TAR_ENTRY_ERROR ENOENT: no such file or directory, open '/home/kavia/workspace/code-generation/tictacplus-persistent-fullstack-tic-tac-toe-61826-a614edb6/tic_tac_toe_frontend/node_modules/@typescript-eslint/scope-manager/dist/scope/ForScope.js.map'
npm warn tar TAR_ENTRY_ERROR ENOENT: no such file or directory, open '/home/kavia/workspace/code-generation/tictacplus-persistent-fullstack-tic-tac-toe-61826-a614edb6/tic_tac_toe_frontend/node_modules/@typescript-eslint/scope-manager/dist/scope/FunctionExpressionNameScope.d.ts.map'
npm warn tar TAR_ENTRY_ERROR ENOENT: no such file or directory, open '/home/kavia/workspace/code-generation/tictacplus-persistent-fullstack-tic-tac-toe-61826-a614edb6/tic_tac_toe_frontend/node_modules/jsdom/lib/jsdom/living/nodes/HTMLOptionsCollection-impl.js'
npm warn tar TAR_ENTRY_ERROR ENOENT: no such file or directory, open '/home/kavia/workspace/code-generation/tictacplus-persistent-fullstack-tic-tac-toe-61826-a614edb6/tic_tac_toe_frontend/node_modules/@typescript-eslint/scope-manager/dist/scope/FunctionExpressionNameScope.js.map'
npm warn tar TAR_ENTRY_ERROR ENOENT: no such file or directory, open '/home/kavia/workspace/code-generation/tictacplus-persistent-fullstack-tic-tac-toe-61826-a614edb6/tic_tac_toe_frontend/node_modules/@typescript-eslint/scope-manager/dist/definition/FunctionNameDefinition.d.ts.map'
npm warn tar TAR_ENTRY_ERROR ENOENT: no such file or directory, open '/home/kavia/workspace/code-generation/tictacplus-persistent-fullstack-tic-tac-toe-61826-a614edb6/tic_tac_toe_frontend/node_modules/@typescript-eslint/scope-manager/dist/definition/FunctionNameDefinition.js.map'
npm warn tar TAR_ENTRY_ERROR ENOENT: no such file or directory, open '/home/kavia/workspace/code-generation/tictacplus-persistent-fullstack-tic-tac-toe-61826-a614edb6/tic_tac_toe_frontend/node_modules/@typescript-eslint/scope-manager/dist/scope/FunctionScope.d.ts.map'
npm warn tar TAR_ENTRY_ERROR ENOENT: no such file or directory, open '/home/kavia/workspace/code-generation/tictacplus-persistent-fullstack-tic-tac-toe-61826-a614edb6/tic_tac_toe_frontend/node_modules/@typescript-eslint/eslint-plugin/dist/util/explicitReturnTypeUtils.js.map'
npm warn tar TAR_ENTRY_ERROR ENOENT: no such file or directory, open '/home/kavia/workspace/code-generation/tictacplus-persistent-fullstack-tic-tac-toe-61826-a614edb6/tic_tac_toe_frontend/node_modules/jsdom/lib/jsdom/living/nodes/HTMLOrSVGElement-impl.js'
npm warn tar TAR_ENTRY_ERROR ENOENT: no such file or directory, open '/home/kavia/workspace/code-generation/tictacplus-persistent-fullstack-tic-tac-toe-61826-a614edb6/tic_tac_toe_frontend/node_modules/@typescript-eslint/scope-manager/dist/scope/FunctionScope.js.map'
npm warn tar TAR_ENTRY_ERROR ENOENT: no such file or directory, open '/home/kavia/workspace/code-generation/tictacplus-persistent-fullstack-tic-tac-toe-61826-a614edb6/tic_tac_toe_frontend/node_modules/jsdom/lib/jsdom/living/nodes/HTMLOutputElement-impl.js'
npm warn tar TAR_ENTRY_ERROR ENOENT: no such file or directory, open '/home/kavia/workspace/code-generation/tictacplus-persistent-fullstack-tic-tac-toe-61826-a614edb6/tic_tac_toe_frontend/node_modules/@typescript-eslint/scope-manager/dist/scope/FunctionTypeScope.d.ts.map'
npm warn tar TAR_ENTRY_ERROR ENOENT: no such file or directory, open '/home/kavia/workspace/code-generation/tictacplus-persistent-fullstack-tic-tac-toe-61826-a614edb6/tic_tac_toe_frontend/node_modules/regenerate-unicode-properties/General_Category/Titlecase_Letter.js'
npm warn tar TAR_ENTRY_ERROR ENOENT: no such file or directory, open '/home/kavia/workspace/code-generation/tictacplus-persistent-fullstack-tic-tac-toe-61826-a614edb6/tic_tac_toe_frontend/node_modules/@typescript-eslint/scope-manager/dist/scope/FunctionTypeScope.js.map'
npm warn tar TAR_ENTRY_ERROR ENOENT: no such file or directory, open '/home/kavia/workspace/code-generation/tictacplus-persistent-fullstack-tic-tac-toe-61826-a614edb6/tic_tac_toe_frontend/node_modules/@typescript-eslint/scope-manager/dist/scope/GlobalScope.d.ts.map'
npm warn tar TAR_ENTRY_ERROR ENOENT: no such file or directory, open '/home/kavia/workspace/code-generation/tictacplus-persistent-fullstack-tic-tac-toe-61826-a614edb6/tic_tac_toe_frontend/node_modules/@typescript-eslint/eslint-plugin/dist/util/getESLintCoreRule.js.map'
npm warn tar TAR_ENTRY_ERROR ENOENT: no such file or directory, open '/home/kavia/workspace/code-generation/tictacplus-persistent-fullstack-tic-tac-toe-61826-a614edb6/tic_tac_toe_frontend/node_modules/@typescript-eslint/scope-manager/dist/scope/GlobalScope.js.map'
npm warn tar TAR_ENTRY_ERROR ENOENT: no such file or directory, open '/home/kavia/workspace/code-generation/tictacplus-persistent-fullstack-tic-tac-toe-61826-a614edb6/tic_tac_toe_frontend/node_modules/@typescript-eslint/eslint-plugin/dist/util/getFunctionHeadLoc.js.map'
npm warn tar TAR_ENTRY_ERROR ENOENT: no such file or directory, open '/home/kavia/workspace/code-generation/tictacplus-persistent-fullstack-tic-tac-toe-61826-a614edb6/tic_tac_toe_frontend/node_modules/jsdom/lib/jsdom/living/nodes/HTMLParagraphElement-impl.js'
npm warn tar TAR_ENTRY_ERROR ENOENT: no such file or directory, open '/home/kavia/workspace/code-generation/tictacplus-persistent-fullstack-tic-tac-toe-61826-a614edb6/tic_tac_toe_frontend/node_modules/@typescript-eslint/eslint-plugin/dist/util/getOperatorPrecedence.js.map'
npm warn tar TAR_ENTRY_ERROR ENOENT: no such file or directory, open '/home/kavia/workspace/code-generation/tictacplus-persistent-fullstack-tic-tac-toe-61826-a614edb6/tic_tac_toe_frontend/node_modules/jsdom/lib/jsdom/living/nodes/HTMLParamElement-impl.js'
npm warn tar TAR_ENTRY_ERROR ENOENT: no such file or directory, open '/home/kavia/workspace/code-generation/tictacplus-persistent-fullstack-tic-tac-toe-61826-a614edb6/tic_tac_toe_frontend/node_modules/core-js/internals/collection-from.js'
npm warn tar TAR_ENTRY_ERROR ENOENT: no such file or directory, open '/home/kavia/workspace/code-generation/tictacplus-persistent-fullstack-tic-tac-toe-61826-a614edb6/tic_tac_toe_frontend/node_modules/@typescript-eslint/scope-manager/dist/definition/ImplicitGlobalVariableDefinition.d.ts.map'
npm warn tar TAR_ENTRY_ERROR ENOENT: no such file or directory, open '/home/kavia/workspace/code-generation/tictacplus-persistent-fullstack-tic-tac-toe-61826-a614edb6/tic_tac_toe_frontend/node_modules/@typescript-eslint/eslint-plugin/dist/util/getStringLength.js.map'
npm warn tar TAR_ENTRY_ERROR ENOENT: no such file or directory, open '/home/kavia/workspace/code-generation/tictacplus-persistent-fullstack-tic-tac-toe-61826-a614edb6/tic_tac_toe_frontend/node_modules/core-js/proposals/collection-methods.js'
npm warn tar TAR_ENTRY_ERROR ENOENT: no such file or directory, open '/home/kavia/workspace/code-generation/tictacplus-persistent-fullstack-tic-tac-toe-61826-a614edb6/tic_tac_toe_frontend/node_modules/@typescript-eslint/scope-manager/dist/definition/ImplicitGlobalVariableDefinition.js.map'
npm warn tar TAR_ENTRY_ERROR ENOENT: no such file or directory, open '/home/kavia/workspace/code-generation/tictacplus-persistent-fullstack-tic-tac-toe-61826-a614edb6/tic_tac_toe_frontend/node_modules/@typescript-eslint/eslint-plugin/dist/util/getThisExpression.js.map'
npm warn tar TAR_ENTRY_ERROR ENOENT: no such file or directory, open '/home/kavia/workspace/code-generation/tictacplus-persistent-fullstack-tic-tac-toe-61826-a614edb6/tic_tac_toe_frontend/node_modules/core-js-pure/internals/collection-from.js'
npm warn tar TAR_ENTRY_ERROR ENOENT: no such file or directory, open '/home/kavia/workspace/code-generation/tictacplus-persistent-fullstack-tic-tac-toe-61826-a614edb6/tic_tac_toe_frontend/node_modules/core-js/proposals/collection-of-from.js'
npm warn tar TAR_ENTRY_ERROR ENOENT: no such file or directory, open '/home/kavia/workspace/code-generation/tictacplus-persistent-fullstack-tic-tac-toe-61826-a614edb6/tic_tac_toe_frontend/node_modules/@typescript-eslint/eslint-plugin/dist/util/getWrappingFixer.js.map'
npm warn tar TAR_ENTRY_ERROR ENOENT: no such file or directory, open '/home/kavia/workspace/code-generation/tictacplus-persistent-fullstack-tic-tac-toe-61826-a614edb6/tic_tac_toe_frontend/node_modules/core-js-pure/proposals/collection-methods.js'
npm warn tar TAR_ENTRY_ERROR ENOENT: no such file or directory, open '/home/kavia/workspace/code-generation/tictacplus-persistent-fullstack-tic-tac-toe-61826-a614edb6/tic_tac_toe_frontend/node_modules/core-js/internals/collection-of.js'
npm warn tar TAR_ENTRY_ERROR ENOENT: no such file or directory, open '/home/kavia/workspace/code-generation/tictacplus-persistent-fullstack-tic-tac-toe-61826-a614edb6/tic_tac_toe_frontend/node_modules/core-js-pure/proposals/collection-of-from.js'
npm warn tar TAR_ENTRY_ERROR ENOENT: no such file or directory, open '/home/kavia/workspace/code-generation/tictacplus-persistent-fullstack-tic-tac-toe-61826-a614edb6/tic_tac_toe_frontend/node_modules/regenerate-unicode-properties/General_Category/Unassigned.js'
npm warn tar TAR_ENTRY_ERROR ENOENT: no such file or directory, open '/home/kavia/workspace/code-generation/tictacplus-persistent-fullstack-tic-tac-toe-61826-a614edb6/tic_tac_toe_frontend/node_modules/jsdom/lib/jsdom/living/nodes/HTMLPictureElement-impl.js'
npm warn tar TAR_ENTRY_ERROR ENOENT: no such file or directory, open '/home/kavia/workspace/code-generation/tictacplus-persistent-fullstack-tic-tac-toe-61826-a614edb6/tic_tac_toe_frontend/node_modules/core-js/internals/collection-strong.js'
npm warn tar TAR_ENTRY_ERROR ENOENT: no such file or directory, open '/home/kavia/workspace/code-generation/tictacplus-persistent-fullstack-tic-tac-toe-61826-a614edb6/tic_tac_toe_frontend/node_modules/@typescript-eslint/scope-manager/dist/definition/ImportBindingDefinition.d.ts.map'
npm warn tar TAR_ENTRY_ERROR ENOENT: no such file or directory, open '/home/kavia/workspace/code-generation/tictacplus-persistent-fullstack-tic-tac-toe-61826-a614edb6/tic_tac_toe_frontend/node_modules/core-js-pure/internals/collection-of.js'
npm warn tar TAR_ENTRY_ERROR ENOENT: no such file or directory, open '/home/kavia/workspace/code-generation/tictacplus-persistent-fullstack-tic-tac-toe-61826-a614edb6/tic_tac_toe_frontend/node_modules/@typescript-eslint/scope-manager/dist/definition/ImportBindingDefinition.js.map'
npm warn tar TAR_ENTRY_ERROR ENOENT: no such file or directory, open '/home/kavia/workspace/code-generation/tictacplus-persistent-fullstack-tic-tac-toe-61826-a614edb6/tic_tac_toe_frontend/node_modules/core-js-pure/internals/collection-strong.js'
npm warn tar TAR_ENTRY_ERROR ENOENT: no such file or directory, open '/home/kavia/workspace/code-generation/tictacplus-persistent-fullstack-tic-tac-toe-61826-a614edb6/tic_tac_toe_frontend/node_modules/jsdom/lib/jsdom/living/nodes/HTMLPreElement-impl.js'
npm warn tar TAR_ENTRY_ERROR ENOENT: no such file or directory, open '/home/kavia/workspace/code-generation/tictacplus-persistent-fullstack-tic-tac-toe-61826-a614edb6/tic_tac_toe_frontend/node_modules/core-js/internals/collection-weak.js'
npm warn tar TAR_ENTRY_ERROR ENOENT: no such file or directory, open '/home/kavia/workspace/code-generation/tictacplus-persistent-fullstack-tic-tac-toe-61826-a614edb6/tic_tac_toe_frontend/node_modules/@typescript-eslint/scope-manager/dist/referencer/ImportVisitor.d.ts.map'
npm warn tar TAR_ENTRY_ERROR ENOENT: no such file or directory, open '/home/kavia/workspace/code-generation/tictacplus-persistent-fullstack-tic-tac-toe-61826-a614edb6/tic_tac_toe_frontend/node_modules/regenerate-unicode-properties/General_Category/Uppercase_Letter.js'
npm warn tar TAR_ENTRY_ERROR ENOENT: no such file or directory, open '/home/kavia/workspace/code-generation/tictacplus-persistent-fullstack-tic-tac-toe-61826-a614edb6/tic_tac_toe_frontend/node_modules/core-js/internals/collection.js'
npm warn tar TAR_ENTRY_ERROR ENOENT: no such file or directory, open '/home/kavia/workspace/code-generation/tictacplus-persistent-fullstack-tic-tac-toe-61826-a614edb6/tic_tac_toe_frontend/node_modules/@typescript-eslint/scope-manager/dist/referencer/ImportVisitor.js.map'
npm warn tar TAR_ENTRY_ERROR ENOENT: no such file or directory, open '/home/kavia/workspace/code-generation/tictacplus-persistent-fullstack-tic-tac-toe-61826-a614edb6/tic_tac_toe_frontend/node_modules/core-js-pure/internals/collection-weak.js'
npm warn tar TAR_ENTRY_ERROR ENOENT: no such file or directory, open '/home/kavia/workspace/code-generation/tictacplus-persistent-fullstack-tic-tac-toe-61826-a614edb6/tic_tac_toe_frontend/node_modules/@typescript-eslint/scope-manager/dist/definition/index.d.ts.map'
npm warn tar TAR_ENTRY_ERROR ENOENT: no such file or directory, open '/home/kavia/workspace/code-generation/tictacplus-persistent-fullstack-tic-tac-toe-61826-a614edb6/tic_tac_toe_frontend/node_modules/core-js-pure/internals/collection.js'
npm warn tar TAR_ENTRY_ERROR ENOENT: no such file or directory, open '/home/kavia/workspace/code-generation/tictacplus-persistent-fullstack-tic-tac-toe-61826-a614edb6/tic_tac_toe_frontend/node_modules/@typescript-eslint/eslint-plugin/dist/util/index.js.map'
npm warn tar TAR_ENTRY_ERROR ENOENT: no such file or directory, open '/home/kavia/workspace/code-generation/tictacplus-persistent-fullstack-tic-tac-toe-61826-a614edb6/tic_tac_toe_frontend/node_modules/jsdom/lib/jsdom/living/nodes/HTMLProgressElement-impl.js'
npm warn tar TAR_ENTRY_ERROR ENOENT: no such file or directory, open '/home/kavia/workspace/code-generation/tictacplus-persistent-fullstack-tic-tac-toe-61826-a614edb6/tic_tac_toe_frontend/node_modules/core-js/internals/composite-key.js'
npm warn tar TAR_ENTRY_ERROR ENOENT: no such file or directory, open '/home/kavia/workspace/code-generation/tictacplus-persistent-fullstack-tic-tac-toe-61826-a614edb6/tic_tac_toe_frontend/node_modules/@typescript-eslint/scope-manager/dist/referencer/index.d.ts.map'
npm warn tar TAR_ENTRY_ERROR ENOENT: no such file or directory, open '/home/kavia/workspace/code-generation/tictacplus-persistent-fullstack-tic-tac-toe-61826-a614edb6/tic_tac_toe_frontend/node_modules/@typescript-eslint/eslint-plugin/dist/util/isNodeEqual.js.map'
npm warn tar TAR_ENTRY_ERROR ENOENT: no such file or directory, open '/home/kavia/workspace/code-generation/tictacplus-persistent-fullstack-tic-tac-toe-61826-a614edb6/tic_tac_toe_frontend/node_modules/core-js-pure/internals/composite-key.js'
npm warn tar TAR_ENTRY_ERROR ENOENT: no such file or directory, open '/home/kavia/workspace/code-generation/tictacplus-persistent-fullstack-tic-tac-toe-61826-a614edb6/tic_tac_toe_frontend/node_modules/jsdom/lib/jsdom/living/nodes/HTMLQuoteElement-impl.js'
npm warn tar TAR_ENTRY_ERROR ENOENT: no such file or directory, open '/home/kavia/workspace/code-generation/tictacplus-persistent-fullstack-tic-tac-toe-61826-a614edb6/tic_tac_toe_frontend/node_modules/@typescript-eslint/scope-manager/dist/scope/index.d.ts.map'
npm warn tar TAR_ENTRY_ERROR ENOENT: no such file or directory, open '/home/kavia/workspace/code-generation/tictacplus-persistent-fullstack-tic-tac-toe-61826-a614edb6/tic_tac_toe_frontend/node_modules/@typescript-eslint/eslint-plugin/dist/util/isNullLiteral.js.map'
npm warn tar TAR_ENTRY_ERROR ENOENT: no such file or directory, open '/home/kavia/workspace/code-generation/tictacplus-persistent-fullstack-tic-tac-toe-61826-a614edb6/tic_tac_toe_frontend/node_modules/@typescript-eslint/eslint-plugin/dist/util/isUndefinedIdentifier.js.map'
npm warn tar TAR_ENTRY_ERROR ENOENT: no such file or directory, open '/home/kavia/workspace/code-generation/tictacplus-persistent-fullstack-tic-tac-toe-61826-a614edb6/tic_tac_toe_frontend/node_modules/jsdom/lib/jsdom/living/nodes/HTMLScriptElement-impl.js'
npm warn tar TAR_ENTRY_ERROR ENOENT: no such file or directory, open '/home/kavia/workspace/code-generation/tictacplus-persistent-fullstack-tic-tac-toe-61826-a614edb6/tic_tac_toe_frontend/node_modules/@typescript-eslint/scope-manager/dist/definition/index.js.map'
npm warn tar TAR_ENTRY_ERROR ENOENT: no such file or directory, open '/home/kavia/workspace/code-generation/tictacplus-persistent-fullstack-tic-tac-toe-61826-a614edb6/tic_tac_toe_frontend/node_modules/@typescript-eslint/scope-manager/dist/referencer/index.js.map'
npm warn tar TAR_ENTRY_ERROR ENOENT: no such file or directory, open '/home/kavia/workspace/code-generation/tictacplus-persistent-fullstack-tic-tac-toe-61826-a614edb6/tic_tac_toe_frontend/node_modules/jsdom/lib/jsdom/living/nodes/HTMLSelectElement-impl.js'
npm warn tar TAR_ENTRY_ERROR ENOENT: no such file or directory, open '/home/kavia/workspace/code-generation/tictacplus-persistent-fullstack-tic-tac-toe-61826-a614edb6/tic_tac_toe_frontend/node_modules/@typescript-eslint/scope-manager/dist/scope/index.js.map'
npm warn tar TAR_ENTRY_ERROR ENOENT: no such file or directory, open '/home/kavia/workspace/code-generation/tictacplus-persistent-fullstack-tic-tac-toe-61826-a614edb6/tic_tac_toe_frontend/node_modules/@typescript-eslint/scope-manager/dist/scope/MappedTypeScope.d.ts.map'
npm warn tar TAR_ENTRY_ERROR ENOENT: no such file or directory, open '/home/kavia/workspace/code-generation/tictacplus-persistent-fullstack-tic-tac-toe-61826-a614edb6/tic_tac_toe_frontend/node_modules/caniuse-lite/dist/unpacker/feature.js'
npm warn tar TAR_ENTRY_ERROR ENOENT: no such file or directory, open '/home/kavia/workspace/code-generation/tictacplus-persistent-fullstack-tic-tac-toe-61826-a614edb6/tic_tac_toe_frontend/node_modules/@typescript-eslint/scope-manager/dist/scope/MappedTypeScope.js.map'
npm warn tar TAR_ENTRY_ERROR ENOENT: no such file or directory, open '/home/kavia/workspace/code-generation/tictacplus-persistent-fullstack-tic-tac-toe-61826-a614edb6/tic_tac_toe_frontend/node_modules/jsdom/lib/jsdom/living/nodes/HTMLSlotElement-impl.js'
npm warn tar TAR_ENTRY_ERROR ENOENT: no such file or directory, open '/home/kavia/workspace/code-generation/tictacplus-persistent-fullstack-tic-tac-toe-61826-a614edb6/tic_tac_toe_frontend/node_modules/@typescript-eslint/scope-manager/dist/scope/ModuleScope.d.ts.map'
npm warn tar TAR_ENTRY_ERROR ENOENT: no such file or directory, open '/home/kavia/workspace/code-generation/tictacplus-persistent-fullstack-tic-tac-toe-61826-a614edb6/tic_tac_toe_frontend/node_modules/@typescript-eslint/scope-manager/dist/scope/ModuleScope.js.map'
npm warn tar TAR_ENTRY_ERROR ENOENT: no such file or directory, open '/home/kavia/workspace/code-generation/tictacplus-persistent-fullstack-tic-tac-toe-61826-a614edb6/tic_tac_toe_frontend/node_modules/@typescript-eslint/eslint-plugin/dist/util/misc.js.map'
npm warn tar TAR_ENTRY_ERROR ENOENT: no such file or directory, open '/home/kavia/workspace/code-generation/tictacplus-persistent-fullstack-tic-tac-toe-61826-a614edb6/tic_tac_toe_frontend/node_modules/jsdom/lib/jsdom/living/nodes/HTMLSourceElement-impl.js'
npm warn tar TAR_ENTRY_ERROR ENOENT: no such file or directory, open '/home/kavia/workspace/code-generation/tictacplus-persistent-fullstack-tic-tac-toe-61826-a614edb6/tic_tac_toe_frontend/node_modules/@typescript-eslint/scope-manager/dist/definition/ParameterDefinition.d.ts.map'
npm warn tar TAR_ENTRY_ERROR ENOENT: no such file or directory, open '/home/kavia/workspace/code-generation/tictacplus-persistent-fullstack-tic-tac-toe-61826-a614edb6/tic_tac_toe_frontend/node_modules/caniuse-lite/dist/unpacker/features.js'
npm warn tar TAR_ENTRY_ERROR ENOENT: no such file or directory, open '/home/kavia/workspace/code-generation/tictacplus-persistent-fullstack-tic-tac-toe-61826-a614edb6/tic_tac_toe_frontend/node_modules/@typescript-eslint/scope-manager/dist/definition/ParameterDefinition.js.map'
npm warn tar TAR_ENTRY_ERROR ENOENT: no such file or directory, open '/home/kavia/workspace/code-generation/tictacplus-persistent-fullstack-tic-tac-toe-61826-a614edb6/tic_tac_toe_frontend/node_modules/@typescript-eslint/scope-manager/dist/referencer/PatternVisitor.d.ts.map'
npm warn tar TAR_ENTRY_ERROR ENOENT: no such file or directory, open '/home/kavia/workspace/code-generation/tictacplus-persistent-fullstack-tic-tac-toe-61826-a614edb6/tic_tac_toe_frontend/node_modules/@typescript-eslint/scope-manager/dist/referencer/PatternVisitor.js.map'
npm warn tar TAR_ENTRY_ERROR ENOENT: no such file or directory, open '/home/kavia/workspace/code-generation/tictacplus-persistent-fullstack-tic-tac-toe-61826-a614edb6/tic_tac_toe_frontend/node_modules/jsdom/lib/jsdom/living/nodes/HTMLSpanElement-impl.js'
npm warn tar TAR_ENTRY_ERROR ENOENT: no such file or directory, open '/home/kavia/workspace/code-generation/tictacplus-persistent-fullstack-tic-tac-toe-61826-a614edb6/tic_tac_toe_frontend/node_modules/@typescript-eslint/scope-manager/dist/referencer/Reference.d.ts.map'
npm warn tar TAR_ENTRY_ERROR ENOENT: no such file or directory, open '/home/kavia/workspace/code-generation/tictacplus-persistent-fullstack-tic-tac-toe-61826-a614edb6/tic_tac_toe_frontend/node_modules/@typescript-eslint/scope-manager/dist/referencer/Reference.js.map'
npm warn tar TAR_ENTRY_ERROR ENOENT: no such file or directory, open '/home/kavia/workspace/code-generation/tictacplus-persistent-fullstack-tic-tac-toe-61826-a614edb6/tic_tac_toe_frontend/node_modules/jsdom/lib/jsdom/living/nodes/HTMLStyleElement-impl.js'
npm warn tar TAR_ENTRY_ERROR ENOENT: no such file or directory, open '/home/kavia/workspace/code-generation/tictacplus-persistent-fullstack-tic-tac-toe-61826-a614edb6/tic_tac_toe_frontend/node_modules/@typescript-eslint/scope-manager/dist/referencer/Referencer.d.ts.map'
npm warn tar TAR_ENTRY_ERROR ENOENT: no such file or directory, open '/home/kavia/workspace/code-generation/tictacplus-persistent-fullstack-tic-tac-toe-61826-a614edb6/tic_tac_toe_frontend/node_modules/@typescript-eslint/scope-manager/dist/referencer/Referencer.js.map'
npm warn tar TAR_ENTRY_ERROR ENOENT: no such file or directory, open '/home/kavia/workspace/code-generation/tictacplus-persistent-fullstack-tic-tac-toe-61826-a614edb6/tic_tac_toe_frontend/node_modules/jsdom/lib/jsdom/living/nodes/HTMLTableCaptionElement-impl.js'
npm warn tar TAR_ENTRY_ERROR ENOENT: no such file or directory, open '/home/kavia/workspace/code-generation/tictacplus-persistent-fullstack-tic-tac-toe-61826-a614edb6/tic_tac_toe_frontend/node_modules/@typescript-eslint/scope-manager/dist/scope/Scope.d.ts.map'
npm warn tar TAR_ENTRY_ERROR ENOENT: no such file or directory, open '/home/kavia/workspace/code-generation/tictacplus-persistent-fullstack-tic-tac-toe-61826-a614edb6/tic_tac_toe_frontend/node_modules/@typescript-eslint/scope-manager/dist/scope/Scope.js.map'
npm warn tar TAR_ENTRY_ERROR ENOENT: no such file or directory, open '/home/kavia/workspace/code-generation/tictacplus-persistent-fullstack-tic-tac-toe-61826-a614edb6/tic_tac_toe_frontend/node_modules/@typescript-eslint/scope-manager/dist/scope/ScopeBase.d.ts.map'
npm warn tar TAR_ENTRY_ERROR ENOENT: no such file or directory, open '/home/kavia/workspace/code-generation/tictacplus-persistent-fullstack-tic-tac-toe-61826-a614edb6/tic_tac_toe_frontend/node_modules/jsdom/lib/jsdom/living/nodes/HTMLTableCellElement-impl.js'
npm warn tar TAR_ENTRY_ERROR ENOENT: no such file or directory, open '/home/kavia/workspace/code-generation/tictacplus-persistent-fullstack-tic-tac-toe-61826-a614edb6/tic_tac_toe_frontend/node_modules/@typescript-eslint/scope-manager/dist/scope/ScopeBase.js.map'
npm warn tar TAR_ENTRY_ERROR ENOENT: no such file or directory, open '/home/kavia/workspace/code-generation/tictacplus-persistent-fullstack-tic-tac-toe-61826-a614edb6/tic_tac_toe_frontend/node_modules/jsdom/lib/jsdom/living/nodes/HTMLTableColElement-impl.js'
npm warn tar TAR_ENTRY_ERROR ENOENT: no such file or directory, open '/home/kavia/workspace/code-generation/tictacplus-persistent-fullstack-tic-tac-toe-61826-a614edb6/tic_tac_toe_frontend/node_modules/@typescript-eslint/scope-manager/dist/scope/ScopeType.d.ts.map'
npm warn tar TAR_ENTRY_ERROR ENOENT: no such file or directory, open '/home/kavia/workspace/code-generation/tictacplus-persistent-fullstack-tic-tac-toe-61826-a614edb6/tic_tac_toe_frontend/node_modules/@typescript-eslint/scope-manager/dist/scope/ScopeType.js.map'
npm warn tar TAR_ENTRY_ERROR ENOENT: no such file or directory, open '/home/kavia/workspace/code-generation/tictacplus-persistent-fullstack-tic-tac-toe-61826-a614edb6/tic_tac_toe_frontend/node_modules/jsdom/lib/jsdom/living/nodes/HTMLTableElement-impl.js'
npm warn tar TAR_ENTRY_ERROR ENOENT: no such file or directory, open '/home/kavia/workspace/code-generation/tictacplus-persistent-fullstack-tic-tac-toe-61826-a614edb6/tic_tac_toe_frontend/node_modules/@typescript-eslint/scope-manager/dist/scope/SwitchScope.d.ts.map'
npm warn tar TAR_ENTRY_ERROR ENOENT: no such file or directory, open '/home/kavia/workspace/code-generation/tictacplus-persistent-fullstack-tic-tac-toe-61826-a614edb6/tic_tac_toe_frontend/node_modules/@typescript-eslint/scope-manager/dist/scope/SwitchScope.js.map'
npm warn tar TAR_ENTRY_ERROR ENOENT: no such file or directory, open '/home/kavia/workspace/code-generation/tictacplus-persistent-fullstack-tic-tac-toe-61826-a614edb6/tic_tac_toe_frontend/node_modules/@typescript-eslint/scope-manager/dist/definition/TSEnumMemberDefinition.d.ts.map'
npm warn tar TAR_ENTRY_ERROR ENOENT: no such file or directory, open '/home/kavia/workspace/code-generation/tictacplus-persistent-fullstack-tic-tac-toe-61826-a614edb6/tic_tac_toe_frontend/node_modules/@typescript-eslint/scope-manager/dist/definition/TSEnumMemberDefinition.js.map'
npm warn tar TAR_ENTRY_ERROR ENOENT: no such file or directory, open '/home/kavia/workspace/code-generation/tictacplus-persistent-fullstack-tic-tac-toe-61826-a614edb6/tic_tac_toe_frontend/node_modules/@typescript-eslint/scope-manager/dist/definition/TSEnumNameDefinition.d.ts.map'
npm warn tar TAR_ENTRY_ERROR ENOENT: no such file or directory, open '/home/kavia/workspace/code-generation/tictacplus-persistent-fullstack-tic-tac-toe-61826-a614edb6/tic_tac_toe_frontend/node_modules/jsdom/lib/jsdom/living/nodes/HTMLTableRowElement-impl.js'
npm warn tar TAR_ENTRY_ERROR ENOENT: no such file or directory, open '/home/kavia/workspace/code-generation/tictacplus-persistent-fullstack-tic-tac-toe-61826-a614edb6/tic_tac_toe_frontend/node_modules/@typescript-eslint/scope-manager/dist/definition/TSEnumNameDefinition.js.map'
npm warn tar TAR_ENTRY_ERROR ENOENT: no such file or directory, open '/home/kavia/workspace/code-generation/tictacplus-persistent-fullstack-tic-tac-toe-61826-a614edb6/tic_tac_toe_frontend/node_modules/@typescript-eslint/scope-manager/dist/scope/TSEnumScope.d.ts.map'
npm warn tar TAR_ENTRY_ERROR ENOENT: no such file or directory, open '/home/kavia/workspace/code-generation/tictacplus-persistent-fullstack-tic-tac-toe-61826-a614edb6/tic_tac_toe_frontend/node_modules/@typescript-eslint/scope-manager/dist/scope/TSEnumScope.js.map'
npm warn tar TAR_ENTRY_ERROR ENOENT: no such file or directory, open '/home/kavia/workspace/code-generation/tictacplus-persistent-fullstack-tic-tac-toe-61826-a614edb6/tic_tac_toe_frontend/node_modules/jsdom/lib/jsdom/living/nodes/HTMLTableSectionElement-impl.js'
npm warn tar TAR_ENTRY_ERROR ENOENT: no such file or directory, open '/home/kavia/workspace/code-generation/tictacplus-persistent-fullstack-tic-tac-toe-61826-a614edb6/tic_tac_toe_frontend/node_modules/@typescript-eslint/scope-manager/dist/definition/TSModuleNameDefinition.d.ts.map'
npm warn tar TAR_ENTRY_ERROR ENOENT: no such file or directory, open '/home/kavia/workspace/code-generation/tictacplus-persistent-fullstack-tic-tac-toe-61826-a614edb6/tic_tac_toe_frontend/node_modules/@typescript-eslint/scope-manager/dist/definition/TSModuleNameDefinition.js.map'
npm warn tar TAR_ENTRY_ERROR ENOENT: no such file or directory, open '/home/kavia/workspace/code-generation/tictacplus-persistent-fullstack-tic-tac-toe-61826-a614edb6/tic_tac_toe_frontend/node_modules/jsdom/lib/jsdom/living/nodes/HTMLTemplateElement-impl.js'
npm warn tar TAR_ENTRY_ERROR ENOENT: no such file or directory, open '/home/kavia/workspace/code-generation/tictacplus-persistent-fullstack-tic-tac-toe-61826-a614edb6/tic_tac_toe_frontend/node_modules/@typescript-eslint/scope-manager/dist/scope/TSModuleScope.d.ts.map'
npm warn tar TAR_ENTRY_ERROR ENOENT: no such file or directory, open '/home/kavia/workspace/code-generation/tictacplus-persistent-fullstack-tic-tac-toe-61826-a614edb6/tic_tac_toe_frontend/node_modules/@typescript-eslint/scope-manager/dist/scope/TSModuleScope.js.map'
npm warn tar TAR_ENTRY_ERROR ENOENT: no such file or directory, open '/home/kavia/workspace/code-generation/tictacplus-persistent-fullstack-tic-tac-toe-61826-a614edb6/tic_tac_toe_frontend/node_modules/jsdom/lib/jsdom/living/nodes/HTMLTextAreaElement-impl.js'
npm warn tar TAR_ENTRY_ERROR ENOENT: no such file or directory, open '/home/kavia/workspace/code-generation/tictacplus-persistent-fullstack-tic-tac-toe-61826-a614edb6/tic_tac_toe_frontend/node_modules/@typescript-eslint/scope-manager/dist/definition/TypeDefinition.d.ts.map'
npm warn tar TAR_ENTRY_ERROR ENOENT: no such file or directory, open '/home/kavia/workspace/code-generation/tictacplus-persistent-fullstack-tic-tac-toe-61826-a614edb6/tic_tac_toe_frontend/node_modules/@typescript-eslint/scope-manager/dist/definition/TypeDefinition.js.map'
npm warn tar TAR_ENTRY_ERROR ENOENT: no such file or directory, open '/home/kavia/workspace/code-generation/tictacplus-persistent-fullstack-tic-tac-toe-61826-a614edb6/tic_tac_toe_frontend/node_modules/@typescript-eslint/scope-manager/dist/scope/TypeScope.d.ts.map'
npm warn tar TAR_ENTRY_ERROR ENOENT: no such file or directory, open '/home/kavia/workspace/code-generation/tictacplus-persistent-fullstack-tic-tac-toe-61826-a614edb6/tic_tac_toe_frontend/node_modules/@typescript-eslint/scope-manager/dist/scope/TypeScope.js.map'
npm warn tar TAR_ENTRY_ERROR ENOENT: no such file or directory, open '/home/kavia/workspace/code-generation/tictacplus-persistent-fullstack-tic-tac-toe-61826-a614edb6/tic_tac_toe_frontend/node_modules/@typescript-eslint/scope-manager/dist/referencer/TypeVisitor.d.ts.map'
npm warn tar TAR_ENTRY_ERROR ENOENT: no such file or directory, open '/home/kavia/workspace/code-generation/tictacplus-persistent-fullstack-tic-tac-toe-61826-a614edb6/tic_tac_toe_frontend/node_modules/@typescript-eslint/scope-manager/dist/referencer/TypeVisitor.js.map'
npm warn tar TAR_ENTRY_ERROR ENOENT: no such file or directory, open '/home/kavia/workspace/code-generation/tictacplus-persistent-fullstack-tic-tac-toe-61826-a614edb6/tic_tac_toe_frontend/node_modules/jsdom/lib/jsdom/living/nodes/HTMLTimeElement-impl.js'
npm warn tar TAR_ENTRY_ERROR ENOENT: no such file or directory, open '/home/kavia/workspace/code-generation/tictacplus-persistent-fullstack-tic-tac-toe-61826-a614edb6/tic_tac_toe_frontend/node_modules/jsdom/lib/jsdom/living/nodes/HTMLTitleElement-impl.js'
npm warn tar TAR_ENTRY_ERROR ENOENT: no such file or directory, open '/home/kavia/workspace/code-generation/tictacplus-persistent-fullstack-tic-tac-toe-61826-a614edb6/tic_tac_toe_frontend/node_modules/jsdom/lib/jsdom/living/nodes/HTMLTrackElement-impl.js'
npm warn tar TAR_ENTRY_ERROR ENOENT: no such file or directory, open '/home/kavia/workspace/code-generation/tictacplus-persistent-fullstack-tic-tac-toe-61826-a614edb6/tic_tac_toe_frontend/node_modules/@typescript-eslint/scope-manager/dist/definition/VariableDefinition.d.ts.map'
npm warn tar TAR_ENTRY_ERROR ENOENT: no such file or directory, open '/home/kavia/workspace/code-generation/tictacplus-persistent-fullstack-tic-tac-toe-61826-a614edb6/tic_tac_toe_frontend/node_modules/@typescript-eslint/scope-manager/dist/definition/VariableDefinition.js.map'
npm warn tar TAR_ENTRY_ERROR ENOENT: no such file or directory, open '/home/kavia/workspace/code-generation/tictacplus-persistent-fullstack-tic-tac-toe-61826-a614edb6/tic_tac_toe_frontend/node_modules/jsdom/lib/jsdom/living/nodes/HTMLUListElement-impl.js'
npm warn tar TAR_ENTRY_ERROR ENOENT: no such file or directory, open '/home/kavia/workspace/code-generation/tictacplus-persistent-fullstack-tic-tac-toe-61826-a614edb6/tic_tac_toe_frontend/node_modules/@typescript-eslint/scope-manager/dist/referencer/Visitor.d.ts.map'
npm warn tar TAR_ENTRY_ERROR ENOENT: no such file or directory, open '/home/kavia/workspace/code-generation/tictacplus-persistent-fullstack-tic-tac-toe-61826-a614edb6/tic_tac_toe_frontend/node_modules/@typescript-eslint/scope-manager/dist/referencer/Visitor.js.map'
npm warn tar TAR_ENTRY_ERROR ENOENT: no such file or directory, open '/home/kavia/workspace/code-generation/tictacplus-persistent-fullstack-tic-tac-toe-61826-a614edb6/tic_tac_toe_frontend/node_modules/@typescript-eslint/scope-manager/dist/referencer/VisitorBase.d.ts.map'
npm warn tar TAR_ENTRY_ERROR ENOENT: no such file or directory, open '/home/kavia/workspace/code-generation/tictacplus-persistent-fullstack-tic-tac-toe-61826-a614edb6/tic_tac_toe_frontend/node_modules/@typescript-eslint/scope-manager/dist/referencer/VisitorBase.js.map'
npm warn tar TAR_ENTRY_ERROR ENOENT: no such file or directory, open '/home/kavia/workspace/code-generation/tictacplus-persistent-fullstack-tic-tac-toe-61826-a614edb6/tic_tac_toe_frontend/node_modules/jsdom/lib/jsdom/living/nodes/HTMLUnknownElement-impl.js'
npm warn tar TAR_ENTRY_ERROR ENOENT: no such file or directory, open '/home/kavia/workspace/code-generation/tictacplus-persistent-fullstack-tic-tac-toe-61826-a614edb6/tic_tac_toe_frontend/node_modules/jsdom/lib/jsdom/living/nodes/HTMLVideoElement-impl.js'
npm warn tar TAR_ENTRY_ERROR ENOENT: no such file or directory, open '/home/kavia/workspace/code-generation/tictacplus-persistent-fullstack-tic-tac-toe-61826-a614edb6/tic_tac_toe_frontend/node_modules/jsdom/lib/jsdom/living/helpers/http-request.js'
npm warn tar TAR_ENTRY_ERROR ENOENT: no such file or directory, open '/home/kavia/workspace/code-generation/tictacplus-persistent-fullstack-tic-tac-toe-61826-a614edb6/tic_tac_toe_frontend/node_modules/@typescript-eslint/scope-manager/dist/scope/WithScope.d.ts.map'
npm warn tar TAR_ENTRY_ERROR ENOENT: no such file or directory, open '/home/kavia/workspace/code-generation/tictacplus-persistent-fullstack-tic-tac-toe-61826-a614edb6/tic_tac_toe_frontend/node_modules/@typescript-eslint/scope-manager/dist/scope/WithScope.js.map'
npm warn tar TAR_ENTRY_ERROR ENOENT: no such file or directory, open '/home/kavia/workspace/code-generation/tictacplus-persistent-fullstack-tic-tac-toe-61826-a614edb6/tic_tac_toe_frontend/node_modules/@typescript-eslint/scope-manager/dist/scope/BlockScope.d.ts'
npm warn tar TAR_ENTRY_ERROR ENOENT: no such file or directory, open '/home/kavia/workspace/code-generation/tictacplus-persistent-fullstack-tic-tac-toe-61826-a614edb6/tic_tac_toe_frontend/node_modules/@typescript-eslint/scope-manager/dist/definition/CatchClauseDefinition.d.ts'
npm warn tar TAR_ENTRY_ERROR ENOENT: no such file or directory, open '/home/kavia/workspace/code-generation/tictacplus-persistent-fullstack-tic-tac-toe-61826-a614edb6/tic_tac_toe_frontend/node_modules/@typescript-eslint/scope-manager/dist/scope/CatchScope.d.ts'
npm warn tar TAR_ENTRY_ERROR ENOENT: no such file or directory, open '/home/kavia/workspace/code-generation/tictacplus-persistent-fullstack-tic-tac-toe-61826-a614edb6/tic_tac_toe_frontend/node_modules/jsdom/lib/jsdom/living/helpers/internal-constants.js'
npm warn tar TAR_ENTRY_ERROR ENOENT: no such file or directory, open '/home/kavia/workspace/code-generation/tictacplus-persistent-fullstack-tic-tac-toe-61826-a614edb6/tic_tac_toe_frontend/node_modules/@typescript-eslint/scope-manager/dist/scope/ClassFieldInitializerScope.d.ts'
npm warn tar TAR_ENTRY_ERROR ENOENT: no such file or directory, open '/home/kavia/workspace/code-generation/tictacplus-persistent-fullstack-tic-tac-toe-61826-a614edb6/tic_tac_toe_frontend/node_modules/jsdom/lib/jsdom/living/helpers/iterable-weak-set.js'
npm warn tar TAR_ENTRY_ERROR ENOENT: no such file or directory, open '/home/kavia/workspace/code-generation/tictacplus-persistent-fullstack-tic-tac-toe-61826-a614edb6/tic_tac_toe_frontend/node_modules/@typescript-eslint/scope-manager/dist/definition/ClassNameDefinition.d.ts'
npm warn tar TAR_ENTRY_ERROR ENOENT: no such file or directory, open '/home/kavia/workspace/code-generation/tictacplus-persistent-fullstack-tic-tac-toe-61826-a614edb6/tic_tac_toe_frontend/node_modules/jsdom/lib/jsdom/living/helpers/json.js'
npm warn tar TAR_ENTRY_ERROR ENOENT: no such file or directory, open '/home/kavia/workspace/code-generation/tictacplus-persistent-fullstack-tic-tac-toe-61826-a614edb6/tic_tac_toe_frontend/node_modules/@typescript-eslint/scope-manager/dist/scope/ClassScope.d.ts'
npm warn tar TAR_ENTRY_ERROR ENOENT: no such file or directory, open '/home/kavia/workspace/code-generation/tictacplus-persistent-fullstack-tic-tac-toe-61826-a614edb6/tic_tac_toe_frontend/node_modules/@typescript-eslint/scope-manager/dist/scope/ClassStaticBlockScope.d.ts'
npm warn tar TAR_ENTRY_ERROR ENOENT: no such file or directory, open '/home/kavia/workspace/code-generation/tictacplus-persistent-fullstack-tic-tac-toe-61826-a614edb6/tic_tac_toe_frontend/node_modules/@typescript-eslint/scope-manager/dist/referencer/ClassVisitor.d.ts'
npm warn tar TAR_ENTRY_ERROR ENOENT: no such file or directory, open '/home/kavia/workspace/code-generation/tictacplus-persistent-fullstack-tic-tac-toe-61826-a614edb6/tic_tac_toe_frontend/node_modules/@typescript-eslint/scope-manager/dist/scope/ConditionalTypeScope.d.ts'
npm warn tar TAR_ENTRY_ERROR ENOENT: no such file or directory, open '/home/kavia/workspace/code-generation/tictacplus-persistent-fullstack-tic-tac-toe-61826-a614edb6/tic_tac_toe_frontend/node_modules/jsdom/lib/jsdom/living/nodes/LinkStyle-impl.js'
npm warn tar TAR_ENTRY_ERROR ENOENT: no such file or directory, open '/home/kavia/workspace/code-generation/tictacplus-persistent-fullstack-tic-tac-toe-61826-a614edb6/tic_tac_toe_frontend/node_modules/@typescript-eslint/scope-manager/dist/definition/Definition.d.ts'
npm warn tar TAR_ENTRY_ERROR ENOENT: no such file or directory, open '/home/kavia/workspace/code-generation/tictacplus-persistent-fullstack-tic-tac-toe-61826-a614edb6/tic_tac_toe_frontend/node_modules/jsdom/lib/jsdom/living/window/Location-impl.js'
npm warn tar TAR_ENTRY_ERROR ENOENT: no such file or directory, open '/home/kavia/workspace/code-generation/tictacplus-persistent-fullstack-tic-tac-toe-61826-a614edb6/tic_tac_toe_frontend/node_modules/@typescript-eslint/scope-manager/dist/definition/DefinitionBase.d.ts'
npm warn tar TAR_ENTRY_ERROR ENOENT: no such file or directory, open '/home/kavia/workspace/code-generation/tictacplus-persistent-fullstack-tic-tac-toe-61826-a614edb6/tic_tac_toe_frontend/node_modules/core-js/internals/copy-constructor-properties.js'
npm warn tar TAR_ENTRY_ERROR ENOENT: no such file or directory, open '/home/kavia/workspace/code-generation/tictacplus-persistent-fullstack-tic-tac-toe-61826-a614edb6/tic_tac_toe_frontend/node_modules/@typescript-eslint/scope-manager/dist/definition/DefinitionType.d.ts'
npm warn tar TAR_ENTRY_ERROR ENOENT: no such file or directory, open '/home/kavia/workspace/code-generation/tictacplus-persistent-fullstack-tic-tac-toe-61826-a614edb6/tic_tac_toe_frontend/node_modules/core-js-pure/internals/copy-constructor-properties.js'
npm warn tar TAR_ENTRY_ERROR ENOENT: no such file or directory, open '/home/kavia/workspace/code-generation/tictacplus-persistent-fullstack-tic-tac-toe-61826-a614edb6/tic_tac_toe_frontend/node_modules/@typescript-eslint/eslint-plugin/dist/util/objectIterators.js.map'
npm warn tar TAR_ENTRY_ERROR ENOENT: no such file or directory, open '/home/kavia/workspace/code-generation/tictacplus-persistent-fullstack-tic-tac-toe-61826-a614edb6/tic_tac_toe_frontend/node_modules/core-js/internals/correct-is-regexp-logic.js'
npm warn tar TAR_ENTRY_ERROR ENOENT: no such file or directory, open '/home/kavia/workspace/code-generation/tictacplus-persistent-fullstack-tic-tac-toe-61826-a614edb6/tic_tac_toe_frontend/node_modules/core-js/internals/correct-prototype-getter.js'
npm warn tar TAR_ENTRY_ERROR ENOENT: no such file or directory, open '/home/kavia/workspace/code-generation/tictacplus-persistent-fullstack-tic-tac-toe-61826-a614edb6/tic_tac_toe_frontend/node_modules/jsdom/lib/jsdom/living/helpers/mutation-observers.js'
npm warn tar TAR_ENTRY_ERROR ENOENT: no such file or directory, open '/home/kavia/workspace/code-generation/tictacplus-persistent-fullstack-tic-tac-toe-61826-a614edb6/tic_tac_toe_frontend/node_modules/core-js-pure/internals/correct-is-regexp-logic.js'
npm warn tar TAR_ENTRY_ERROR ENOENT: no such file or directory, open '/home/kavia/workspace/code-generation/tictacplus-persistent-fullstack-tic-tac-toe-61826-a614edb6/tic_tac_toe_frontend/node_modules/core-js/actual/math/cosh.js'
npm warn tar TAR_ENTRY_ERROR ENOENT: no such file or directory, open '/home/kavia/workspace/code-generation/tictacplus-persistent-fullstack-tic-tac-toe-61826-a614edb6/tic_tac_toe_frontend/node_modules/core-js-pure/internals/correct-prototype-getter.js'
npm warn tar TAR_ENTRY_ERROR ENOENT: no such file or directory, open '/home/kavia/workspace/code-generation/tictacplus-persistent-fullstack-tic-tac-toe-61826-a614edb6/tic_tac_toe_frontend/node_modules/core-js/es/math/cosh.js'
npm warn tar TAR_ENTRY_ERROR ENOENT: no such file or directory, open '/home/kavia/workspace/code-generation/tictacplus-persistent-fullstack-tic-tac-toe-61826-a614edb6/tic_tac_toe_frontend/node_modules/core-js-pure/actual/math/cosh.js'
npm warn tar TAR_ENTRY_ERROR ENOENT: no such file or directory, open '/home/kavia/workspace/code-generation/tictacplus-persistent-fullstack-tic-tac-toe-61826-a614edb6/tic_tac_toe_frontend/node_modules/core-js/features/math/cosh.js'
npm warn tar TAR_ENTRY_ERROR ENOENT: no such file or directory, open '/home/kavia/workspace/code-generation/tictacplus-persistent-fullstack-tic-tac-toe-61826-a614edb6/tic_tac_toe_frontend/node_modules/core-js-pure/es/math/cosh.js'
npm warn tar TAR_ENTRY_ERROR ENOENT: no such file or directory, open '/home/kavia/workspace/code-generation/tictacplus-persistent-fullstack-tic-tac-toe-61826-a614edb6/tic_tac_toe_frontend/node_modules/core-js/full/math/cosh.js'
npm warn tar TAR_ENTRY_ERROR ENOENT: no such file or directory, open '/home/kavia/workspace/code-generation/tictacplus-persistent-fullstack-tic-tac-toe-61826-a614edb6/tic_tac_toe_frontend/node_modules/core-js-pure/features/math/cosh.js'
npm warn tar TAR_ENTRY_ERROR ENOENT: no such file or directory, open '/home/kavia/workspace/code-generation/tictacplus-persistent-fullstack-tic-tac-toe-61826-a614edb6/tic_tac_toe_frontend/node_modules/core-js/stable/math/cosh.js'
npm warn tar TAR_ENTRY_ERROR ENOENT: no such file or directory, open '/home/kavia/workspace/code-generation/tictacplus-persistent-fullstack-tic-tac-toe-61826-a614edb6/tic_tac_toe_frontend/node_modules/core-js-pure/full/math/cosh.js'
npm warn tar TAR_ENTRY_ERROR ENOENT: no such file or directory, open '/home/kavia/workspace/code-generation/tictacplus-persistent-fullstack-tic-tac-toe-61826-a614edb6/tic_tac_toe_frontend/node_modules/core-js/internals/create-html.js'
npm warn tar TAR_ENTRY_ERROR ENOENT: no such file or directory, open '/home/kavia/workspace/code-generation/tictacplus-persistent-fullstack-tic-tac-toe-61826-a614edb6/tic_tac_toe_frontend/node_modules/core-js-pure/stable/math/cosh.js'
npm warn tar TAR_ENTRY_ERROR ENOENT: no such file or directory, open '/home/kavia/workspace/code-generation/tictacplus-persistent-fullstack-tic-tac-toe-61826-a614edb6/tic_tac_toe_frontend/node_modules/core-js/internals/create-iter-result-object.js'
npm warn tar TAR_ENTRY_ERROR ENOENT: no such file or directory, open '/home/kavia/workspace/code-generation/tictacplus-persistent-fullstack-tic-tac-toe-61826-a614edb6/tic_tac_toe_frontend/node_modules/core-js-pure/internals/create-html.js'
npm warn tar TAR_ENTRY_ERROR ENOENT: no such file or directory, open '/home/kavia/workspace/code-generation/tictacplus-persistent-fullstack-tic-tac-toe-61826-a614edb6/tic_tac_toe_frontend/node_modules/core-js/internals/create-non-enumerable-property.js'
npm warn tar TAR_ENTRY_ERROR ENOENT: no such file or directory, open '/home/kavia/workspace/code-generation/tictacplus-persistent-fullstack-tic-tac-toe-61826-a614edb6/tic_tac_toe_frontend/node_modules/core-js-pure/internals/create-iter-result-object.js'
npm warn tar TAR_ENTRY_ERROR ENOENT: no such file or directory, open '/home/kavia/workspace/code-generation/tictacplus-persistent-fullstack-tic-tac-toe-61826-a614edb6/tic_tac_toe_frontend/node_modules/core-js/internals/create-property-descriptor.js'
npm warn tar TAR_ENTRY_ERROR ENOENT: no such file or directory, open '/home/kavia/workspace/code-generation/tictacplus-persistent-fullstack-tic-tac-toe-61826-a614edb6/tic_tac_toe_frontend/node_modules/core-js-pure/internals/create-non-enumerable-property.js'
npm warn tar TAR_ENTRY_ERROR ENOENT: no such file or directory, open '/home/kavia/workspace/code-generation/tictacplus-persistent-fullstack-tic-tac-toe-61826-a614edb6/tic_tac_toe_frontend/node_modules/core-js/internals/create-property.js'
npm warn tar TAR_ENTRY_ERROR ENOENT: no such file or directory, open '/home/kavia/workspace/code-generation/tictacplus-persistent-fullstack-tic-tac-toe-61826-a614edb6/tic_tac_toe_frontend/node_modules/core-js-pure/internals/create-property-descriptor.js'
npm warn tar TAR_ENTRY_ERROR ENOENT: no such file or directory, open '/home/kavia/workspace/code-generation/tictacplus-persistent-fullstack-tic-tac-toe-61826-a614edb6/tic_tac_toe_frontend/node_modules/core-js-pure/internals/create-property.js'
npm warn tar TAR_ENTRY_ERROR ENOENT: no such file or directory, open '/home/kavia/workspace/code-generation/tictacplus-persistent-fullstack-tic-tac-toe-61826-a614edb6/tic_tac_toe_frontend/node_modules/jsdom/lib/jsdom/living/attributes/NamedNodeMap-impl.js'
npm warn tar TAR_ENTRY_ERROR ENOENT: no such file or directory, open '/home/kavia/workspace/code-generation/tictacplus-persistent-fullstack-tic-tac-toe-61826-a614edb6/tic_tac_toe_frontend/node_modules/core-js/proposals/data-view-get-set-uint8-clamped.js'
npm warn tar TAR_ENTRY_ERROR ENOENT: no such file or directory, open '/home/kavia/workspace/code-generation/tictacplus-persistent-fullstack-tic-tac-toe-61826-a614edb6/tic_tac_toe_frontend/node_modules/core-js/internals/date-to-iso-string.js'
npm warn tar TAR_ENTRY_ERROR ENOENT: no such file or directory, open '/home/kavia/workspace/code-generation/tictacplus-persistent-fullstack-tic-tac-toe-61826-a614edb6/tic_tac_toe_frontend/node_modules/caniuse-lite/dist/unpacker/index.js'
npm warn tar TAR_ENTRY_ERROR ENOENT: no such file or directory, open '/home/kavia/workspace/code-generation/tictacplus-persistent-fullstack-tic-tac-toe-61826-a614edb6/tic_tac_toe_frontend/node_modules/core-js-pure/proposals/data-view-get-set-uint8-clamped.js'
npm warn tar TAR_ENTRY_ERROR ENOENT: no such file or directory, open '/home/kavia/workspace/code-generation/tictacplus-persistent-fullstack-tic-tac-toe-61826-a614edb6/tic_tac_toe_frontend/node_modules/core-js/internals/date-to-primitive.js'
npm warn tar TAR_ENTRY_ERROR ENOENT: no such file or directory, open '/home/kavia/workspace/code-generation/tictacplus-persistent-fullstack-tic-tac-toe-61826-a614edb6/tic_tac_toe_frontend/node_modules/jsdom/lib/jsdom/living/helpers/namespaces.js'
npm warn tar TAR_ENTRY_ERROR ENOENT: no such file or directory, open '/home/kavia/workspace/code-generation/tictacplus-persistent-fullstack-tic-tac-toe-61826-a614edb6/tic_tac_toe_frontend/node_modules/core-js-pure/internals/date-to-iso-string.js'
npm warn tar TAR_ENTRY_ERROR ENOENT: no such file or directory, open '/home/kavia/workspace/code-generation/tictacplus-persistent-fullstack-tic-tac-toe-61826-a614edb6/tic_tac_toe_frontend/node_modules/core-js/proposals/decorator-metadata-v2.js'
npm warn tar TAR_ENTRY_ERROR ENOENT: no such file or directory, open '/home/kavia/workspace/code-generation/tictacplus-persistent-fullstack-tic-tac-toe-61826-a614edb6/tic_tac_toe_frontend/node_modules/jsdom/lib/jsdom/living/window/navigation.js'
npm warn tar TAR_ENTRY_ERROR ENOENT: no such file or directory, open '/home/kavia/workspace/code-generation/tictacplus-persistent-fullstack-tic-tac-toe-61826-a614edb6/tic_tac_toe_frontend/node_modules/core-js-pure/internals/date-to-primitive.js'
npm warn tar TAR_ENTRY_ERROR ENOENT: no such file or directory, open '/home/kavia/workspace/code-generation/tictacplus-persistent-fullstack-tic-tac-toe-61826-a614edb6/tic_tac_toe_frontend/node_modules/core-js/proposals/decorator-metadata.js'
npm warn tar TAR_ENTRY_ERROR ENOENT: no such file or directory, open '/home/kavia/workspace/code-generation/tictacplus-persistent-fullstack-tic-tac-toe-61826-a614edb6/tic_tac_toe_frontend/node_modules/core-js-pure/proposals/decorator-metadata-v2.js'
npm warn tar TAR_ENTRY_ERROR ENOENT: no such file or directory, open '/home/kavia/workspace/code-generation/tictacplus-persistent-fullstack-tic-tac-toe-61826-a614edb6/tic_tac_toe_frontend/node_modules/core-js/proposals/decorators.js'
npm warn tar TAR_ENTRY_ERROR ENOENT: no such file or directory, open '/home/kavia/workspace/code-generation/tictacplus-persistent-fullstack-tic-tac-toe-61826-a614edb6/tic_tac_toe_frontend/node_modules/core-js-pure/proposals/decorator-metadata.js'
npm warn tar TAR_ENTRY_ERROR ENOENT: no such file or directory, open '/home/kavia/workspace/code-generation/tictacplus-persistent-fullstack-tic-tac-toe-61826-a614edb6/tic_tac_toe_frontend/node_modules/core-js-pure/proposals/decorators.js'
npm warn tar TAR_ENTRY_ERROR ENOENT: no such file or directory, open '/home/kavia/workspace/code-generation/tictacplus-persistent-fullstack-tic-tac-toe-61826-a614edb6/tic_tac_toe_frontend/node_modules/core-js/internals/define-built-in-accessor.js'
npm warn tar TAR_ENTRY_ERROR ENOENT: no such file or directory, open '/home/kavia/workspace/code-generation/tictacplus-persistent-fullstack-tic-tac-toe-61826-a614edb6/tic_tac_toe_frontend/node_modules/core-js/internals/define-built-in.js'
npm warn tar TAR_ENTRY_ERROR ENOENT: no such file or directory, open '/home/kavia/workspace/code-generation/tictacplus-persistent-fullstack-tic-tac-toe-61826-a614edb6/tic_tac_toe_frontend/node_modules/core-js-pure/internals/define-built-in-accessor.js'
npm warn tar TAR_ENTRY_ERROR ENOENT: no such file or directory, open '/home/kavia/workspace/code-generation/tictacplus-persistent-fullstack-tic-tac-toe-61826-a614edb6/tic_tac_toe_frontend/node_modules/core-js/internals/define-built-ins.js'
npm warn tar TAR_ENTRY_ERROR ENOENT: no such file or directory, open '/home/kavia/workspace/code-generation/tictacplus-persistent-fullstack-tic-tac-toe-61826-a614edb6/tic_tac_toe_frontend/node_modules/core-js-pure/internals/define-built-in.js'
npm warn tar TAR_ENTRY_ERROR ENOENT: no such file or directory, open '/home/kavia/workspace/code-generation/tictacplus-persistent-fullstack-tic-tac-toe-61826-a614edb6/tic_tac_toe_frontend/node_modules/@typescript-eslint/eslint-plugin/dist/configs/recommended-requiring-type-checking.js.map'
npm warn tar TAR_ENTRY_ERROR ENOENT: no such file or directory, open '/home/kavia/workspace/code-generation/tictacplus-persistent-fullstack-tic-tac-toe-61826-a614edb6/tic_tac_toe_frontend/node_modules/core-js-pure/internals/define-built-ins.js'
npm warn tar TAR_ENTRY_ERROR ENOENT: no such file or directory, open '/home/kavia/workspace/code-generation/tictacplus-persistent-fullstack-tic-tac-toe-61826-a614edb6/tic_tac_toe_frontend/node_modules/@typescript-eslint/eslint-plugin/dist/configs/recommended.js.map'
npm warn tar TAR_ENTRY_ERROR ENOENT: no such file or directory, open '/home/kavia/workspace/code-generation/tictacplus-persistent-fullstack-tic-tac-toe-61826-a614edb6/tic_tac_toe_frontend/node_modules/jsdom/lib/jsdom/browser/resources/no-op-resource-loader.js'
npm warn tar TAR_ENTRY_ERROR ENOENT: no such file or directory, open '/home/kavia/workspace/code-generation/tictacplus-persistent-fullstack-tic-tac-toe-61826-a614edb6/tic_tac_toe_frontend/node_modules/core-js/internals/define-global-property.js'
npm warn tar TAR_ENTRY_ERROR ENOENT: no such file or directory, open '/home/kavia/workspace/code-generation/tictacplus-persistent-fullstack-tic-tac-toe-61826-a614edb6/tic_tac_toe_frontend/node_modules/jsdom/lib/jsdom/living/nodes/Node-impl.js'
npm warn tar TAR_ENTRY_ERROR ENOENT: no such file or directory, open '/home/kavia/workspace/code-generation/tictacplus-persistent-fullstack-tic-tac-toe-61826-a614edb6/tic_tac_toe_frontend/node_modules/core-js-pure/internals/define-global-property.js'
npm warn tar TAR_ENTRY_ERROR ENOENT: no such file or directory, open '/home/kavia/workspace/code-generation/tictacplus-persistent-fullstack-tic-tac-toe-61826-a614edb6/tic_tac_toe_frontend/node_modules/jsdom/lib/jsdom/living/helpers/node.js'
npm warn tar TAR_ENTRY_ERROR ENOENT: no such file or directory, open '/home/kavia/workspace/code-generation/tictacplus-persistent-fullstack-tic-tac-toe-61826-a614edb6/tic_tac_toe_frontend/node_modules/jsdom/lib/jsdom/living/nodes/NodeList-impl.js'
npm warn tar TAR_ENTRY_ERROR ENOENT: no such file or directory, open '/home/kavia/workspace/code-generation/tictacplus-persistent-fullstack-tic-tac-toe-61826-a614edb6/tic_tac_toe_frontend/node_modules/jsdom/lib/jsdom/living/nodes/NonDocumentTypeChildNode-impl.js'
npm warn tar TAR_ENTRY_ERROR ENOENT: no such file or directory, open '/home/kavia/workspace/code-generation/tictacplus-persistent-fullstack-tic-tac-toe-61826-a614edb6/tic_tac_toe_frontend/node_modules/@typescript-eslint/eslint-plugin/dist/configs/strict.js.map'
npm warn tar TAR_ENTRY_ERROR ENOENT: no such file or directory, open '/home/kavia/workspace/code-generation/tictacplus-persistent-fullstack-tic-tac-toe-61826-a614edb6/tic_tac_toe_frontend/node_modules/jsdom/lib/jsdom/living/nodes/NonElementParentNode-impl.js'
npm warn tar TAR_ENTRY_ERROR ENOENT: no such file or directory, open '/home/kavia/workspace/code-generation/tictacplus-persistent-fullstack-tic-tac-toe-61826-a614edb6/tic_tac_toe_frontend/node_modules/jsdom/lib/jsdom/living/helpers/number-and-date-inputs.js'
npm warn tar TAR_ENTRY_ERROR ENOENT: no such file or directory, open '/home/kavia/workspace/code-generation/tictacplus-persistent-fullstack-tic-tac-toe-61826-a614edb6/tic_tac_toe_frontend/node_modules/core-js/features/math/deg-per-rad.js'
npm warn tar TAR_ENTRY_ERROR ENOENT: no such file or directory, open '/home/kavia/workspace/code-generation/tictacplus-persistent-fullstack-tic-tac-toe-61826-a614edb6/tic_tac_toe_frontend/node_modules/@typescript-eslint/scope-manager/dist/referencer/ExportVisitor.d.ts'
npm warn tar TAR_ENTRY_ERROR ENOENT: no such file or directory, open '/home/kavia/workspace/code-generation/tictacplus-persistent-fullstack-tic-tac-toe-61826-a614edb6/tic_tac_toe_frontend/node_modules/core-js/full/math/deg-per-rad.js'
npm warn tar TAR_ENTRY_ERROR ENOENT: no such file or directory, open '/home/kavia/workspace/code-generation/tictacplus-persistent-fullstack-tic-tac-toe-61826-a614edb6/tic_tac_toe_frontend/node_modules/@typescript-eslint/scope-manager/dist/scope/ForScope.d.ts'
npm warn tar TAR_ENTRY_ERROR ENOENT: no such file or directory, open '/home/kavia/workspace/code-generation/tictacplus-persistent-fullstack-tic-tac-toe-61826-a614edb6/tic_tac_toe_frontend/node_modules/core-js-pure/features/math/deg-per-rad.js'
npm warn tar TAR_ENTRY_ERROR ENOENT: no such file or directory, open '/home/kavia/workspace/code-generation/tictacplus-persistent-fullstack-tic-tac-toe-61826-a614edb6/tic_tac_toe_frontend/node_modules/core-js/features/math/degrees.js'
npm warn tar TAR_ENTRY_ERROR ENOENT: no such file or directory, open '/home/kavia/workspace/code-generation/tictacplus-persistent-fullstack-tic-tac-toe-61826-a614edb6/tic_tac_toe_frontend/node_modules/jsdom/lib/jsdom/living/helpers/ordered-set.js'
npm warn tar TAR_ENTRY_ERROR ENOENT: no such file or directory, open '/home/kavia/workspace/code-generation/tictacplus-persistent-fullstack-tic-tac-toe-61826-a614edb6/tic_tac_toe_frontend/node_modules/@typescript-eslint/scope-manager/dist/scope/FunctionExpressionNameScope.d.ts'
npm warn tar TAR_ENTRY_ERROR ENOENT: no such file or directory, open '/home/kavia/workspace/code-generation/tictacplus-persistent-fullstack-tic-tac-toe-61826-a614edb6/tic_tac_toe_frontend/node_modules/core-js-pure/full/math/deg-per-rad.js'
npm warn tar TAR_ENTRY_ERROR ENOENT: no such file or directory, open '/home/kavia/workspace/code-generation/tictacplus-persistent-fullstack-tic-tac-toe-61826-a614edb6/tic_tac_toe_frontend/node_modules/core-js/full/math/degrees.js'
npm warn tar TAR_ENTRY_ERROR ENOENT: no such file or directory, open '/home/kavia/workspace/code-generation/tictacplus-persistent-fullstack-tic-tac-toe-61826-a614edb6/tic_tac_toe_frontend/node_modules/@typescript-eslint/scope-manager/dist/definition/FunctionNameDefinition.d.ts'
npm warn tar TAR_ENTRY_ERROR ENOENT: no such file or directory, open '/home/kavia/workspace/code-generation/tictacplus-persistent-fullstack-tic-tac-toe-61826-a614edb6/tic_tac_toe_frontend/node_modules/core-js-pure/features/math/degrees.js'
npm warn tar TAR_ENTRY_ERROR ENOENT: no such file or directory, open '/home/kavia/workspace/code-generation/tictacplus-persistent-fullstack-tic-tac-toe-61826-a614edb6/tic_tac_toe_frontend/node_modules/@typescript-eslint/scope-manager/dist/scope/FunctionScope.d.ts'
npm warn tar TAR_ENTRY_ERROR ENOENT: no such file or directory, open '/home/kavia/workspace/code-generation/tictacplus-persistent-fullstack-tic-tac-toe-61826-a614edb6/tic_tac_toe_frontend/node_modules/core-js-pure/full/math/degrees.js'
npm warn tar TAR_ENTRY_ERROR ENOENT: no such file or directory, open '/home/kavia/workspace/code-generation/tictacplus-persistent-fullstack-tic-tac-toe-61826-a614edb6/tic_tac_toe_frontend/node_modules/@typescript-eslint/scope-manager/dist/scope/FunctionTypeScope.d.ts'
npm warn tar TAR_ENTRY_ERROR ENOENT: no such file or directory, open '/home/kavia/workspace/code-generation/tictacplus-persistent-fullstack-tic-tac-toe-61826-a614edb6/tic_tac_toe_frontend/node_modules/core-js/features/set/delete-all.js'
npm warn tar TAR_ENTRY_ERROR ENOENT: no such file or directory, open '/home/kavia/workspace/code-generation/tictacplus-persistent-fullstack-tic-tac-toe-61826-a614edb6/tic_tac_toe_frontend/node_modules/jsdom/lib/jsdom/living/nodes/ParentNode-impl.js'
npm warn tar TAR_ENTRY_ERROR ENOENT: no such file or directory, open '/home/kavia/workspace/code-generation/tictacplus-persistent-fullstack-tic-tac-toe-61826-a614edb6/tic_tac_toe_frontend/node_modules/@typescript-eslint/scope-manager/dist/scope/GlobalScope.d.ts'
npm warn tar TAR_ENTRY_ERROR ENOENT: no such file or directory, open '/home/kavia/workspace/code-generation/tictacplus-persistent-fullstack-tic-tac-toe-61826-a614edb6/tic_tac_toe_frontend/node_modules/core-js-pure/features/set/delete-all.js'
npm warn tar TAR_ENTRY_ERROR ENOENT: no such file or directory, open '/home/kavia/workspace/code-generation/tictacplus-persistent-fullstack-tic-tac-toe-61826-a614edb6/tic_tac_toe_frontend/node_modules/jsdom/lib/jsdom/browser/resources/per-document-resource-loader.js'
npm warn tar TAR_ENTRY_ERROR ENOENT: no such file or directory, open '/home/kavia/workspace/code-generation/tictacplus-persistent-fullstack-tic-tac-toe-61826-a614edb6/tic_tac_toe_frontend/node_modules/@typescript-eslint/scope-manager/dist/definition/ImplicitGlobalVariableDefinition.d.ts'
npm warn tar TAR_ENTRY_ERROR ENOENT: no such file or directory, open '/home/kavia/workspace/code-generation/tictacplus-persistent-fullstack-tic-tac-toe-61826-a614edb6/tic_tac_toe_frontend/node_modules/@typescript-eslint/scope-manager/dist/definition/ImportBindingDefinition.d.ts'
npm warn tar TAR_ENTRY_ERROR ENOENT: no such file or directory, open '/home/kavia/workspace/code-generation/tictacplus-persistent-fullstack-tic-tac-toe-61826-a614edb6/tic_tac_toe_frontend/node_modules/@typescript-eslint/scope-manager/dist/referencer/ImportVisitor.d.ts'
npm warn tar TAR_ENTRY_ERROR ENOENT: no such file or directory, open '/home/kavia/workspace/code-generation/tictacplus-persistent-fullstack-tic-tac-toe-61826-a614edb6/tic_tac_toe_frontend/node_modules/@typescript-eslint/scope-manager/dist/definition/index.d.ts'
npm warn tar TAR_ENTRY_ERROR ENOENT: no such file or directory, open '/home/kavia/workspace/code-generation/tictacplus-persistent-fullstack-tic-tac-toe-61826-a614edb6/tic_tac_toe_frontend/node_modules/@typescript-eslint/scope-manager/dist/referencer/index.d.ts'
npm warn tar TAR_ENTRY_ERROR ENOENT: no such file or directory, open '/home/kavia/workspace/code-generation/tictacplus-persistent-fullstack-tic-tac-toe-61826-a614edb6/tic_tac_toe_frontend/node_modules/core-js/internals/delete-property-or-throw.js'
npm warn tar TAR_ENTRY_ERROR ENOENT: no such file or directory, open '/home/kavia/workspace/code-generation/tictacplus-persistent-fullstack-tic-tac-toe-61826-a614edb6/tic_tac_toe_frontend/node_modules/@typescript-eslint/scope-manager/dist/scope/index.d.ts'
npm warn tar TAR_ENTRY_ERROR ENOENT: no such file or directory, open '/home/kavia/workspace/code-generation/tictacplus-persistent-fullstack-tic-tac-toe-61826-a614edb6/tic_tac_toe_frontend/node_modules/core-js-pure/internals/delete-property-or-throw.js'
npm warn tar TAR_ENTRY_ERROR ENOENT: no such file or directory, open '/home/kavia/workspace/code-generation/tictacplus-persistent-fullstack-tic-tac-toe-61826-a614edb6/tic_tac_toe_frontend/node_modules/@typescript-eslint/scope-manager/dist/scope/MappedTypeScope.d.ts'
npm warn tar TAR_ENTRY_ERROR ENOENT: no such file or directory, open '/home/kavia/workspace/code-generation/tictacplus-persistent-fullstack-tic-tac-toe-61826-a614edb6/tic_tac_toe_frontend/node_modules/@typescript-eslint/scope-manager/dist/scope/ModuleScope.d.ts'
npm warn tar TAR_ENTRY_ERROR ENOENT: no such file or directory, open '/home/kavia/workspace/code-generation/tictacplus-persistent-fullstack-tic-tac-toe-61826-a614edb6/tic_tac_toe_frontend/node_modules/@typescript-eslint/scope-manager/dist/definition/ParameterDefinition.d.ts'
npm warn tar TAR_ENTRY_ERROR ENOENT: no such file or directory, open '/home/kavia/workspace/code-generation/tictacplus-persistent-fullstack-tic-tac-toe-61826-a614edb6/tic_tac_toe_frontend/node_modules/jsdom/lib/jsdom/living/nodes/ProcessingInstruction-impl.js'
npm warn tar TAR_ENTRY_ERROR ENOENT: no such file or directory, open '/home/kavia/workspace/code-generation/tictacplus-persistent-fullstack-tic-tac-toe-61826-a614edb6/tic_tac_toe_frontend/node_modules/@typescript-eslint/scope-manager/dist/referencer/PatternVisitor.d.ts'
npm warn tar TAR_ENTRY_ERROR ENOENT: no such file or directory, open '/home/kavia/workspace/code-generation/tictacplus-persistent-fullstack-tic-tac-toe-61826-a614edb6/tic_tac_toe_frontend/node_modules/@typescript-eslint/scope-manager/dist/referencer/Reference.d.ts'
npm warn tar TAR_ENTRY_ERROR ENOENT: no such file or directory, open '/home/kavia/workspace/code-generation/tictacplus-persistent-fullstack-tic-tac-toe-61826-a614edb6/tic_tac_toe_frontend/node_modules/@typescript-eslint/scope-manager/dist/referencer/Referencer.d.ts'
npm warn tar TAR_ENTRY_ERROR ENOENT: no such file or directory, open '/home/kavia/workspace/code-generation/tictacplus-persistent-fullstack-tic-tac-toe-61826-a614edb6/tic_tac_toe_frontend/node_modules/@typescript-eslint/scope-manager/dist/scope/Scope.d.ts'
npm warn tar TAR_ENTRY_ERROR ENOENT: no such file or directory, open '/home/kavia/workspace/code-generation/tictacplus-persistent-fullstack-tic-tac-toe-61826-a614edb6/tic_tac_toe_frontend/node_modules/@typescript-eslint/scope-manager/dist/scope/ScopeBase.d.ts'
npm warn tar TAR_ENTRY_ERROR ENOENT: no such file or directory, open '/home/kavia/workspace/code-generation/tictacplus-persistent-fullstack-tic-tac-toe-61826-a614edb6/tic_tac_toe_frontend/node_modules/jsdom/lib/jsdom/living/range/Range-impl.js'
npm warn tar TAR_ENTRY_ERROR ENOENT: no such file or directory, open '/home/kavia/workspace/code-generation/tictacplus-persistent-fullstack-tic-tac-toe-61826-a614edb6/tic_tac_toe_frontend/node_modules/@typescript-eslint/scope-manager/dist/scope/ScopeType.d.ts'
npm warn tar TAR_ENTRY_ERROR ENOENT: no such file or directory, open '/home/kavia/workspace/code-generation/tictacplus-persistent-fullstack-tic-tac-toe-61826-a614edb6/tic_tac_toe_frontend/node_modules/@typescript-eslint/scope-manager/dist/scope/SwitchScope.d.ts'
npm warn tar TAR_ENTRY_ERROR ENOENT: no such file or directory, open '/home/kavia/workspace/code-generation/tictacplus-persistent-fullstack-tic-tac-toe-61826-a614edb6/tic_tac_toe_frontend/node_modules/jsdom/lib/jsdom/living/helpers/svg/render.js'
npm warn tar TAR_ENTRY_ERROR ENOENT: no such file or directory, open '/home/kavia/workspace/code-generation/tictacplus-persistent-fullstack-tic-tac-toe-61826-a614edb6/tic_tac_toe_frontend/node_modules/@typescript-eslint/scope-manager/dist/definition/TSEnumMemberDefinition.d.ts'
npm warn tar TAR_ENTRY_ERROR ENOENT: no such file or directory, open '/home/kavia/workspace/code-generation/tictacplus-persistent-fullstack-tic-tac-toe-61826-a614edb6/tic_tac_toe_frontend/node_modules/core-js/internals/descriptors.js'
npm warn tar TAR_ENTRY_ERROR ENOENT: no such file or directory, open '/home/kavia/workspace/code-generation/tictacplus-persistent-fullstack-tic-tac-toe-61826-a614edb6/tic_tac_toe_frontend/node_modules/jsdom/lib/jsdom/browser/resources/request-manager.js'
npm warn tar TAR_ENTRY_ERROR ENOENT: no such file or directory, open '/home/kavia/workspace/code-generation/tictacplus-persistent-fullstack-tic-tac-toe-61826-a614edb6/tic_tac_toe_frontend/node_modules/@typescript-eslint/scope-manager/dist/definition/TSEnumNameDefinition.d.ts'
npm warn tar TAR_ENTRY_ERROR ENOENT: no such file or directory, open '/home/kavia/workspace/code-generation/tictacplus-persistent-fullstack-tic-tac-toe-61826-a614edb6/tic_tac_toe_frontend/node_modules/core-js/internals/detach-transferable.js'
npm warn tar TAR_ENTRY_ERROR ENOENT: no such file or directory, open '/home/kavia/workspace/code-generation/tictacplus-persistent-fullstack-tic-tac-toe-61826-a614edb6/tic_tac_toe_frontend/node_modules/jsdom/lib/jsdom/browser/resources/resource-loader.js'
npm warn tar TAR_ENTRY_ERROR ENOENT: no such file or directory, open '/home/kavia/workspace/code-generation/tictacplus-persistent-fullstack-tic-tac-toe-61826-a614edb6/tic_tac_toe_frontend/node_modules/@typescript-eslint/scope-manager/dist/scope/TSEnumScope.d.ts'
npm warn tar TAR_ENTRY_ERROR ENOENT: no such file or directory, open '/home/kavia/workspace/code-generation/tictacplus-persistent-fullstack-tic-tac-toe-61826-a614edb6/tic_tac_toe_frontend/node_modules/core-js-pure/internals/descriptors.js'
npm warn tar TAR_ENTRY_ERROR ENOENT: no such file or directory, open '/home/kavia/workspace/code-generation/tictacplus-persistent-fullstack-tic-tac-toe-61826-a614edb6/tic_tac_toe_frontend/node_modules/jsdom/lib/jsdom/browser/resources/resource-queue.js'
npm warn tar TAR_ENTRY_ERROR ENOENT: no such file or directory, open '/home/kavia/workspace/code-generation/tictacplus-persistent-fullstack-tic-tac-toe-61826-a614edb6/tic_tac_toe_frontend/node_modules/@typescript-eslint/scope-manager/dist/definition/TSModuleNameDefinition.d.ts'
npm warn tar TAR_ENTRY_ERROR ENOENT: no such file or directory, open '/home/kavia/workspace/code-generation/tictacplus-persistent-fullstack-tic-tac-toe-61826-a614edb6/tic_tac_toe_frontend/node_modules/core-js-pure/internals/detach-transferable.js'
npm warn tar TAR_ENTRY_ERROR ENOENT: no such file or directory, open '/home/kavia/workspace/code-generation/tictacplus-persistent-fullstack-tic-tac-toe-61826-a614edb6/tic_tac_toe_frontend/node_modules/jsdom/lib/jsdom/living/helpers/runtime-script-errors.js'
npm warn tar TAR_ENTRY_ERROR ENOENT: no such file or directory, open '/home/kavia/workspace/code-generation/tictacplus-persistent-fullstack-tic-tac-toe-61826-a614edb6/tic_tac_toe_frontend/node_modules/@typescript-eslint/scope-manager/dist/scope/TSModuleScope.d.ts'
npm warn tar TAR_ENTRY_ERROR ENOENT: no such file or directory, open '/home/kavia/workspace/code-generation/tictacplus-persistent-fullstack-tic-tac-toe-61826-a614edb6/tic_tac_toe_frontend/node_modules/jsdom/lib/jsdom/living/window/Screen-impl.js'
npm warn tar TAR_ENTRY_ERROR ENOENT: no such file or directory, open '/home/kavia/workspace/code-generation/tictacplus-persistent-fullstack-tic-tac-toe-61826-a614edb6/tic_tac_toe_frontend/node_modules/@typescript-eslint/scope-manager/dist/definition/TypeDefinition.d.ts'
npm warn tar TAR_ENTRY_ERROR ENOENT: no such file or directory, open '/home/kavia/workspace/code-generation/tictacplus-persistent-fullstack-tic-tac-toe-61826-a614edb6/tic_tac_toe_frontend/node_modules/@typescript-eslint/scope-manager/dist/scope/TypeScope.d.ts'
npm warn tar TAR_ENTRY_ERROR ENOENT: no such file or directory, open '/home/kavia/workspace/code-generation/tictacplus-persistent-fullstack-tic-tac-toe-61826-a614edb6/tic_tac_toe_frontend/node_modules/@typescript-eslint/scope-manager/dist/referencer/TypeVisitor.d.ts'
npm warn tar TAR_ENTRY_ERROR ENOENT: no such file or directory, open '/home/kavia/workspace/code-generation/tictacplus-persistent-fullstack-tic-tac-toe-61826-a614edb6/tic_tac_toe_frontend/node_modules/@typescript-eslint/scope-manager/dist/definition/VariableDefinition.d.ts'
npm warn tar TAR_ENTRY_ERROR ENOENT: no such file or directory, open '/home/kavia/workspace/code-generation/tictacplus-persistent-fullstack-tic-tac-toe-61826-a614edb6/tic_tac_toe_frontend/node_modules/@typescript-eslint/scope-manager/dist/referencer/Visitor.d.ts'
npm warn tar TAR_ENTRY_ERROR ENOENT: no such file or directory, open '/home/kavia/workspace/code-generation/tictacplus-persistent-fullstack-tic-tac-toe-61826-a614edb6/tic_tac_toe_frontend/node_modules/core-js/features/set/difference.js'
npm warn tar TAR_ENTRY_ERROR ENOENT: no such file or directory, open '/home/kavia/workspace/code-generation/tictacplus-persistent-fullstack-tic-tac-toe-61826-a614edb6/tic_tac_toe_frontend/node_modules/@typescript-eslint/scope-manager/dist/referencer/VisitorBase.d.ts'
npm warn tar TAR_ENTRY_ERROR ENOENT: no such file or directory, open '/home/kavia/workspace/code-generation/tictacplus-persistent-fullstack-tic-tac-toe-61826-a614edb6/tic_tac_toe_frontend/node_modules/core-js-pure/features/set/difference.js'
npm warn tar TAR_ENTRY_ERROR ENOENT: no such file or directory, open '/home/kavia/workspace/code-generation/tictacplus-persistent-fullstack-tic-tac-toe-61826-a614edb6/tic_tac_toe_frontend/node_modules/@typescript-eslint/scope-manager/dist/scope/WithScope.d.ts'
npm warn tar TAR_ENTRY_ERROR ENOENT: no such file or directory, open '/home/kavia/workspace/code-generation/tictacplus-persistent-fullstack-tic-tac-toe-61826-a614edb6/tic_tac_toe_frontend/node_modules/jsdom/lib/jsdom/living/helpers/selectors.js'
npm warn tar TAR_ENTRY_ERROR ENOENT: no such file or directory, open '/home/kavia/workspace/code-generation/tictacplus-persistent-fullstack-tic-tac-toe-61826-a614edb6/tic_tac_toe_frontend/node_modules/core-js/internals/document-create-element.js'
npm warn tar TAR_ENTRY_ERROR ENOENT: no such file or directory, open '/home/kavia/workspace/code-generation/tictacplus-persistent-fullstack-tic-tac-toe-61826-a614edb6/tic_tac_toe_frontend/node_modules/core-js/internals/does-not-exceed-safe-integer.js'
npm warn tar TAR_ENTRY_ERROR ENOENT: no such file or directory, open '/home/kavia/workspace/code-generation/tictacplus-persistent-fullstack-tic-tac-toe-61826-a614edb6/tic_tac_toe_frontend/node_modules/jsdom/lib/jsdom/living/window/SessionHistory.js'
npm warn tar TAR_ENTRY_ERROR ENOENT: no such file or directory, open '/home/kavia/workspace/code-generation/tictacplus-persistent-fullstack-tic-tac-toe-61826-a614edb6/tic_tac_toe_frontend/node_modules/core-js-pure/internals/document-create-element.js'
npm warn tar TAR_ENTRY_ERROR ENOENT: no such file or directory, open '/home/kavia/workspace/code-generation/tictacplus-persistent-fullstack-tic-tac-toe-61826-a614edb6/tic_tac_toe_frontend/node_modules/core-js-pure/internals/does-not-exceed-safe-integer.js'
npm warn tar TAR_ENTRY_ERROR ENOENT: no such file or directory, open '/home/kavia/workspace/code-generation/tictacplus-persistent-fullstack-tic-tac-toe-61826-a614edb6/tic_tac_toe_frontend/node_modules/jsdom/lib/jsdom/living/helpers/shadow-dom.js'
npm warn tar TAR_ENTRY_ERROR ENOENT: no such file or directory, open '/home/kavia/workspace/code-generation/tictacplus-persistent-fullstack-tic-tac-toe-61826-a614edb6/tic_tac_toe_frontend/node_modules/core-js/internals/dom-exception-constants.js'
npm warn tar TAR_ENTRY_ERROR ENOENT: no such file or directory, open '/home/kavia/workspace/code-generation/tictacplus-persistent-fullstack-tic-tac-toe-61826-a614edb6/tic_tac_toe_frontend/node_modules/jsdom/lib/jsdom/living/nodes/ShadowRoot-impl.js'
npm warn tar TAR_ENTRY_ERROR ENOENT: no such file or directory, open '/home/kavia/workspace/code-generation/tictacplus-persistent-fullstack-tic-tac-toe-61826-a614edb6/tic_tac_toe_frontend/node_modules/core-js-pure/internals/dom-exception-constants.js'
npm warn tar TAR_ENTRY_ERROR ENOENT: no such file or directory, open '/home/kavia/workspace/code-generation/tictacplus-persistent-fullstack-tic-tac-toe-61826-a614edb6/tic_tac_toe_frontend/node_modules/core-js/internals/dom-iterables.js'
npm warn tar TAR_ENTRY_ERROR ENOENT: no such file or directory, open '/home/kavia/workspace/code-generation/tictacplus-persistent-fullstack-tic-tac-toe-61826-a614edb6/tic_tac_toe_frontend/node_modules/core-js/internals/dom-token-list-prototype.js'
npm warn tar TAR_ENTRY_ERROR ENOENT: no such file or directory, open '/home/kavia/workspace/code-generation/tictacplus-persistent-fullstack-tic-tac-toe-61826-a614edb6/tic_tac_toe_frontend/node_modules/core-js-pure/internals/dom-iterables.js'
npm warn tar TAR_ENTRY_ERROR ENOENT: no such file or directory, open '/home/kavia/workspace/code-generation/tictacplus-persistent-fullstack-tic-tac-toe-61826-a614edb6/tic_tac_toe_frontend/node_modules/core-js-pure/internals/dom-token-list-prototype.js'
npm warn tar TAR_ENTRY_ERROR ENOENT: no such file or directory, open '/home/kavia/workspace/code-generation/tictacplus-persistent-fullstack-tic-tac-toe-61826-a614edb6/tic_tac_toe_frontend/node_modules/jsdom/lib/jsdom/living/nodes/Slotable-impl.js'
npm warn tar TAR_ENTRY_ERROR ENOENT: no such file or directory, open '/home/kavia/workspace/code-generation/tictacplus-persistent-fullstack-tic-tac-toe-61826-a614edb6/tic_tac_toe_frontend/node_modules/jsdom/lib/jsdom/living/range/StaticRange-impl.js'
npm warn tar TAR_ENTRY_ERROR ENOENT: no such file or directory, open '/home/kavia/workspace/code-generation/tictacplus-persistent-fullstack-tic-tac-toe-61826-a614edb6/tic_tac_toe_frontend/node_modules/core-js/proposals/efficient-64-bit-arithmetic.js'
npm warn tar TAR_ENTRY_ERROR ENOENT: no such file or directory, open '/home/kavia/workspace/code-generation/tictacplus-persistent-fullstack-tic-tac-toe-61826-a614edb6/tic_tac_toe_frontend/node_modules/jsdom/lib/jsdom/living/helpers/strings.js'
npm warn tar TAR_ENTRY_ERROR ENOENT: no such file or directory, open '/home/kavia/workspace/code-generation/tictacplus-persistent-fullstack-tic-tac-toe-61826-a614edb6/tic_tac_toe_frontend/node_modules/core-js-pure/proposals/efficient-64-bit-arithmetic.js'
npm warn tar TAR_ENTRY_ERROR ENOENT: no such file or directory, open '/home/kavia/workspace/code-generation/tictacplus-persistent-fullstack-tic-tac-toe-61826-a614edb6/tic_tac_toe_frontend/node_modules/jsdom/lib/jsdom/living/helpers/style-rules.js'
npm warn tar TAR_ENTRY_ERROR ENOENT: no such file or directory, open '/home/kavia/workspace/code-generation/tictacplus-persistent-fullstack-tic-tac-toe-61826-a614edb6/tic_tac_toe_frontend/node_modules/jsdom/lib/jsdom/living/helpers/stylesheets.js'
npm warn tar TAR_ENTRY_ERROR ENOENT: no such file or directory, open '/home/kavia/workspace/code-generation/tictacplus-persistent-fullstack-tic-tac-toe-61826-a614edb6/tic_tac_toe_frontend/node_modules/jsdom/lib/jsdom/living/nodes/SVGElement-impl.js'
npm warn tar TAR_ENTRY_ERROR ENOENT: no such file or directory, open '/home/kavia/workspace/code-generation/tictacplus-persistent-fullstack-tic-tac-toe-61826-a614edb6/tic_tac_toe_frontend/node_modules/jsdom/lib/jsdom/living/nodes/SVGGraphicsElement-impl.js'
npm warn tar TAR_ENTRY_ERROR ENOENT: no such file or directory, open '/home/kavia/workspace/code-generation/tictacplus-persistent-fullstack-tic-tac-toe-61826-a614edb6/tic_tac_toe_frontend/node_modules/jsdom/lib/jsdom/living/nodes/SVGSVGElement-impl.js'
npm warn tar TAR_ENTRY_ERROR ENOENT: no such file or directory, open '/home/kavia/workspace/code-generation/tictacplus-persistent-fullstack-tic-tac-toe-61826-a614edb6/tic_tac_toe_frontend/node_modules/jsdom/lib/jsdom/living/nodes/SVGTests-impl.js'
npm warn tar TAR_ENTRY_ERROR ENOENT: no such file or directory, open '/home/kavia/workspace/code-generation/tictacplus-persistent-fullstack-tic-tac-toe-61826-a614edb6/tic_tac_toe_frontend/node_modules/jsdom/lib/jsdom/living/nodes/SVGTitleElement-impl.js'
npm warn tar TAR_ENTRY_ERROR ENOENT: no such file or directory, open '/home/kavia/workspace/code-generation/tictacplus-persistent-fullstack-tic-tac-toe-61826-a614edb6/tic_tac_toe_frontend/node_modules/jsdom/lib/jsdom/living/nodes/Text-impl.js'
npm warn tar TAR_ENTRY_ERROR ENOENT: no such file or directory, open '/home/kavia/workspace/code-generation/tictacplus-persistent-fullstack-tic-tac-toe-61826-a614edb6/tic_tac_toe_frontend/node_modules/core-js/internals/entry-unbind.js'
npm warn tar TAR_ENTRY_ERROR ENOENT: no such file or directory, open '/home/kavia/workspace/code-generation/tictacplus-persistent-fullstack-tic-tac-toe-61826-a614edb6/tic_tac_toe_frontend/node_modules/jsdom/lib/jsdom/living/helpers/text.js'
npm warn tar TAR_ENTRY_ERROR ENOENT: no such file or directory, open '/home/kavia/workspace/code-generation/tictacplus-persistent-fullstack-tic-tac-toe-61826-a614edb6/tic_tac_toe_frontend/node_modules/core-js/internals/entry-virtual.js'
npm warn tar TAR_ENTRY_ERROR ENOENT: no such file or directory, open '/home/kavia/workspace/code-generation/tictacplus-persistent-fullstack-tic-tac-toe-61826-a614edb6/tic_tac_toe_frontend/node_modules/core-js-pure/internals/entry-unbind.js'
npm warn tar TAR_ENTRY_ERROR ENOENT: no such file or directory, open '/home/kavia/workspace/code-generation/tictacplus-persistent-fullstack-tic-tac-toe-61826-a614edb6/tic_tac_toe_frontend/node_modules/core-js/internals/enum-bug-keys.js'
npm warn tar TAR_ENTRY_ERROR ENOENT: no such file or directory, open '/home/kavia/workspace/code-generation/tictacplus-persistent-fullstack-tic-tac-toe-61826-a614edb6/tic_tac_toe_frontend/node_modules/core-js-pure/internals/entry-virtual.js'
npm warn tar TAR_ENTRY_ERROR ENOENT: no such file or directory, open '/home/kavia/workspace/code-generation/tictacplus-persistent-fullstack-tic-tac-toe-61826-a614edb6/tic_tac_toe_frontend/node_modules/core-js/internals/environment-ff-version.js'
npm warn tar TAR_ENTRY_ERROR ENOENT: no such file or directory, open '/home/kavia/workspace/code-generation/tictacplus-persistent-fullstack-tic-tac-toe-61826-a614edb6/tic_tac_toe_frontend/node_modules/core-js-pure/internals/enum-bug-keys.js'
npm warn tar TAR_ENTRY_ERROR ENOENT: no such file or directory, open '/home/kavia/workspace/code-generation/tictacplus-persistent-fullstack-tic-tac-toe-61826-a614edb6/tic_tac_toe_frontend/node_modules/core-js/internals/environment-is-ie-or-edge.js'
npm warn tar TAR_ENTRY_ERROR ENOENT: no such file or directory, open '/home/kavia/workspace/code-generation/tictacplus-persistent-fullstack-tic-tac-toe-61826-a614edb6/tic_tac_toe_frontend/node_modules/core-js-pure/internals/environment-ff-version.js'
npm warn tar TAR_ENTRY_ERROR ENOENT: no such file or directory, open '/home/kavia/workspace/code-generation/tictacplus-persistent-fullstack-tic-tac-toe-61826-a614edb6/tic_tac_toe_frontend/node_modules/core-js/internals/environment-is-ios-pebble.js'
npm warn tar TAR_ENTRY_ERROR ENOENT: no such file or directory, open '/home/kavia/workspace/code-generation/tictacplus-persistent-fullstack-tic-tac-toe-61826-a614edb6/tic_tac_toe_frontend/node_modules/jsdom/lib/jsdom/living/helpers/traversal.js'
npm warn tar TAR_ENTRY_ERROR ENOENT: no such file or directory, open '/home/kavia/workspace/code-generation/tictacplus-persistent-fullstack-tic-tac-toe-61826-a614edb6/tic_tac_toe_frontend/node_modules/core-js-pure/internals/environment-is-ie-or-edge.js'
npm warn tar TAR_ENTRY_ERROR ENOENT: no such file or directory, open '/home/kavia/workspace/code-generation/tictacplus-persistent-fullstack-tic-tac-toe-61826-a614edb6/tic_tac_toe_frontend/node_modules/core-js/internals/environment-is-ios.js'
npm warn tar TAR_ENTRY_ERROR ENOENT: no such file or directory, open '/home/kavia/workspace/code-generation/tictacplus-persistent-fullstack-tic-tac-toe-61826-a614edb6/tic_tac_toe_frontend/node_modules/core-js-pure/internals/environment-is-ios-pebble.js'
npm warn tar TAR_ENTRY_ERROR ENOENT: no such file or directory, open '/home/kavia/workspace/code-generation/tictacplus-persistent-fullstack-tic-tac-toe-61826-a614edb6/tic_tac_toe_frontend/node_modules/core-js/internals/environment-is-node.js'
npm warn tar TAR_ENTRY_ERROR ENOENT: no such file or directory, open '/home/kavia/workspace/code-generation/tictacplus-persistent-fullstack-tic-tac-toe-61826-a614edb6/tic_tac_toe_frontend/node_modules/core-js-pure/internals/environment-is-ios.js'
npm warn tar TAR_ENTRY_ERROR ENOENT: no such file or directory, open '/home/kavia/workspace/code-generation/tictacplus-persistent-fullstack-tic-tac-toe-61826-a614edb6/tic_tac_toe_frontend/node_modules/core-js/internals/environment-is-webos-webkit.js'
npm warn tar TAR_ENTRY_ERROR ENOENT: no such file or directory, open '/home/kavia/workspace/code-generation/tictacplus-persistent-fullstack-tic-tac-toe-61826-a614edb6/tic_tac_toe_frontend/node_modules/core-js-pure/internals/environment-is-node.js'
npm warn tar TAR_ENTRY_ERROR ENOENT: no such file or directory, open '/home/kavia/workspace/code-generation/tictacplus-persistent-fullstack-tic-tac-toe-61826-a614edb6/tic_tac_toe_frontend/node_modules/core-js/internals/environment-user-agent.js'
npm warn tar TAR_ENTRY_ERROR ENOENT: no such file or directory, open '/home/kavia/workspace/code-generation/tictacplus-persistent-fullstack-tic-tac-toe-61826-a614edb6/tic_tac_toe_frontend/node_modules/core-js-pure/internals/environment-is-webos-webkit.js'
npm warn tar TAR_ENTRY_ERROR ENOENT: no such file or directory, open '/home/kavia/workspace/code-generation/tictacplus-persistent-fullstack-tic-tac-toe-61826-a614edb6/tic_tac_toe_frontend/node_modules/core-js/internals/environment-v8-version.js'
npm warn tar TAR_ENTRY_ERROR ENOENT: no such file or directory, open '/home/kavia/workspace/code-generation/tictacplus-persistent-fullstack-tic-tac-toe-61826-a614edb6/tic_tac_toe_frontend/node_modules/core-js-pure/internals/environment-user-agent.js'
npm warn tar TAR_ENTRY_ERROR ENOENT: no such file or directory, open '/home/kavia/workspace/code-generation/tictacplus-persistent-fullstack-tic-tac-toe-61826-a614edb6/tic_tac_toe_frontend/node_modules/core-js/internals/environment-webkit-version.js'
npm warn tar TAR_ENTRY_ERROR ENOENT: no such file or directory, open '/home/kavia/workspace/code-generation/tictacplus-persistent-fullstack-tic-tac-toe-61826-a614edb6/tic_tac_toe_frontend/node_modules/core-js-pure/internals/environment-v8-version.js'
npm warn tar TAR_ENTRY_ERROR ENOENT: no such file or directory, open '/home/kavia/workspace/code-generation/tictacplus-persistent-fullstack-tic-tac-toe-61826-a614edb6/tic_tac_toe_frontend/node_modules/core-js/internals/environment.js'
npm warn tar TAR_ENTRY_ERROR ENOENT: no such file or directory, open '/home/kavia/workspace/code-generation/tictacplus-persistent-fullstack-tic-tac-toe-61826-a614edb6/tic_tac_toe_frontend/node_modules/core-js-pure/internals/environment-webkit-version.js'
npm warn tar TAR_ENTRY_ERROR ENOENT: no such file or directory, open '/home/kavia/workspace/code-generation/tictacplus-persistent-fullstack-tic-tac-toe-61826-a614edb6/tic_tac_toe_frontend/node_modules/core-js-pure/internals/environment.js'
npm warn tar TAR_ENTRY_ERROR ENOENT: no such file or directory, open '/home/kavia/workspace/code-generation/tictacplus-persistent-fullstack-tic-tac-toe-61826-a614edb6/tic_tac_toe_frontend/node_modules/jsdom/lib/jsdom/living/helpers/validate-names.js'
npm warn tar TAR_ENTRY_ERROR ENOENT: no such file or directory, open '/home/kavia/workspace/code-generation/tictacplus-persistent-fullstack-tic-tac-toe-61826-a614edb6/tic_tac_toe_frontend/node_modules/core-js/proposals/error-cause.js'
npm warn tar TAR_ENTRY_ERROR ENOENT: no such file or directory, open '/home/kavia/workspace/code-generation/tictacplus-persistent-fullstack-tic-tac-toe-61826-a614edb6/tic_tac_toe_frontend/node_modules/core-js/internals/error-stack-clear.js'
npm warn tar TAR_ENTRY_ERROR ENOENT: no such file or directory, open '/home/kavia/workspace/code-generation/tictacplus-persistent-fullstack-tic-tac-toe-61826-a614edb6/tic_tac_toe_frontend/node_modules/core-js-pure/proposals/error-cause.js'
npm warn tar TAR_ENTRY_ERROR ENOENT: no such file or directory, open '/home/kavia/workspace/code-generation/tictacplus-persistent-fullstack-tic-tac-toe-61826-a614edb6/tic_tac_toe_frontend/node_modules/core-js/internals/error-stack-install.js'
npm warn tar TAR_ENTRY_ERROR ENOENT: no such file or directory, open '/home/kavia/workspace/code-generation/tictacplus-persistent-fullstack-tic-tac-toe-61826-a614edb6/tic_tac_toe_frontend/node_modules/core-js-pure/internals/error-stack-clear.js'
npm warn tar TAR_ENTRY_ERROR ENOENT: no such file or directory, open '/home/kavia/workspace/code-generation/tictacplus-persistent-fullstack-tic-tac-toe-61826-a614edb6/tic_tac_toe_frontend/node_modules/core-js/internals/error-stack-installable.js'
npm warn tar TAR_ENTRY_ERROR ENOENT: no such file or directory, open '/home/kavia/workspace/code-generation/tictacplus-persistent-fullstack-tic-tac-toe-61826-a614edb6/tic_tac_toe_frontend/node_modules/core-js-pure/internals/error-stack-install.js'
npm warn tar TAR_ENTRY_ERROR ENOENT: no such file or directory, open '/home/kavia/workspace/code-generation/tictacplus-persistent-fullstack-tic-tac-toe-61826-a614edb6/tic_tac_toe_frontend/node_modules/core-js/internals/error-to-string.js'
npm warn tar TAR_ENTRY_ERROR ENOENT: no such file or directory, open '/home/kavia/workspace/code-generation/tictacplus-persistent-fullstack-tic-tac-toe-61826-a614edb6/tic_tac_toe_frontend/node_modules/core-js-pure/internals/error-stack-installable.js'
npm warn tar TAR_ENTRY_ERROR ENOENT: no such file or directory, open '/home/kavia/workspace/code-generation/tictacplus-persistent-fullstack-tic-tac-toe-61826-a614edb6/tic_tac_toe_frontend/node_modules/core-js-pure/internals/error-to-string.js'
npm warn tar TAR_ENTRY_ERROR ENOENT: no such file or directory, open '/home/kavia/workspace/code-generation/tictacplus-persistent-fullstack-tic-tac-toe-61826-a614edb6/tic_tac_toe_frontend/node_modules/jsdom/lib/jsdom/living/nodes/WindowEventHandlers-impl.js'
npm warn tar TAR_ENTRY_ERROR ENOENT: no such file or directory, open '/home/kavia/workspace/code-generation/tictacplus-persistent-fullstack-tic-tac-toe-61826-a614edb6/tic_tac_toe_frontend/node_modules/jsdom/lib/jsdom/living/nodes/XMLDocument-impl.js'
npm warn deprecated eslint@8.57.1: This version is no longer supported. Please see https://eslint.org/version-support for other options.
npm warn tar TAR_ENTRY_ERROR ENOENT: no such file or directory, open '/home/kavia/workspace/code-generation/tictacplus-persistent-fullstack-tic-tac-toe-61826-a614edb6/tic_tac_toe_frontend/node_modules/caniuse-lite/dist/unpacker/region.js'
npm warn tar TAR_ENTRY_ERROR ENOENT: no such file or directory, open '/home/kavia/workspace/code-generation/tictacplus-persistent-fullstack-tic-tac-toe-61826-a614edb6/tic_tac_toe_frontend/node_modules/core-js-pure/features/set/every.js'
npm warn tar TAR_ENTRY_ERROR ENOENT: no such file or directory, open '/home/kavia/workspace/code-generation/tictacplus-persistent-fullstack-tic-tac-toe-61826-a614edb6/tic_tac_toe_frontend/node_modules/core-js/features/set/every.js'
npm warn tar TAR_ENTRY_ERROR ENOENT: no such file or directory, open '/home/kavia/workspace/code-generation/tictacplus-persistent-fullstack-tic-tac-toe-61826-a614edb6/tic_tac_toe_frontend/node_modules/core-js-pure/proposals/explicit-resource-management.js'
npm warn tar TAR_ENTRY_ERROR ENOENT: no such file or directory, open '/home/kavia/workspace/code-generation/tictacplus-persistent-fullstack-tic-tac-toe-61826-a614edb6/tic_tac_toe_frontend/node_modules/core-js-pure/actual/math/expm1.js'
npm warn tar TAR_ENTRY_ERROR ENOENT: no such file or directory, open '/home/kavia/workspace/code-generation/tictacplus-persistent-fullstack-tic-tac-toe-61826-a614edb6/tic_tac_toe_frontend/node_modules/core-js-pure/es/math/expm1.js'
npm warn tar TAR_ENTRY_ERROR ENOENT: no such file or directory, open '/home/kavia/workspace/code-generation/tictacplus-persistent-fullstack-tic-tac-toe-61826-a614edb6/tic_tac_toe_frontend/node_modules/core-js-pure/features/math/expm1.js'
npm warn tar TAR_ENTRY_ERROR ENOENT: no such file or directory, open '/home/kavia/workspace/code-generation/tictacplus-persistent-fullstack-tic-tac-toe-61826-a614edb6/tic_tac_toe_frontend/node_modules/core-js-pure/full/math/expm1.js'
npm warn tar TAR_ENTRY_ERROR ENOENT: no such file or directory, open '/home/kavia/workspace/code-generation/tictacplus-persistent-fullstack-tic-tac-toe-61826-a614edb6/tic_tac_toe_frontend/node_modules/core-js-pure/stable/math/expm1.js'
npm warn tar TAR_ENTRY_ERROR ENOENT: no such file or directory, open '/home/kavia/workspace/code-generation/tictacplus-persistent-fullstack-tic-tac-toe-61826-a614edb6/tic_tac_toe_frontend/node_modules/core-js-pure/internals/export.js'
npm warn tar TAR_ENTRY_ERROR ENOENT: no such file or directory, open '/home/kavia/workspace/code-generation/tictacplus-persistent-fullstack-tic-tac-toe-61826-a614edb6/tic_tac_toe_frontend/node_modules/core-js-pure/proposals/extractors.js'
npm warn tar TAR_ENTRY_ERROR ENOENT: no such file or directory, open '/home/kavia/workspace/code-generation/tictacplus-persistent-fullstack-tic-tac-toe-61826-a614edb6/tic_tac_toe_frontend/node_modules/core-js-pure/actual/math/f16round.js'
npm warn tar TAR_ENTRY_ERROR ENOENT: no such file or directory, open '/home/kavia/workspace/code-generation/tictacplus-persistent-fullstack-tic-tac-toe-61826-a614edb6/tic_tac_toe_frontend/node_modules/core-js-pure/features/math/f16round.js'
npm warn tar TAR_ENTRY_ERROR ENOENT: no such file or directory, open '/home/kavia/workspace/code-generation/tictacplus-persistent-fullstack-tic-tac-toe-61826-a614edb6/tic_tac_toe_frontend/node_modules/core-js-pure/full/math/f16round.js'
npm warn tar TAR_ENTRY_ERROR ENOENT: no such file or directory, open '/home/kavia/workspace/code-generation/tictacplus-persistent-fullstack-tic-tac-toe-61826-a614edb6/tic_tac_toe_frontend/node_modules/core-js-pure/internals/fails.js'
npm warn tar TAR_ENTRY_ERROR ENOENT: no such file or directory, open '/home/kavia/workspace/code-generation/tictacplus-persistent-fullstack-tic-tac-toe-61826-a614edb6/tic_tac_toe_frontend/node_modules/core-js/proposals/explicit-resource-management.js'
npm warn tar TAR_ENTRY_ERROR ENOENT: no such file or directory, open '/home/kavia/workspace/code-generation/tictacplus-persistent-fullstack-tic-tac-toe-61826-a614edb6/tic_tac_toe_frontend/node_modules/core-js/actual/math/expm1.js'
npm warn tar TAR_ENTRY_ERROR ENOENT: no such file or directory, open '/home/kavia/workspace/code-generation/tictacplus-persistent-fullstack-tic-tac-toe-61826-a614edb6/tic_tac_toe_frontend/node_modules/core-js/es/math/expm1.js'
npm warn tar TAR_ENTRY_ERROR ENOENT: no such file or directory, open '/home/kavia/workspace/code-generation/tictacplus-persistent-fullstack-tic-tac-toe-61826-a614edb6/tic_tac_toe_frontend/node_modules/core-js/features/math/expm1.js'
npm warn tar TAR_ENTRY_ERROR ENOENT: no such file or directory, open '/home/kavia/workspace/code-generation/tictacplus-persistent-fullstack-tic-tac-toe-61826-a614edb6/tic_tac_toe_frontend/node_modules/core-js/full/math/expm1.js'
npm warn tar TAR_ENTRY_ERROR ENOENT: no such file or directory, open '/home/kavia/workspace/code-generation/tictacplus-persistent-fullstack-tic-tac-toe-61826-a614edb6/tic_tac_toe_frontend/node_modules/core-js/stable/math/expm1.js'
npm warn tar TAR_ENTRY_ERROR ENOENT: no such file or directory, open '/home/kavia/workspace/code-generation/tictacplus-persistent-fullstack-tic-tac-toe-61826-a614edb6/tic_tac_toe_frontend/node_modules/core-js/internals/export.js'
npm warn tar TAR_ENTRY_ERROR ENOENT: no such file or directory, open '/home/kavia/workspace/code-generation/tictacplus-persistent-fullstack-tic-tac-toe-61826-a614edb6/tic_tac_toe_frontend/node_modules/core-js/proposals/extractors.js'
npm warn tar TAR_ENTRY_ERROR ENOENT: no such file or directory, open '/home/kavia/workspace/code-generation/tictacplus-persistent-fullstack-tic-tac-toe-61826-a614edb6/tic_tac_toe_frontend/node_modules/core-js/actual/math/f16round.js'
npm warn tar TAR_ENTRY_ERROR ENOENT: no such file or directory, open '/home/kavia/workspace/code-generation/tictacplus-persistent-fullstack-tic-tac-toe-61826-a614edb6/tic_tac_toe_frontend/node_modules/core-js/features/math/f16round.js'
npm warn tar TAR_ENTRY_ERROR ENOENT: no such file or directory, open '/home/kavia/workspace/code-generation/tictacplus-persistent-fullstack-tic-tac-toe-61826-a614edb6/tic_tac_toe_frontend/node_modules/core-js/full/math/f16round.js'
npm warn tar TAR_ENTRY_ERROR ENOENT: no such file or directory, open '/home/kavia/workspace/code-generation/tictacplus-persistent-fullstack-tic-tac-toe-61826-a614edb6/tic_tac_toe_frontend/node_modules/core-js/internals/fails.js'
npm warn tar TAR_ENTRY_ERROR ENOENT: no such file or directory, open '/home/kavia/workspace/code-generation/tictacplus-persistent-fullstack-tic-tac-toe-61826-a614edb6/tic_tac_toe_frontend/node_modules/core-js-pure/features/set/filter.js'
npm warn tar TAR_ENTRY_ERROR ENOENT: no such file or directory, open '/home/kavia/workspace/code-generation/tictacplus-persistent-fullstack-tic-tac-toe-61826-a614edb6/tic_tac_toe_frontend/node_modules/core-js/features/set/filter.js'
npm warn tar TAR_ENTRY_ERROR ENOENT: no such file or directory, open '/home/kavia/workspace/code-generation/tictacplus-persistent-fullstack-tic-tac-toe-61826-a614edb6/tic_tac_toe_frontend/node_modules/core-js-pure/features/set/find.js'
npm warn tar TAR_ENTRY_ERROR ENOENT: no such file or directory, open '/home/kavia/workspace/code-generation/tictacplus-persistent-fullstack-tic-tac-toe-61826-a614edb6/tic_tac_toe_frontend/node_modules/core-js/features/set/find.js'
npm warn tar TAR_ENTRY_ERROR ENOENT: no such file or directory, open '/home/kavia/workspace/code-generation/tictacplus-persistent-fullstack-tic-tac-toe-61826-a614edb6/tic_tac_toe_frontend/node_modules/core-js-pure/internals/fix-regexp-well-known-symbol-logic.js'
npm warn tar TAR_ENTRY_ERROR ENOENT: no such file or directory, open '/home/kavia/workspace/code-generation/tictacplus-persistent-fullstack-tic-tac-toe-61826-a614edb6/tic_tac_toe_frontend/node_modules/core-js/internals/fix-regexp-well-known-symbol-logic.js'
npm warn tar TAR_ENTRY_ERROR ENOENT: no such file or directory, open '/home/kavia/workspace/code-generation/tictacplus-persistent-fullstack-tic-tac-toe-61826-a614edb6/tic_tac_toe_frontend/node_modules/core-js/es/regexp/flags.js'
npm warn tar TAR_ENTRY_ERROR ENOENT: no such file or directory, open '/home/kavia/workspace/code-generation/tictacplus-persistent-fullstack-tic-tac-toe-61826-a614edb6/tic_tac_toe_frontend/node_modules/core-js/features/regexp/flags.js'
npm warn tar TAR_ENTRY_ERROR ENOENT: no such file or directory, open '/home/kavia/workspace/code-generation/tictacplus-persistent-fullstack-tic-tac-toe-61826-a614edb6/tic_tac_toe_frontend/node_modules/core-js/full/regexp/flags.js'
npm warn tar TAR_ENTRY_ERROR ENOENT: no such file or directory, open '/home/kavia/workspace/code-generation/tictacplus-persistent-fullstack-tic-tac-toe-61826-a614edb6/tic_tac_toe_frontend/node_modules/core-js/stable/regexp/flags.js'
npm warn tar TAR_ENTRY_ERROR ENOENT: no such file or directory, open '/home/kavia/workspace/code-generation/tictacplus-persistent-fullstack-tic-tac-toe-61826-a614edb6/tic_tac_toe_frontend/node_modules/es-abstract/2020/BigInt/remainder.js'
npm warn tar TAR_ENTRY_ERROR ENOENT: no such file or directory, open '/home/kavia/workspace/code-generation/tictacplus-persistent-fullstack-tic-tac-toe-61826-a614edb6/tic_tac_toe_frontend/node_modules/es-abstract/2020/Number/remainder.js'
npm warn tar TAR_ENTRY_ERROR ENOENT: no such file or directory, open '/home/kavia/workspace/code-generation/tictacplus-persistent-fullstack-tic-tac-toe-61826-a614edb6/tic_tac_toe_frontend/node_modules/core-js-pure/internals/flatten-into-array.js'
npm warn tar TAR_ENTRY_ERROR ENOENT: no such file or directory, open '/home/kavia/workspace/code-generation/tictacplus-persistent-fullstack-tic-tac-toe-61826-a614edb6/tic_tac_toe_frontend/node_modules/es-abstract/2021/BigInt/remainder.js'
npm warn tar TAR_ENTRY_ERROR ENOENT: no such file or directory, open '/home/kavia/workspace/code-generation/tictacplus-persistent-fullstack-tic-tac-toe-61826-a614edb6/tic_tac_toe_frontend/node_modules/core-js-pure/proposals/float16.js'
npm warn tar TAR_ENTRY_ERROR ENOENT: no such file or directory, open '/home/kavia/workspace/code-generation/tictacplus-persistent-fullstack-tic-tac-toe-61826-a614edb6/tic_tac_toe_frontend/node_modules/es-abstract/2021/Number/remainder.js'
npm warn tar TAR_ENTRY_ERROR ENOENT: no such file or directory, open '/home/kavia/workspace/code-generation/tictacplus-persistent-fullstack-tic-tac-toe-61826-a614edb6/tic_tac_toe_frontend/node_modules/es-abstract/2022/BigInt/remainder.js'
npm warn tar TAR_ENTRY_ERROR ENOENT: no such file or directory, open '/home/kavia/workspace/code-generation/tictacplus-persistent-fullstack-tic-tac-toe-61826-a614edb6/tic_tac_toe_frontend/node_modules/es-abstract/2022/Number/remainder.js'
npm warn tar TAR_ENTRY_ERROR ENOENT: no such file or directory, open '/home/kavia/workspace/code-generation/tictacplus-persistent-fullstack-tic-tac-toe-61826-a614edb6/tic_tac_toe_frontend/node_modules/es-abstract/2023/BigInt/remainder.js'
npm warn tar TAR_ENTRY_ERROR ENOENT: no such file or directory, open '/home/kavia/workspace/code-generation/tictacplus-persistent-fullstack-tic-tac-toe-61826-a614edb6/tic_tac_toe_frontend/node_modules/es-abstract/2023/Number/remainder.js'
npm warn tar TAR_ENTRY_ERROR ENOENT: no such file or directory, open '/home/kavia/workspace/code-generation/tictacplus-persistent-fullstack-tic-tac-toe-61826-a614edb6/tic_tac_toe_frontend/node_modules/es-abstract/2024/BigInt/remainder.js'
npm warn tar TAR_ENTRY_ERROR ENOENT: no such file or directory, open '/home/kavia/workspace/code-generation/tictacplus-persistent-fullstack-tic-tac-toe-61826-a614edb6/tic_tac_toe_frontend/node_modules/es-abstract/2024/Number/remainder.js'
npm warn tar TAR_ENTRY_ERROR ENOENT: no such file or directory, open '/home/kavia/workspace/code-generation/tictacplus-persistent-fullstack-tic-tac-toe-61826-a614edb6/tic_tac_toe_frontend/node_modules/core-js/internals/flatten-into-array.js'
npm warn tar TAR_ENTRY_ERROR ENOENT: no such file or directory, open '/home/kavia/workspace/code-generation/tictacplus-persistent-fullstack-tic-tac-toe-61826-a614edb6/tic_tac_toe_frontend/node_modules/core-js/proposals/float16.js'
npm warn tar TAR_ENTRY_ERROR ENOENT: no such file or directory, open '/home/kavia/workspace/code-generation/tictacplus-persistent-fullstack-tic-tac-toe-61826-a614edb6/tic_tac_toe_frontend/node_modules/es-abstract/2020/BigInt/sameValue.js'
npm warn tar TAR_ENTRY_ERROR ENOENT: no such file or directory, open '/home/kavia/workspace/code-generation/tictacplus-persistent-fullstack-tic-tac-toe-61826-a614edb6/tic_tac_toe_frontend/node_modules/es-abstract/2020/Number/sameValue.js'
npm warn tar TAR_ENTRY_ERROR ENOENT: no such file or directory, open '/home/kavia/workspace/code-generation/tictacplus-persistent-fullstack-tic-tac-toe-61826-a614edb6/tic_tac_toe_frontend/node_modules/es-abstract/2021/BigInt/sameValue.js'
npm warn tar TAR_ENTRY_ERROR ENOENT: no such file or directory, open '/home/kavia/workspace/code-generation/tictacplus-persistent-fullstack-tic-tac-toe-61826-a614edb6/tic_tac_toe_frontend/node_modules/es-abstract/2021/Number/sameValue.js'
npm warn tar TAR_ENTRY_ERROR ENOENT: no such file or directory, open '/home/kavia/workspace/code-generation/tictacplus-persistent-fullstack-tic-tac-toe-61826-a614edb6/tic_tac_toe_frontend/node_modules/es-abstract/2022/BigInt/sameValue.js'
npm warn tar TAR_ENTRY_ERROR ENOENT: no such file or directory, open '/home/kavia/workspace/code-generation/tictacplus-persistent-fullstack-tic-tac-toe-61826-a614edb6/tic_tac_toe_frontend/node_modules/es-abstract/2022/Number/sameValue.js'
npm warn tar TAR_ENTRY_ERROR ENOENT: no such file or directory, open '/home/kavia/workspace/code-generation/tictacplus-persistent-fullstack-tic-tac-toe-61826-a614edb6/tic_tac_toe_frontend/node_modules/es-abstract/2023/Number/sameValue.js'
npm warn tar TAR_ENTRY_ERROR ENOENT: no such file or directory, open '/home/kavia/workspace/code-generation/tictacplus-persistent-fullstack-tic-tac-toe-61826-a614edb6/tic_tac_toe_frontend/node_modules/es-abstract/2024/Number/sameValue.js'
npm warn tar TAR_ENTRY_ERROR ENOENT: no such file or directory, open '/home/kavia/workspace/code-generation/tictacplus-persistent-fullstack-tic-tac-toe-61826-a614edb6/tic_tac_toe_frontend/node_modules/es-abstract/2020/BigInt/sameValueZero.js'
npm warn tar TAR_ENTRY_ERROR ENOENT: no such file or directory, open '/home/kavia/workspace/code-generation/tictacplus-persistent-fullstack-tic-tac-toe-61826-a614edb6/tic_tac_toe_frontend/node_modules/es-abstract/2020/Number/sameValueZero.js'
npm warn tar TAR_ENTRY_ERROR ENOENT: no such file or directory, open '/home/kavia/workspace/code-generation/tictacplus-persistent-fullstack-tic-tac-toe-61826-a614edb6/tic_tac_toe_frontend/node_modules/es-abstract/2021/BigInt/sameValueZero.js'
npm warn tar TAR_ENTRY_ERROR ENOENT: no such file or directory, open '/home/kavia/workspace/code-generation/tictacplus-persistent-fullstack-tic-tac-toe-61826-a614edb6/tic_tac_toe_frontend/node_modules/es-abstract/2021/Number/sameValueZero.js'
npm warn tar TAR_ENTRY_ERROR ENOENT: no such file or directory, open '/home/kavia/workspace/code-generation/tictacplus-persistent-fullstack-tic-tac-toe-61826-a614edb6/tic_tac_toe_frontend/node_modules/es-abstract/2022/BigInt/sameValueZero.js'
npm warn tar TAR_ENTRY_ERROR ENOENT: no such file or directory, open '/home/kavia/workspace/code-generation/tictacplus-persistent-fullstack-tic-tac-toe-61826-a614edb6/tic_tac_toe_frontend/node_modules/es-abstract/2022/Number/sameValueZero.js'
npm warn tar TAR_ENTRY_ERROR ENOENT: no such file or directory, open '/home/kavia/workspace/code-generation/tictacplus-persistent-fullstack-tic-tac-toe-61826-a614edb6/tic_tac_toe_frontend/node_modules/es-abstract/2023/Number/sameValueZero.js'
npm warn tar TAR_ENTRY_ERROR ENOENT: no such file or directory, open '/home/kavia/workspace/code-generation/tictacplus-persistent-fullstack-tic-tac-toe-61826-a614edb6/tic_tac_toe_frontend/node_modules/es-abstract/2024/Number/sameValueZero.js'
npm warn tar TAR_ENTRY_ERROR ENOENT: no such file or directory, open '/home/kavia/workspace/code-generation/tictacplus-persistent-fullstack-tic-tac-toe-61826-a614edb6/tic_tac_toe_frontend/node_modules/core-js-pure/actual/symbol/for.js'
npm warn tar TAR_ENTRY_ERROR ENOENT: no such file or directory, open '/home/kavia/workspace/code-generation/tictacplus-persistent-fullstack-tic-tac-toe-61826-a614edb6/tic_tac_toe_frontend/node_modules/core-js-pure/es/symbol/for.js'
npm warn tar TAR_ENTRY_ERROR ENOENT: no such file or directory, open '/home/kavia/workspace/code-generation/tictacplus-persistent-fullstack-tic-tac-toe-61826-a614edb6/tic_tac_toe_frontend/node_modules/core-js-pure/features/symbol/for.js'
npm warn tar TAR_ENTRY_ERROR ENOENT: no such file or directory, open '/home/kavia/workspace/code-generation/tictacplus-persistent-fullstack-tic-tac-toe-61826-a614edb6/tic_tac_toe_frontend/node_modules/core-js-pure/full/symbol/for.js'
npm warn tar TAR_ENTRY_ERROR ENOENT: no such file or directory, open '/home/kavia/workspace/code-generation/tictacplus-persistent-fullstack-tic-tac-toe-61826-a614edb6/tic_tac_toe_frontend/node_modules/core-js-pure/stable/symbol/for.js'
npm warn tar TAR_ENTRY_ERROR ENOENT: no such file or directory, open '/home/kavia/workspace/code-generation/tictacplus-persistent-fullstack-tic-tac-toe-61826-a614edb6/tic_tac_toe_frontend/node_modules/core-js-pure/actual/object/freeze.js'
npm warn tar TAR_ENTRY_ERROR ENOENT: no such file or directory, open '/home/kavia/workspace/code-generation/tictacplus-persistent-fullstack-tic-tac-toe-61826-a614edb6/tic_tac_toe_frontend/node_modules/core-js-pure/es/object/freeze.js'
npm warn tar TAR_ENTRY_ERROR ENOENT: no such file or directory, open '/home/kavia/workspace/code-generation/tictacplus-persistent-fullstack-tic-tac-toe-61826-a614edb6/tic_tac_toe_frontend/node_modules/core-js-pure/features/object/freeze.js'
npm warn tar TAR_ENTRY_ERROR ENOENT: no such file or directory, open '/home/kavia/workspace/code-generation/tictacplus-persistent-fullstack-tic-tac-toe-61826-a614edb6/tic_tac_toe_frontend/node_modules/core-js-pure/full/object/freeze.js'
npm warn tar TAR_ENTRY_ERROR ENOENT: no such file or directory, open '/home/kavia/workspace/code-generation/tictacplus-persistent-fullstack-tic-tac-toe-61826-a614edb6/tic_tac_toe_frontend/node_modules/core-js-pure/stable/object/freeze.js'
npm warn tar TAR_ENTRY_ERROR ENOENT: no such file or directory, open '/home/kavia/workspace/code-generation/tictacplus-persistent-fullstack-tic-tac-toe-61826-a614edb6/tic_tac_toe_frontend/node_modules/core-js-pure/internals/freezing.js'
npm warn tar TAR_ENTRY_ERROR ENOENT: no such file or directory, open '/home/kavia/workspace/code-generation/tictacplus-persistent-fullstack-tic-tac-toe-61826-a614edb6/tic_tac_toe_frontend/node_modules/core-js/actual/symbol/for.js'
npm warn tar TAR_ENTRY_ERROR ENOENT: no such file or directory, open '/home/kavia/workspace/code-generation/tictacplus-persistent-fullstack-tic-tac-toe-61826-a614edb6/tic_tac_toe_frontend/node_modules/core-js/es/symbol/for.js'
npm warn tar TAR_ENTRY_ERROR ENOENT: no such file or directory, open '/home/kavia/workspace/code-generation/tictacplus-persistent-fullstack-tic-tac-toe-61826-a614edb6/tic_tac_toe_frontend/node_modules/core-js/features/symbol/for.js'
npm warn tar TAR_ENTRY_ERROR ENOENT: no such file or directory, open '/home/kavia/workspace/code-generation/tictacplus-persistent-fullstack-tic-tac-toe-61826-a614edb6/tic_tac_toe_frontend/node_modules/core-js/full/symbol/for.js'
npm warn tar TAR_ENTRY_ERROR ENOENT: no such file or directory, open '/home/kavia/workspace/code-generation/tictacplus-persistent-fullstack-tic-tac-toe-61826-a614edb6/tic_tac_toe_frontend/node_modules/core-js/stable/symbol/for.js'
npm warn tar TAR_ENTRY_ERROR ENOENT: no such file or directory, open '/home/kavia/workspace/code-generation/tictacplus-persistent-fullstack-tic-tac-toe-61826-a614edb6/tic_tac_toe_frontend/node_modules/core-js/actual/object/freeze.js'
npm warn tar TAR_ENTRY_ERROR ENOENT: no such file or directory, open '/home/kavia/workspace/code-generation/tictacplus-persistent-fullstack-tic-tac-toe-61826-a614edb6/tic_tac_toe_frontend/node_modules/core-js/es/object/freeze.js'
npm warn tar TAR_ENTRY_ERROR ENOENT: no such file or directory, open '/home/kavia/workspace/code-generation/tictacplus-persistent-fullstack-tic-tac-toe-61826-a614edb6/tic_tac_toe_frontend/node_modules/core-js/features/object/freeze.js'
npm warn tar TAR_ENTRY_ERROR ENOENT: no such file or directory, open '/home/kavia/workspace/code-generation/tictacplus-persistent-fullstack-tic-tac-toe-61826-a614edb6/tic_tac_toe_frontend/node_modules/core-js/full/object/freeze.js'
npm warn tar TAR_ENTRY_ERROR ENOENT: no such file or directory, open '/home/kavia/workspace/code-generation/tictacplus-persistent-fullstack-tic-tac-toe-61826-a614edb6/tic_tac_toe_frontend/node_modules/core-js/stable/object/freeze.js'
npm warn tar TAR_ENTRY_ERROR ENOENT: no such file or directory, open '/home/kavia/workspace/code-generation/tictacplus-persistent-fullstack-tic-tac-toe-61826-a614edb6/tic_tac_toe_frontend/node_modules/core-js-pure/actual/object/from-entries.js'
npm warn tar TAR_ENTRY_ERROR ENOENT: no such file or directory, open '/home/kavia/workspace/code-generation/tictacplus-persistent-fullstack-tic-tac-toe-61826-a614edb6/tic_tac_toe_frontend/node_modules/core-js/internals/freezing.js'
npm warn tar TAR_ENTRY_ERROR ENOENT: no such file or directory, open '/home/kavia/workspace/code-generation/tictacplus-persistent-fullstack-tic-tac-toe-61826-a614edb6/tic_tac_toe_frontend/node_modules/core-js-pure/es/object/from-entries.js'
npm warn tar TAR_ENTRY_ERROR ENOENT: no such file or directory, open '/home/kavia/workspace/code-generation/tictacplus-persistent-fullstack-tic-tac-toe-61826-a614edb6/tic_tac_toe_frontend/node_modules/core-js-pure/features/object/from-entries.js'
npm warn tar TAR_ENTRY_ERROR ENOENT: no such file or directory, open '/home/kavia/workspace/code-generation/tictacplus-persistent-fullstack-tic-tac-toe-61826-a614edb6/tic_tac_toe_frontend/node_modules/core-js-pure/full/object/from-entries.js'
npm warn tar TAR_ENTRY_ERROR ENOENT: no such file or directory, open '/home/kavia/workspace/code-generation/tictacplus-persistent-fullstack-tic-tac-toe-61826-a614edb6/tic_tac_toe_frontend/node_modules/core-js-pure/stable/object/from-entries.js'
npm warn tar TAR_ENTRY_ERROR ENOENT: no such file or directory, open '/home/kavia/workspace/code-generation/tictacplus-persistent-fullstack-tic-tac-toe-61826-a614edb6/tic_tac_toe_frontend/node_modules/core-js-pure/features/number/from-string.js'
npm warn tar TAR_ENTRY_ERROR ENOENT: no such file or directory, open '/home/kavia/workspace/code-generation/tictacplus-persistent-fullstack-tic-tac-toe-61826-a614edb6/tic_tac_toe_frontend/node_modules/core-js-pure/full/number/from-string.js'
npm warn tar TAR_ENTRY_ERROR ENOENT: no such file or directory, open '/home/kavia/workspace/code-generation/tictacplus-persistent-fullstack-tic-tac-toe-61826-a614edb6/tic_tac_toe_frontend/node_modules/core-js/actual/object/from-entries.js'
npm warn tar TAR_ENTRY_ERROR ENOENT: no such file or directory, open '/home/kavia/workspace/code-generation/tictacplus-persistent-fullstack-tic-tac-toe-61826-a614edb6/tic_tac_toe_frontend/node_modules/core-js/es/object/from-entries.js'
npm warn tar TAR_ENTRY_ERROR ENOENT: no such file or directory, open '/home/kavia/workspace/code-generation/tictacplus-persistent-fullstack-tic-tac-toe-61826-a614edb6/tic_tac_toe_frontend/node_modules/core-js/features/object/from-entries.js'
npm warn tar TAR_ENTRY_ERROR ENOENT: no such file or directory, open '/home/kavia/workspace/code-generation/tictacplus-persistent-fullstack-tic-tac-toe-61826-a614edb6/tic_tac_toe_frontend/node_modules/core-js/full/object/from-entries.js'
npm warn tar TAR_ENTRY_ERROR ENOENT: no such file or directory, open '/home/kavia/workspace/code-generation/tictacplus-persistent-fullstack-tic-tac-toe-61826-a614edb6/tic_tac_toe_frontend/node_modules/core-js/stable/object/from-entries.js'
npm warn tar TAR_ENTRY_ERROR ENOENT: no such file or directory, open '/home/kavia/workspace/code-generation/tictacplus-persistent-fullstack-tic-tac-toe-61826-a614edb6/tic_tac_toe_frontend/node_modules/core-js-pure/features/set/from.js'
npm warn tar TAR_ENTRY_ERROR ENOENT: no such file or directory, open '/home/kavia/workspace/code-generation/tictacplus-persistent-fullstack-tic-tac-toe-61826-a614edb6/tic_tac_toe_frontend/node_modules/core-js/features/number/from-string.js'
npm warn tar TAR_ENTRY_ERROR ENOENT: no such file or directory, open '/home/kavia/workspace/code-generation/tictacplus-persistent-fullstack-tic-tac-toe-61826-a614edb6/tic_tac_toe_frontend/node_modules/core-js-pure/features/weak-map/from.js'
npm warn tar TAR_ENTRY_ERROR ENOENT: no such file or directory, open '/home/kavia/workspace/code-generation/tictacplus-persistent-fullstack-tic-tac-toe-61826-a614edb6/tic_tac_toe_frontend/node_modules/core-js/full/number/from-string.js'
npm warn tar TAR_ENTRY_ERROR ENOENT: no such file or directory, open '/home/kavia/workspace/code-generation/tictacplus-persistent-fullstack-tic-tac-toe-61826-a614edb6/tic_tac_toe_frontend/node_modules/core-js-pure/features/weak-set/from.js'
npm warn tar TAR_ENTRY_ERROR ENOENT: no such file or directory, open '/home/kavia/workspace/code-generation/tictacplus-persistent-fullstack-tic-tac-toe-61826-a614edb6/tic_tac_toe_frontend/node_modules/core-js-pure/full/weak-map/from.js'
npm warn tar TAR_ENTRY_ERROR ENOENT: no such file or directory, open '/home/kavia/workspace/code-generation/tictacplus-persistent-fullstack-tic-tac-toe-61826-a614edb6/tic_tac_toe_frontend/node_modules/core-js-pure/full/weak-set/from.js'
npm warn tar TAR_ENTRY_ERROR ENOENT: no such file or directory, open '/home/kavia/workspace/code-generation/tictacplus-persistent-fullstack-tic-tac-toe-61826-a614edb6/tic_tac_toe_frontend/node_modules/core-js/features/set/from.js'
npm warn tar TAR_ENTRY_ERROR ENOENT: no such file or directory, open '/home/kavia/workspace/code-generation/tictacplus-persistent-fullstack-tic-tac-toe-61826-a614edb6/tic_tac_toe_frontend/node_modules/core-js-pure/actual/math/fround.js'
npm warn tar TAR_ENTRY_ERROR ENOENT: no such file or directory, open '/home/kavia/workspace/code-generation/tictacplus-persistent-fullstack-tic-tac-toe-61826-a614edb6/tic_tac_toe_frontend/node_modules/core-js-pure/es/math/fround.js'
npm warn tar TAR_ENTRY_ERROR ENOENT: no such file or directory, open '/home/kavia/workspace/code-generation/tictacplus-persistent-fullstack-tic-tac-toe-61826-a614edb6/tic_tac_toe_frontend/node_modules/core-js/features/weak-map/from.js'
npm warn tar TAR_ENTRY_ERROR ENOENT: no such file or directory, open '/home/kavia/workspace/code-generation/tictacplus-persistent-fullstack-tic-tac-toe-61826-a614edb6/tic_tac_toe_frontend/node_modules/core-js-pure/features/math/fround.js'
npm warn tar TAR_ENTRY_ERROR ENOENT: no such file or directory, open '/home/kavia/workspace/code-generation/tictacplus-persistent-fullstack-tic-tac-toe-61826-a614edb6/tic_tac_toe_frontend/node_modules/core-js/features/weak-set/from.js'
npm warn tar TAR_ENTRY_ERROR ENOENT: no such file or directory, open '/home/kavia/workspace/code-generation/tictacplus-persistent-fullstack-tic-tac-toe-61826-a614edb6/tic_tac_toe_frontend/node_modules/core-js-pure/full/math/fround.js'
npm warn tar TAR_ENTRY_ERROR ENOENT: no such file or directory, open '/home/kavia/workspace/code-generation/tictacplus-persistent-fullstack-tic-tac-toe-61826-a614edb6/tic_tac_toe_frontend/node_modules/core-js-pure/stable/math/fround.js'
npm warn tar TAR_ENTRY_ERROR ENOENT: no such file or directory, open '/home/kavia/workspace/code-generation/tictacplus-persistent-fullstack-tic-tac-toe-61826-a614edb6/tic_tac_toe_frontend/node_modules/core-js-pure/features/math/fscale.js'
npm warn tar TAR_ENTRY_ERROR ENOENT: no such file or directory, open '/home/kavia/workspace/code-generation/tictacplus-persistent-fullstack-tic-tac-toe-61826-a614edb6/tic_tac_toe_frontend/node_modules/core-js-pure/full/math/fscale.js'
npm warn tar TAR_ENTRY_ERROR ENOENT: no such file or directory, open '/home/kavia/workspace/code-generation/tictacplus-persistent-fullstack-tic-tac-toe-61826-a614edb6/tic_tac_toe_frontend/node_modules/core-js-pure/internals/function-apply.js'
npm warn tar TAR_ENTRY_ERROR ENOENT: no such file or directory, open '/home/kavia/workspace/code-generation/tictacplus-persistent-fullstack-tic-tac-toe-61826-a614edb6/tic_tac_toe_frontend/node_modules/core-js-pure/internals/function-bind-context.js'
npm warn tar TAR_ENTRY_ERROR ENOENT: no such file or directory, open '/home/kavia/workspace/code-generation/tictacplus-persistent-fullstack-tic-tac-toe-61826-a614edb6/tic_tac_toe_frontend/node_modules/core-js-pure/internals/function-bind-native.js'
npm warn tar TAR_ENTRY_ERROR ENOENT: no such file or directory, open '/home/kavia/workspace/code-generation/tictacplus-persistent-fullstack-tic-tac-toe-61826-a614edb6/tic_tac_toe_frontend/node_modules/core-js-pure/internals/function-bind.js'
npm warn tar TAR_ENTRY_ERROR ENOENT: no such file or directory, open '/home/kavia/workspace/code-generation/tictacplus-persistent-fullstack-tic-tac-toe-61826-a614edb6/tic_tac_toe_frontend/node_modules/core-js-pure/internals/function-call.js'
npm warn tar TAR_ENTRY_ERROR ENOENT: no such file or directory, open '/home/kavia/workspace/code-generation/tictacplus-persistent-fullstack-tic-tac-toe-61826-a614edb6/tic_tac_toe_frontend/node_modules/core-js/full/weak-map/from.js'
npm warn tar TAR_ENTRY_ERROR ENOENT: no such file or directory, open '/home/kavia/workspace/code-generation/tictacplus-persistent-fullstack-tic-tac-toe-61826-a614edb6/tic_tac_toe_frontend/node_modules/core-js-pure/internals/function-demethodize.js'
npm warn tar TAR_ENTRY_ERROR ENOENT: no such file or directory, open '/home/kavia/workspace/code-generation/tictacplus-persistent-fullstack-tic-tac-toe-61826-a614edb6/tic_tac_toe_frontend/node_modules/core-js/full/weak-set/from.js'
npm warn tar TAR_ENTRY_ERROR ENOENT: no such file or directory, open '/home/kavia/workspace/code-generation/tictacplus-persistent-fullstack-tic-tac-toe-61826-a614edb6/tic_tac_toe_frontend/node_modules/core-js-pure/proposals/function-demethodize.js'
npm warn tar TAR_ENTRY_ERROR ENOENT: no such file or directory, open '/home/kavia/workspace/code-generation/tictacplus-persistent-fullstack-tic-tac-toe-61826-a614edb6/tic_tac_toe_frontend/node_modules/core-js-pure/proposals/function-is-callable-is-constructor.js'
npm warn tar TAR_ENTRY_ERROR ENOENT: no such file or directory, open '/home/kavia/workspace/code-generation/tictacplus-persistent-fullstack-tic-tac-toe-61826-a614edb6/tic_tac_toe_frontend/node_modules/core-js-pure/internals/function-name.js'
npm warn tar TAR_ENTRY_ERROR ENOENT: no such file or directory, open '/home/kavia/workspace/code-generation/tictacplus-persistent-fullstack-tic-tac-toe-61826-a614edb6/tic_tac_toe_frontend/node_modules/core-js-pure/proposals/function-un-this.js'
npm warn tar TAR_ENTRY_ERROR ENOENT: no such file or directory, open '/home/kavia/workspace/code-generation/tictacplus-persistent-fullstack-tic-tac-toe-61826-a614edb6/tic_tac_toe_frontend/node_modules/core-js/actual/math/fround.js'
npm warn tar TAR_ENTRY_ERROR ENOENT: no such file or directory, open '/home/kavia/workspace/code-generation/tictacplus-persistent-fullstack-tic-tac-toe-61826-a614edb6/tic_tac_toe_frontend/node_modules/core-js-pure/internals/function-uncurry-this-accessor.js'
npm warn tar TAR_ENTRY_ERROR ENOENT: no such file or directory, open '/home/kavia/workspace/code-generation/tictacplus-persistent-fullstack-tic-tac-toe-61826-a614edb6/tic_tac_toe_frontend/node_modules/core-js/es/math/fround.js'
npm warn tar TAR_ENTRY_ERROR ENOENT: no such file or directory, open '/home/kavia/workspace/code-generation/tictacplus-persistent-fullstack-tic-tac-toe-61826-a614edb6/tic_tac_toe_frontend/node_modules/core-js-pure/internals/function-uncurry-this-clause.js'
npm warn tar TAR_ENTRY_ERROR ENOENT: no such file or directory, open '/home/kavia/workspace/code-generation/tictacplus-persistent-fullstack-tic-tac-toe-61826-a614edb6/tic_tac_toe_frontend/node_modules/core-js/features/math/fround.js'
npm warn tar TAR_ENTRY_ERROR ENOENT: no such file or directory, open '/home/kavia/workspace/code-generation/tictacplus-persistent-fullstack-tic-tac-toe-61826-a614edb6/tic_tac_toe_frontend/node_modules/es-abstract/2020/BigInt/signedRightShift.js'
npm warn tar TAR_ENTRY_ERROR ENOENT: no such file or directory, open '/home/kavia/workspace/code-generation/tictacplus-persistent-fullstack-tic-tac-toe-61826-a614edb6/tic_tac_toe_frontend/node_modules/core-js-pure/internals/function-uncurry-this.js'
npm warn tar TAR_ENTRY_ERROR ENOENT: no such file or directory, open '/home/kavia/workspace/code-generation/tictacplus-persistent-fullstack-tic-tac-toe-61826-a614edb6/tic_tac_toe_frontend/node_modules/core-js/full/math/fround.js'
npm warn tar TAR_ENTRY_ERROR ENOENT: no such file or directory, open '/home/kavia/workspace/code-generation/tictacplus-persistent-fullstack-tic-tac-toe-61826-a614edb6/tic_tac_toe_frontend/node_modules/es-abstract/2020/Number/signedRightShift.js'
npm warn tar TAR_ENTRY_ERROR ENOENT: no such file or directory, open '/home/kavia/workspace/code-generation/tictacplus-persistent-fullstack-tic-tac-toe-61826-a614edb6/tic_tac_toe_frontend/node_modules/core-js-pure/internals/get-alphabet-option.js'
npm warn tar TAR_ENTRY_ERROR ENOENT: no such file or directory, open '/home/kavia/workspace/code-generation/tictacplus-persistent-fullstack-tic-tac-toe-61826-a614edb6/tic_tac_toe_frontend/node_modules/core-js/stable/math/fround.js'
npm warn tar TAR_ENTRY_ERROR ENOENT: no such file or directory, open '/home/kavia/workspace/code-generation/tictacplus-persistent-fullstack-tic-tac-toe-61826-a614edb6/tic_tac_toe_frontend/node_modules/es-abstract/2021/BigInt/signedRightShift.js'
npm warn tar TAR_ENTRY_ERROR ENOENT: no such file or directory, open '/home/kavia/workspace/code-generation/tictacplus-persistent-fullstack-tic-tac-toe-61826-a614edb6/tic_tac_toe_frontend/node_modules/core-js-pure/internals/get-async-iterator-flattenable.js'
npm warn tar TAR_ENTRY_ERROR ENOENT: no such file or directory, open '/home/kavia/workspace/code-generation/tictacplus-persistent-fullstack-tic-tac-toe-61826-a614edb6/tic_tac_toe_frontend/node_modules/core-js/features/math/fscale.js'
npm warn tar TAR_ENTRY_ERROR ENOENT: no such file or directory, open '/home/kavia/workspace/code-generation/tictacplus-persistent-fullstack-tic-tac-toe-61826-a614edb6/tic_tac_toe_frontend/node_modules/es-abstract/2021/Number/signedRightShift.js'
npm warn tar TAR_ENTRY_ERROR ENOENT: no such file or directory, open '/home/kavia/workspace/code-generation/tictacplus-persistent-fullstack-tic-tac-toe-61826-a614edb6/tic_tac_toe_frontend/node_modules/core-js-pure/internals/get-async-iterator.js'
npm warn tar TAR_ENTRY_ERROR ENOENT: no such file or directory, open '/home/kavia/workspace/code-generation/tictacplus-persistent-fullstack-tic-tac-toe-61826-a614edb6/tic_tac_toe_frontend/node_modules/core-js/full/math/fscale.js'
npm warn tar TAR_ENTRY_ERROR ENOENT: no such file or directory, open '/home/kavia/workspace/code-generation/tictacplus-persistent-fullstack-tic-tac-toe-61826-a614edb6/tic_tac_toe_frontend/node_modules/es-abstract/2022/BigInt/signedRightShift.js'
npm warn tar TAR_ENTRY_ERROR ENOENT: no such file or directory, open '/home/kavia/workspace/code-generation/tictacplus-persistent-fullstack-tic-tac-toe-61826-a614edb6/tic_tac_toe_frontend/node_modules/core-js-pure/internals/get-built-in-node-module.js'
npm warn tar TAR_ENTRY_ERROR ENOENT: no such file or directory, open '/home/kavia/workspace/code-generation/tictacplus-persistent-fullstack-tic-tac-toe-61826-a614edb6/tic_tac_toe_frontend/node_modules/core-js/internals/function-apply.js'
npm warn tar TAR_ENTRY_ERROR ENOENT: no such file or directory, open '/home/kavia/workspace/code-generation/tictacplus-persistent-fullstack-tic-tac-toe-61826-a614edb6/tic_tac_toe_frontend/node_modules/es-abstract/2022/Number/signedRightShift.js'
npm warn tar TAR_ENTRY_ERROR ENOENT: no such file or directory, open '/home/kavia/workspace/code-generation/tictacplus-persistent-fullstack-tic-tac-toe-61826-a614edb6/tic_tac_toe_frontend/node_modules/core-js-pure/internals/get-built-in-prototype-method.js'
npm warn tar TAR_ENTRY_ERROR ENOENT: no such file or directory, open '/home/kavia/workspace/code-generation/tictacplus-persistent-fullstack-tic-tac-toe-61826-a614edb6/tic_tac_toe_frontend/node_modules/core-js/internals/function-bind-context.js'
npm warn tar TAR_ENTRY_ERROR ENOENT: no such file or directory, open '/home/kavia/workspace/code-generation/tictacplus-persistent-fullstack-tic-tac-toe-61826-a614edb6/tic_tac_toe_frontend/node_modules/es-abstract/2023/BigInt/signedRightShift.js'
npm warn tar TAR_ENTRY_ERROR ENOENT: no such file or directory, open '/home/kavia/workspace/code-generation/tictacplus-persistent-fullstack-tic-tac-toe-61826-a614edb6/tic_tac_toe_frontend/node_modules/core-js-pure/internals/get-built-in.js'
npm warn tar TAR_ENTRY_ERROR ENOENT: no such file or directory, open '/home/kavia/workspace/code-generation/tictacplus-persistent-fullstack-tic-tac-toe-61826-a614edb6/tic_tac_toe_frontend/node_modules/core-js/internals/function-bind-native.js'
npm warn tar TAR_ENTRY_ERROR ENOENT: no such file or directory, open '/home/kavia/workspace/code-generation/tictacplus-persistent-fullstack-tic-tac-toe-61826-a614edb6/tic_tac_toe_frontend/node_modules/es-abstract/2023/Number/signedRightShift.js'
npm warn tar TAR_ENTRY_ERROR ENOENT: no such file or directory, open '/home/kavia/workspace/code-generation/tictacplus-persistent-fullstack-tic-tac-toe-61826-a614edb6/tic_tac_toe_frontend/node_modules/core-js/internals/function-bind.js'
npm warn tar TAR_ENTRY_ERROR ENOENT: no such file or directory, open '/home/kavia/workspace/code-generation/tictacplus-persistent-fullstack-tic-tac-toe-61826-a614edb6/tic_tac_toe_frontend/node_modules/es-abstract/2024/BigInt/signedRightShift.js'
npm warn tar TAR_ENTRY_ERROR ENOENT: no such file or directory, open '/home/kavia/workspace/code-generation/tictacplus-persistent-fullstack-tic-tac-toe-61826-a614edb6/tic_tac_toe_frontend/node_modules/core-js/internals/function-call.js'
npm warn tar TAR_ENTRY_ERROR ENOENT: no such file or directory, open '/home/kavia/workspace/code-generation/tictacplus-persistent-fullstack-tic-tac-toe-61826-a614edb6/tic_tac_toe_frontend/node_modules/es-abstract/2024/Number/signedRightShift.js'
npm warn tar TAR_ENTRY_ERROR ENOENT: no such file or directory, open '/home/kavia/workspace/code-generation/tictacplus-persistent-fullstack-tic-tac-toe-61826-a614edb6/tic_tac_toe_frontend/node_modules/core-js/internals/function-demethodize.js'
npm warn tar TAR_ENTRY_ERROR ENOENT: no such file or directory, open '/home/kavia/workspace/code-generation/tictacplus-persistent-fullstack-tic-tac-toe-61826-a614edb6/tic_tac_toe_frontend/node_modules/core-js/proposals/function-demethodize.js'
npm warn tar TAR_ENTRY_ERROR ENOENT: no such file or directory, open '/home/kavia/workspace/code-generation/tictacplus-persistent-fullstack-tic-tac-toe-61826-a614edb6/tic_tac_toe_frontend/node_modules/core-js/proposals/function-is-callable-is-constructor.js'
npm warn tar TAR_ENTRY_ERROR ENOENT: no such file or directory, open '/home/kavia/workspace/code-generation/tictacplus-persistent-fullstack-tic-tac-toe-61826-a614edb6/tic_tac_toe_frontend/node_modules/core-js/internals/function-name.js'
npm warn tar TAR_ENTRY_ERROR ENOENT: no such file or directory, open '/home/kavia/workspace/code-generation/tictacplus-persistent-fullstack-tic-tac-toe-61826-a614edb6/tic_tac_toe_frontend/node_modules/core-js-pure/internals/get-iterator-direct.js'
npm warn tar TAR_ENTRY_ERROR ENOENT: no such file or directory, open '/home/kavia/workspace/code-generation/tictacplus-persistent-fullstack-tic-tac-toe-61826-a614edb6/tic_tac_toe_frontend/node_modules/core-js/proposals/function-un-this.js'
npm warn tar TAR_ENTRY_ERROR ENOENT: no such file or directory, open '/home/kavia/workspace/code-generation/tictacplus-persistent-fullstack-tic-tac-toe-61826-a614edb6/tic_tac_toe_frontend/node_modules/core-js-pure/internals/get-iterator-flattenable.js'
npm warn tar TAR_ENTRY_ERROR ENOENT: no such file or directory, open '/home/kavia/workspace/code-generation/tictacplus-persistent-fullstack-tic-tac-toe-61826-a614edb6/tic_tac_toe_frontend/node_modules/core-js/internals/function-uncurry-this-accessor.js'
npm warn tar TAR_ENTRY_ERROR ENOENT: no such file or directory, open '/home/kavia/workspace/code-generation/tictacplus-persistent-fullstack-tic-tac-toe-61826-a614edb6/tic_tac_toe_frontend/node_modules/core-js/internals/function-uncurry-this-clause.js'
npm warn tar TAR_ENTRY_ERROR ENOENT: no such file or directory, open '/home/kavia/workspace/code-generation/tictacplus-persistent-fullstack-tic-tac-toe-61826-a614edb6/tic_tac_toe_frontend/node_modules/core-js/internals/function-uncurry-this.js'
npm warn tar TAR_ENTRY_ERROR ENOENT: no such file or directory, open '/home/kavia/workspace/code-generation/tictacplus-persistent-fullstack-tic-tac-toe-61826-a614edb6/tic_tac_toe_frontend/node_modules/core-js/internals/get-alphabet-option.js'
npm warn tar TAR_ENTRY_ERROR ENOENT: no such file or directory, open '/home/kavia/workspace/code-generation/tictacplus-persistent-fullstack-tic-tac-toe-61826-a614edb6/tic_tac_toe_frontend/node_modules/core-js/internals/get-async-iterator-flattenable.js'
npm warn tar TAR_ENTRY_ERROR ENOENT: no such file or directory, open '/home/kavia/workspace/code-generation/tictacplus-persistent-fullstack-tic-tac-toe-61826-a614edb6/tic_tac_toe_frontend/node_modules/core-js-pure/internals/get-iterator-method.js'
npm warn tar TAR_ENTRY_ERROR ENOENT: no such file or directory, open '/home/kavia/workspace/code-generation/tictacplus-persistent-fullstack-tic-tac-toe-61826-a614edb6/tic_tac_toe_frontend/node_modules/core-js/internals/get-async-iterator.js'
npm warn tar TAR_ENTRY_ERROR ENOENT: no such file or directory, open '/home/kavia/workspace/code-generation/tictacplus-persistent-fullstack-tic-tac-toe-61826-a614edb6/tic_tac_toe_frontend/node_modules/core-js/internals/get-built-in-node-module.js'
npm warn tar TAR_ENTRY_ERROR ENOENT: no such file or directory, open '/home/kavia/workspace/code-generation/tictacplus-persistent-fullstack-tic-tac-toe-61826-a614edb6/tic_tac_toe_frontend/node_modules/core-js/internals/get-built-in-prototype-method.js'
npm warn tar TAR_ENTRY_ERROR ENOENT: no such file or directory, open '/home/kavia/workspace/code-generation/tictacplus-persistent-fullstack-tic-tac-toe-61826-a614edb6/tic_tac_toe_frontend/node_modules/core-js/internals/get-built-in.js'
npm warn tar TAR_ENTRY_ERROR ENOENT: no such file or directory, open '/home/kavia/workspace/code-generation/tictacplus-persistent-fullstack-tic-tac-toe-61826-a614edb6/tic_tac_toe_frontend/node_modules/core-js-pure/internals/get-iterator.js'
npm warn tar TAR_ENTRY_ERROR ENOENT: no such file or directory, open '/home/kavia/workspace/code-generation/tictacplus-persistent-fullstack-tic-tac-toe-61826-a614edb6/tic_tac_toe_frontend/node_modules/core-js-pure/internals/get-json-replacer-function.js'
npm warn tar TAR_ENTRY_ERROR ENOENT: no such file or directory, open '/home/kavia/workspace/code-generation/tictacplus-persistent-fullstack-tic-tac-toe-61826-a614edb6/tic_tac_toe_frontend/node_modules/core-js-pure/features/reflect/get-metadata-keys.js'
npm warn tar TAR_ENTRY_ERROR ENOENT: no such file or directory, open '/home/kavia/workspace/code-generation/tictacplus-persistent-fullstack-tic-tac-toe-61826-a614edb6/tic_tac_toe_frontend/node_modules/core-js-pure/full/reflect/get-metadata-keys.js'
npm warn tar TAR_ENTRY_ERROR ENOENT: no such file or directory, open '/home/kavia/workspace/code-generation/tictacplus-persistent-fullstack-tic-tac-toe-61826-a614edb6/tic_tac_toe_frontend/node_modules/core-js/internals/get-iterator-direct.js'
npm warn tar TAR_ENTRY_ERROR ENOENT: no such file or directory, open '/home/kavia/workspace/code-generation/tictacplus-persistent-fullstack-tic-tac-toe-61826-a614edb6/tic_tac_toe_frontend/node_modules/core-js-pure/features/reflect/get-metadata.js'
npm warn tar TAR_ENTRY_ERROR ENOENT: no such file or directory, open '/home/kavia/workspace/code-generation/tictacplus-persistent-fullstack-tic-tac-toe-61826-a614edb6/tic_tac_toe_frontend/node_modules/core-js/internals/get-iterator-flattenable.js'
npm warn tar TAR_ENTRY_ERROR ENOENT: no such file or directory, open '/home/kavia/workspace/code-generation/tictacplus-persistent-fullstack-tic-tac-toe-61826-a614edb6/tic_tac_toe_frontend/node_modules/core-js-pure/full/reflect/get-metadata.js'
npm warn tar TAR_ENTRY_ERROR ENOENT: no such file or directory, open '/home/kavia/workspace/code-generation/tictacplus-persistent-fullstack-tic-tac-toe-61826-a614edb6/tic_tac_toe_frontend/node_modules/core-js-pure/internals/get-method.js'
npm warn tar TAR_ENTRY_ERROR ENOENT: no such file or directory, open '/home/kavia/workspace/code-generation/tictacplus-persistent-fullstack-tic-tac-toe-61826-a614edb6/tic_tac_toe_frontend/node_modules/core-js-pure/features/weak-map/get-or-insert-computed.js'
npm warn tar TAR_ENTRY_ERROR ENOENT: no such file or directory, open '/home/kavia/workspace/code-generation/tictacplus-persistent-fullstack-tic-tac-toe-61826-a614edb6/tic_tac_toe_frontend/node_modules/core-js/internals/get-iterator-method.js'
npm warn tar TAR_ENTRY_ERROR ENOENT: no such file or directory, open '/home/kavia/workspace/code-generation/tictacplus-persistent-fullstack-tic-tac-toe-61826-a614edb6/tic_tac_toe_frontend/node_modules/core-js-pure/full/weak-map/get-or-insert-computed.js'
npm warn tar TAR_ENTRY_ERROR ENOENT: no such file or directory, open '/home/kavia/workspace/code-generation/tictacplus-persistent-fullstack-tic-tac-toe-61826-a614edb6/tic_tac_toe_frontend/node_modules/core-js-pure/features/weak-map/get-or-insert.js'
npm warn tar TAR_ENTRY_ERROR ENOENT: no such file or directory, open '/home/kavia/workspace/code-generation/tictacplus-persistent-fullstack-tic-tac-toe-61826-a614edb6/tic_tac_toe_frontend/node_modules/core-js-pure/full/weak-map/get-or-insert.js'
npm warn tar TAR_ENTRY_ERROR ENOENT: no such file or directory, open '/home/kavia/workspace/code-generation/tictacplus-persistent-fullstack-tic-tac-toe-61826-a614edb6/tic_tac_toe_frontend/node_modules/core-js-pure/features/reflect/get-own-metadata-keys.js'
npm warn tar TAR_ENTRY_ERROR ENOENT: no such file or directory, open '/home/kavia/workspace/code-generation/tictacplus-persistent-fullstack-tic-tac-toe-61826-a614edb6/tic_tac_toe_frontend/node_modules/core-js/internals/get-iterator.js'
npm warn tar TAR_ENTRY_ERROR ENOENT: no such file or directory, open '/home/kavia/workspace/code-generation/tictacplus-persistent-fullstack-tic-tac-toe-61826-a614edb6/tic_tac_toe_frontend/node_modules/core-js-pure/full/reflect/get-own-metadata-keys.js'
npm warn tar TAR_ENTRY_ERROR ENOENT: no such file or directory, open '/home/kavia/workspace/code-generation/tictacplus-persistent-fullstack-tic-tac-toe-61826-a614edb6/tic_tac_toe_frontend/node_modules/core-js-pure/features/reflect/get-own-metadata.js'
npm warn tar TAR_ENTRY_ERROR ENOENT: no such file or directory, open '/home/kavia/workspace/code-generation/tictacplus-persistent-fullstack-tic-tac-toe-61826-a614edb6/tic_tac_toe_frontend/node_modules/core-js/internals/get-json-replacer-function.js'
npm warn tar TAR_ENTRY_ERROR ENOENT: no such file or directory, open '/home/kavia/workspace/code-generation/tictacplus-persistent-fullstack-tic-tac-toe-61826-a614edb6/tic_tac_toe_frontend/node_modules/core-js-pure/full/reflect/get-own-metadata.js'
npm warn tar TAR_ENTRY_ERROR ENOENT: no such file or directory, open '/home/kavia/workspace/code-generation/tictacplus-persistent-fullstack-tic-tac-toe-61826-a614edb6/tic_tac_toe_frontend/node_modules/core-js/features/reflect/get-metadata-keys.js'
npm warn tar TAR_ENTRY_ERROR ENOENT: no such file or directory, open '/home/kavia/workspace/code-generation/tictacplus-persistent-fullstack-tic-tac-toe-61826-a614edb6/tic_tac_toe_frontend/node_modules/core-js-pure/actual/object/get-own-property-descriptor.js'
npm warn tar TAR_ENTRY_ERROR ENOENT: no such file or directory, open '/home/kavia/workspace/code-generation/tictacplus-persistent-fullstack-tic-tac-toe-61826-a614edb6/tic_tac_toe_frontend/node_modules/core-js/full/reflect/get-metadata-keys.js'
npm warn tar TAR_ENTRY_ERROR ENOENT: no such file or directory, open '/home/kavia/workspace/code-generation/tictacplus-persistent-fullstack-tic-tac-toe-61826-a614edb6/tic_tac_toe_frontend/node_modules/core-js-pure/actual/reflect/get-own-property-descriptor.js'
npm warn tar TAR_ENTRY_ERROR ENOENT: no such file or directory, open '/home/kavia/workspace/code-generation/tictacplus-persistent-fullstack-tic-tac-toe-61826-a614edb6/tic_tac_toe_frontend/node_modules/core-js/features/reflect/get-metadata.js'
npm warn tar TAR_ENTRY_ERROR ENOENT: no such file or directory, open '/home/kavia/workspace/code-generation/tictacplus-persistent-fullstack-tic-tac-toe-61826-a614edb6/tic_tac_toe_frontend/node_modules/core-js-pure/es/object/get-own-property-descriptor.js'
npm warn tar TAR_ENTRY_ERROR ENOENT: no such file or directory, open '/home/kavia/workspace/code-generation/tictacplus-persistent-fullstack-tic-tac-toe-61826-a614edb6/tic_tac_toe_frontend/node_modules/core-js/full/reflect/get-metadata.js'
npm warn tar TAR_ENTRY_ERROR ENOENT: no such file or directory, open '/home/kavia/workspace/code-generation/tictacplus-persistent-fullstack-tic-tac-toe-61826-a614edb6/tic_tac_toe_frontend/node_modules/core-js-pure/es/reflect/get-own-property-descriptor.js'
npm warn tar TAR_ENTRY_ERROR ENOENT: no such file or directory, open '/home/kavia/workspace/code-generation/tictacplus-persistent-fullstack-tic-tac-toe-61826-a614edb6/tic_tac_toe_frontend/node_modules/core-js/internals/get-method.js'
npm warn tar TAR_ENTRY_ERROR ENOENT: no such file or directory, open '/home/kavia/workspace/code-generation/tictacplus-persistent-fullstack-tic-tac-toe-61826-a614edb6/tic_tac_toe_frontend/node_modules/core-js-pure/features/object/get-own-property-descriptor.js'
npm warn tar TAR_ENTRY_ERROR ENOENT: no such file or directory, open '/home/kavia/workspace/code-generation/tictacplus-persistent-fullstack-tic-tac-toe-61826-a614edb6/tic_tac_toe_frontend/node_modules/core-js-pure/features/reflect/get-own-property-descriptor.js'
npm warn tar TAR_ENTRY_ERROR ENOENT: no such file or directory, open '/home/kavia/workspace/code-generation/tictacplus-persistent-fullstack-tic-tac-toe-61826-a614edb6/tic_tac_toe_frontend/node_modules/core-js/features/weak-map/get-or-insert-computed.js'
npm warn tar TAR_ENTRY_ERROR ENOENT: no such file or directory, open '/home/kavia/workspace/code-generation/tictacplus-persistent-fullstack-tic-tac-toe-61826-a614edb6/tic_tac_toe_frontend/node_modules/core-js-pure/full/object/get-own-property-descriptor.js'
npm warn tar TAR_ENTRY_ERROR ENOENT: no such file or directory, open '/home/kavia/workspace/code-generation/tictacplus-persistent-fullstack-tic-tac-toe-61826-a614edb6/tic_tac_toe_frontend/node_modules/core-js-pure/full/reflect/get-own-property-descriptor.js'
npm warn tar TAR_ENTRY_ERROR ENOENT: no such file or directory, open '/home/kavia/workspace/code-generation/tictacplus-persistent-fullstack-tic-tac-toe-61826-a614edb6/tic_tac_toe_frontend/node_modules/core-js/full/weak-map/get-or-insert-computed.js'
npm warn tar TAR_ENTRY_ERROR ENOENT: no such file or directory, open '/home/kavia/workspace/code-generation/tictacplus-persistent-fullstack-tic-tac-toe-61826-a614edb6/tic_tac_toe_frontend/node_modules/core-js-pure/stable/object/get-own-property-descriptor.js'
npm warn tar TAR_ENTRY_ERROR ENOENT: no such file or directory, open '/home/kavia/workspace/code-generation/tictacplus-persistent-fullstack-tic-tac-toe-61826-a614edb6/tic_tac_toe_frontend/node_modules/core-js-pure/stable/reflect/get-own-property-descriptor.js'
npm warn tar TAR_ENTRY_ERROR ENOENT: no such file or directory, open '/home/kavia/workspace/code-generation/tictacplus-persistent-fullstack-tic-tac-toe-61826-a614edb6/tic_tac_toe_frontend/node_modules/core-js/features/weak-map/get-or-insert.js'
npm warn tar TAR_ENTRY_ERROR ENOENT: no such file or directory, open '/home/kavia/workspace/code-generation/tictacplus-persistent-fullstack-tic-tac-toe-61826-a614edb6/tic_tac_toe_frontend/node_modules/core-js-pure/actual/object/get-own-property-descriptors.js'
npm warn tar TAR_ENTRY_ERROR ENOENT: no such file or directory, open '/home/kavia/workspace/code-generation/tictacplus-persistent-fullstack-tic-tac-toe-61826-a614edb6/tic_tac_toe_frontend/node_modules/core-js-pure/es/object/get-own-property-descriptors.js'
npm warn tar TAR_ENTRY_ERROR ENOENT: no such file or directory, open '/home/kavia/workspace/code-generation/tictacplus-persistent-fullstack-tic-tac-toe-61826-a614edb6/tic_tac_toe_frontend/node_modules/core-js/full/weak-map/get-or-insert.js'
npm warn tar TAR_ENTRY_ERROR ENOENT: no such file or directory, open '/home/kavia/workspace/code-generation/tictacplus-persistent-fullstack-tic-tac-toe-61826-a614edb6/tic_tac_toe_frontend/node_modules/core-js-pure/features/object/get-own-property-descriptors.js'
npm warn tar TAR_ENTRY_ERROR ENOENT: no such file or directory, open '/home/kavia/workspace/code-generation/tictacplus-persistent-fullstack-tic-tac-toe-61826-a614edb6/tic_tac_toe_frontend/node_modules/core-js/features/reflect/get-own-metadata-keys.js'
npm warn tar TAR_ENTRY_ERROR ENOENT: no such file or directory, open '/home/kavia/workspace/code-generation/tictacplus-persistent-fullstack-tic-tac-toe-61826-a614edb6/tic_tac_toe_frontend/node_modules/core-js-pure/full/object/get-own-property-descriptors.js'
npm warn tar TAR_ENTRY_ERROR ENOENT: no such file or directory, open '/home/kavia/workspace/code-generation/tictacplus-persistent-fullstack-tic-tac-toe-61826-a614edb6/tic_tac_toe_frontend/node_modules/core-js/full/reflect/get-own-metadata-keys.js'
npm warn tar TAR_ENTRY_ERROR ENOENT: no such file or directory, open '/home/kavia/workspace/code-generation/tictacplus-persistent-fullstack-tic-tac-toe-61826-a614edb6/tic_tac_toe_frontend/node_modules/core-js-pure/stable/object/get-own-property-descriptors.js'
npm warn tar TAR_ENTRY_ERROR ENOENT: no such file or directory, open '/home/kavia/workspace/code-generation/tictacplus-persistent-fullstack-tic-tac-toe-61826-a614edb6/tic_tac_toe_frontend/node_modules/core-js/features/reflect/get-own-metadata.js'
npm warn tar TAR_ENTRY_ERROR ENOENT: no such file or directory, open '/home/kavia/workspace/code-generation/tictacplus-persistent-fullstack-tic-tac-toe-61826-a614edb6/tic_tac_toe_frontend/node_modules/core-js-pure/actual/object/get-own-property-names.js'
npm warn tar TAR_ENTRY_ERROR ENOENT: no such file or directory, open '/home/kavia/workspace/code-generation/tictacplus-persistent-fullstack-tic-tac-toe-61826-a614edb6/tic_tac_toe_frontend/node_modules/core-js/full/reflect/get-own-metadata.js'
npm warn tar TAR_ENTRY_ERROR ENOENT: no such file or directory, open '/home/kavia/workspace/code-generation/tictacplus-persistent-fullstack-tic-tac-toe-61826-a614edb6/tic_tac_toe_frontend/node_modules/core-js-pure/es/object/get-own-property-names.js'
npm warn tar TAR_ENTRY_ERROR ENOENT: no such file or directory, open '/home/kavia/workspace/code-generation/tictacplus-persistent-fullstack-tic-tac-toe-61826-a614edb6/tic_tac_toe_frontend/node_modules/core-js/actual/object/get-own-property-descriptor.js'
npm warn tar TAR_ENTRY_ERROR ENOENT: no such file or directory, open '/home/kavia/workspace/code-generation/tictacplus-persistent-fullstack-tic-tac-toe-61826-a614edb6/tic_tac_toe_frontend/node_modules/core-js-pure/features/object/get-own-property-names.js'
npm warn tar TAR_ENTRY_ERROR ENOENT: no such file or directory, open '/home/kavia/workspace/code-generation/tictacplus-persistent-fullstack-tic-tac-toe-61826-a614edb6/tic_tac_toe_frontend/node_modules/core-js/actual/reflect/get-own-property-descriptor.js'
npm warn tar TAR_ENTRY_ERROR ENOENT: no such file or directory, open '/home/kavia/workspace/code-generation/tictacplus-persistent-fullstack-tic-tac-toe-61826-a614edb6/tic_tac_toe_frontend/node_modules/core-js-pure/full/object/get-own-property-names.js'
npm warn tar TAR_ENTRY_ERROR ENOENT: no such file or directory, open '/home/kavia/workspace/code-generation/tictacplus-persistent-fullstack-tic-tac-toe-61826-a614edb6/tic_tac_toe_frontend/node_modules/core-js/es/object/get-own-property-descriptor.js'
npm warn tar TAR_ENTRY_ERROR ENOENT: no such file or directory, open '/home/kavia/workspace/code-generation/tictacplus-persistent-fullstack-tic-tac-toe-61826-a614edb6/tic_tac_toe_frontend/node_modules/core-js-pure/stable/object/get-own-property-names.js'
npm warn tar TAR_ENTRY_ERROR ENOENT: no such file or directory, open '/home/kavia/workspace/code-generation/tictacplus-persistent-fullstack-tic-tac-toe-61826-a614edb6/tic_tac_toe_frontend/node_modules/core-js/es/reflect/get-own-property-descriptor.js'
npm warn tar TAR_ENTRY_ERROR ENOENT: no such file or directory, open '/home/kavia/workspace/code-generation/tictacplus-persistent-fullstack-tic-tac-toe-61826-a614edb6/tic_tac_toe_frontend/node_modules/core-js-pure/actual/object/get-own-property-symbols.js'
npm warn tar TAR_ENTRY_ERROR ENOENT: no such file or directory, open '/home/kavia/workspace/code-generation/tictacplus-persistent-fullstack-tic-tac-toe-61826-a614edb6/tic_tac_toe_frontend/node_modules/core-js/features/object/get-own-property-descriptor.js'
npm warn tar TAR_ENTRY_ERROR ENOENT: no such file or directory, open '/home/kavia/workspace/code-generation/tictacplus-persistent-fullstack-tic-tac-toe-61826-a614edb6/tic_tac_toe_frontend/node_modules/core-js-pure/es/object/get-own-property-symbols.js'
npm warn tar TAR_ENTRY_ERROR ENOENT: no such file or directory, open '/home/kavia/workspace/code-generation/tictacplus-persistent-fullstack-tic-tac-toe-61826-a614edb6/tic_tac_toe_frontend/node_modules/core-js/features/reflect/get-own-property-descriptor.js'
npm warn tar TAR_ENTRY_ERROR ENOENT: no such file or directory, open '/home/kavia/workspace/code-generation/tictacplus-persistent-fullstack-tic-tac-toe-61826-a614edb6/tic_tac_toe_frontend/node_modules/core-js-pure/features/object/get-own-property-symbols.js'
npm warn tar TAR_ENTRY_ERROR ENOENT: no such file or directory, open '/home/kavia/workspace/code-generation/tictacplus-persistent-fullstack-tic-tac-toe-61826-a614edb6/tic_tac_toe_frontend/node_modules/core-js/full/object/get-own-property-descriptor.js'
npm warn tar TAR_ENTRY_ERROR ENOENT: no such file or directory, open '/home/kavia/workspace/code-generation/tictacplus-persistent-fullstack-tic-tac-toe-61826-a614edb6/tic_tac_toe_frontend/node_modules/core-js-pure/full/object/get-own-property-symbols.js'
npm warn tar TAR_ENTRY_ERROR ENOENT: no such file or directory, open '/home/kavia/workspace/code-generation/tictacplus-persistent-fullstack-tic-tac-toe-61826-a614edb6/tic_tac_toe_frontend/node_modules/core-js/full/reflect/get-own-property-descriptor.js'
npm warn tar TAR_ENTRY_ERROR ENOENT: no such file or directory, open '/home/kavia/workspace/code-generation/tictacplus-persistent-fullstack-tic-tac-toe-61826-a614edb6/tic_tac_toe_frontend/node_modules/core-js-pure/stable/object/get-own-property-symbols.js'
npm warn tar TAR_ENTRY_ERROR ENOENT: no such file or directory, open '/home/kavia/workspace/code-generation/tictacplus-persistent-fullstack-tic-tac-toe-61826-a614edb6/tic_tac_toe_frontend/node_modules/core-js/stable/object/get-own-property-descriptor.js'
npm warn tar TAR_ENTRY_ERROR ENOENT: no such file or directory, open '/home/kavia/workspace/code-generation/tictacplus-persistent-fullstack-tic-tac-toe-61826-a614edb6/tic_tac_toe_frontend/node_modules/core-js-pure/actual/object/get-prototype-of.js'
npm warn tar TAR_ENTRY_ERROR ENOENT: no such file or directory, open '/home/kavia/workspace/code-generation/tictacplus-persistent-fullstack-tic-tac-toe-61826-a614edb6/tic_tac_toe_frontend/node_modules/core-js/stable/reflect/get-own-property-descriptor.js'
npm warn tar TAR_ENTRY_ERROR ENOENT: no such file or directory, open '/home/kavia/workspace/code-generation/tictacplus-persistent-fullstack-tic-tac-toe-61826-a614edb6/tic_tac_toe_frontend/node_modules/core-js-pure/actual/reflect/get-prototype-of.js'
npm warn tar TAR_ENTRY_ERROR ENOENT: no such file or directory, open '/home/kavia/workspace/code-generation/tictacplus-persistent-fullstack-tic-tac-toe-61826-a614edb6/tic_tac_toe_frontend/node_modules/core-js/actual/object/get-own-property-descriptors.js'
npm warn tar TAR_ENTRY_ERROR ENOENT: no such file or directory, open '/home/kavia/workspace/code-generation/tictacplus-persistent-fullstack-tic-tac-toe-61826-a614edb6/tic_tac_toe_frontend/node_modules/core-js-pure/es/object/get-prototype-of.js'
npm warn tar TAR_ENTRY_ERROR ENOENT: no such file or directory, open '/home/kavia/workspace/code-generation/tictacplus-persistent-fullstack-tic-tac-toe-61826-a614edb6/tic_tac_toe_frontend/node_modules/core-js/es/object/get-own-property-descriptors.js'
npm warn tar TAR_ENTRY_ERROR ENOENT: no such file or directory, open '/home/kavia/workspace/code-generation/tictacplus-persistent-fullstack-tic-tac-toe-61826-a614edb6/tic_tac_toe_frontend/node_modules/core-js-pure/es/reflect/get-prototype-of.js'
npm warn tar TAR_ENTRY_ERROR ENOENT: no such file or directory, open '/home/kavia/workspace/code-generation/tictacplus-persistent-fullstack-tic-tac-toe-61826-a614edb6/tic_tac_toe_frontend/node_modules/core-js/features/object/get-own-property-descriptors.js'
npm warn tar TAR_ENTRY_ERROR ENOENT: no such file or directory, open '/home/kavia/workspace/code-generation/tictacplus-persistent-fullstack-tic-tac-toe-61826-a614edb6/tic_tac_toe_frontend/node_modules/core-js-pure/features/object/get-prototype-of.js'
npm warn tar TAR_ENTRY_ERROR ENOENT: no such file or directory, open '/home/kavia/workspace/code-generation/tictacplus-persistent-fullstack-tic-tac-toe-61826-a614edb6/tic_tac_toe_frontend/node_modules/core-js/full/object/get-own-property-descriptors.js'
npm warn tar TAR_ENTRY_ERROR ENOENT: no such file or directory, open '/home/kavia/workspace/code-generation/tictacplus-persistent-fullstack-tic-tac-toe-61826-a614edb6/tic_tac_toe_frontend/node_modules/core-js-pure/features/reflect/get-prototype-of.js'
npm warn tar TAR_ENTRY_ERROR ENOENT: no such file or directory, open '/home/kavia/workspace/code-generation/tictacplus-persistent-fullstack-tic-tac-toe-61826-a614edb6/tic_tac_toe_frontend/node_modules/core-js/stable/object/get-own-property-descriptors.js'
npm warn tar TAR_ENTRY_ERROR ENOENT: no such file or directory, open '/home/kavia/workspace/code-generation/tictacplus-persistent-fullstack-tic-tac-toe-61826-a614edb6/tic_tac_toe_frontend/node_modules/core-js-pure/full/object/get-prototype-of.js'
npm warn tar TAR_ENTRY_ERROR ENOENT: no such file or directory, open '/home/kavia/workspace/code-generation/tictacplus-persistent-fullstack-tic-tac-toe-61826-a614edb6/tic_tac_toe_frontend/node_modules/core-js/actual/object/get-own-property-names.js'
npm warn tar TAR_ENTRY_ERROR ENOENT: no such file or directory, open '/home/kavia/workspace/code-generation/tictacplus-persistent-fullstack-tic-tac-toe-61826-a614edb6/tic_tac_toe_frontend/node_modules/core-js-pure/full/reflect/get-prototype-of.js'
npm warn tar TAR_ENTRY_ERROR ENOENT: no such file or directory, open '/home/kavia/workspace/code-generation/tictacplus-persistent-fullstack-tic-tac-toe-61826-a614edb6/tic_tac_toe_frontend/node_modules/core-js/es/object/get-own-property-names.js'
npm warn tar TAR_ENTRY_ERROR ENOENT: no such file or directory, open '/home/kavia/workspace/code-generation/tictacplus-persistent-fullstack-tic-tac-toe-61826-a614edb6/tic_tac_toe_frontend/node_modules/core-js-pure/stable/object/get-prototype-of.js'
npm warn tar TAR_ENTRY_ERROR ENOENT: no such file or directory, open '/home/kavia/workspace/code-generation/tictacplus-persistent-fullstack-tic-tac-toe-61826-a614edb6/tic_tac_toe_frontend/node_modules/core-js/features/object/get-own-property-names.js'
npm warn tar TAR_ENTRY_ERROR ENOENT: no such file or directory, open '/home/kavia/workspace/code-generation/tictacplus-persistent-fullstack-tic-tac-toe-61826-a614edb6/tic_tac_toe_frontend/node_modules/core-js-pure/stable/reflect/get-prototype-of.js'
npm warn tar TAR_ENTRY_ERROR ENOENT: no such file or directory, open '/home/kavia/workspace/code-generation/tictacplus-persistent-fullstack-tic-tac-toe-61826-a614edb6/tic_tac_toe_frontend/node_modules/core-js/full/object/get-own-property-names.js'
npm warn tar TAR_ENTRY_ERROR ENOENT: no such file or directory, open '/home/kavia/workspace/code-generation/tictacplus-persistent-fullstack-tic-tac-toe-61826-a614edb6/tic_tac_toe_frontend/node_modules/core-js-pure/internals/get-set-record.js'
npm warn tar TAR_ENTRY_ERROR ENOENT: no such file or directory, open '/home/kavia/workspace/code-generation/tictacplus-persistent-fullstack-tic-tac-toe-61826-a614edb6/tic_tac_toe_frontend/node_modules/core-js/stable/object/get-own-property-names.js'
npm warn tar TAR_ENTRY_ERROR ENOENT: no such file or directory, open '/home/kavia/workspace/code-generation/tictacplus-persistent-fullstack-tic-tac-toe-61826-a614edb6/tic_tac_toe_frontend/node_modules/core-js-pure/internals/get-substitution.js'
npm warn tar TAR_ENTRY_ERROR ENOENT: no such file or directory, open '/home/kavia/workspace/code-generation/tictacplus-persistent-fullstack-tic-tac-toe-61826-a614edb6/tic_tac_toe_frontend/node_modules/core-js/actual/object/get-own-property-symbols.js'
npm warn tar TAR_ENTRY_ERROR ENOENT: no such file or directory, open '/home/kavia/workspace/code-generation/tictacplus-persistent-fullstack-tic-tac-toe-61826-a614edb6/tic_tac_toe_frontend/node_modules/core-js/es/object/get-own-property-symbols.js'
npm warn tar TAR_ENTRY_ERROR ENOENT: no such file or directory, open '/home/kavia/workspace/code-generation/tictacplus-persistent-fullstack-tic-tac-toe-61826-a614edb6/tic_tac_toe_frontend/node_modules/core-js/features/object/get-own-property-symbols.js'
npm warn tar TAR_ENTRY_ERROR ENOENT: no such file or directory, open '/home/kavia/workspace/code-generation/tictacplus-persistent-fullstack-tic-tac-toe-61826-a614edb6/tic_tac_toe_frontend/node_modules/core-js/full/object/get-own-property-symbols.js'
npm warn tar TAR_ENTRY_ERROR ENOENT: no such file or directory, open '/home/kavia/workspace/code-generation/tictacplus-persistent-fullstack-tic-tac-toe-61826-a614edb6/tic_tac_toe_frontend/node_modules/core-js/stable/object/get-own-property-symbols.js'
npm warn tar TAR_ENTRY_ERROR ENOENT: no such file or directory, open '/home/kavia/workspace/code-generation/tictacplus-persistent-fullstack-tic-tac-toe-61826-a614edb6/tic_tac_toe_frontend/node_modules/core-js/actual/object/get-prototype-of.js'
npm warn tar TAR_ENTRY_ERROR ENOENT: no such file or directory, open '/home/kavia/workspace/code-generation/tictacplus-persistent-fullstack-tic-tac-toe-61826-a614edb6/tic_tac_toe_frontend/node_modules/core-js/actual/reflect/get-prototype-of.js'
npm warn tar TAR_ENTRY_ERROR ENOENT: no such file or directory, open '/home/kavia/workspace/code-generation/tictacplus-persistent-fullstack-tic-tac-toe-61826-a614edb6/tic_tac_toe_frontend/node_modules/core-js/es/object/get-prototype-of.js'
npm warn tar TAR_ENTRY_ERROR ENOENT: no such file or directory, open '/home/kavia/workspace/code-generation/tictacplus-persistent-fullstack-tic-tac-toe-61826-a614edb6/tic_tac_toe_frontend/node_modules/core-js/es/reflect/get-prototype-of.js'
npm warn tar TAR_ENTRY_ERROR ENOENT: no such file or directory, open '/home/kavia/workspace/code-generation/tictacplus-persistent-fullstack-tic-tac-toe-61826-a614edb6/tic_tac_toe_frontend/node_modules/es-abstract/2020/BigInt/subtract.js'
npm warn tar TAR_ENTRY_ERROR ENOENT: no such file or directory, open '/home/kavia/workspace/code-generation/tictacplus-persistent-fullstack-tic-tac-toe-61826-a614edb6/tic_tac_toe_frontend/node_modules/core-js/features/object/get-prototype-of.js'
npm warn tar TAR_ENTRY_ERROR ENOENT: no such file or directory, open '/home/kavia/workspace/code-generation/tictacplus-persistent-fullstack-tic-tac-toe-61826-a614edb6/tic_tac_toe_frontend/node_modules/es-abstract/2020/Number/subtract.js'
npm warn tar TAR_ENTRY_ERROR ENOENT: no such file or directory, open '/home/kavia/workspace/code-generation/tictacplus-persistent-fullstack-tic-tac-toe-61826-a614edb6/tic_tac_toe_frontend/node_modules/core-js/features/reflect/get-prototype-of.js'
npm warn tar TAR_ENTRY_ERROR ENOENT: no such file or directory, open '/home/kavia/workspace/code-generation/tictacplus-persistent-fullstack-tic-tac-toe-61826-a614edb6/tic_tac_toe_frontend/node_modules/es-abstract/2021/BigInt/subtract.js'
npm warn tar TAR_ENTRY_ERROR ENOENT: no such file or directory, open '/home/kavia/workspace/code-generation/tictacplus-persistent-fullstack-tic-tac-toe-61826-a614edb6/tic_tac_toe_frontend/node_modules/core-js/full/object/get-prototype-of.js'
npm warn tar TAR_ENTRY_ERROR ENOENT: no such file or directory, open '/home/kavia/workspace/code-generation/tictacplus-persistent-fullstack-tic-tac-toe-61826-a614edb6/tic_tac_toe_frontend/node_modules/es-abstract/2021/Number/subtract.js'
npm warn tar TAR_ENTRY_ERROR ENOENT: no such file or directory, open '/home/kavia/workspace/code-generation/tictacplus-persistent-fullstack-tic-tac-toe-61826-a614edb6/tic_tac_toe_frontend/node_modules/core-js/full/reflect/get-prototype-of.js'
npm warn tar TAR_ENTRY_ERROR ENOENT: no such file or directory, open '/home/kavia/workspace/code-generation/tictacplus-persistent-fullstack-tic-tac-toe-61826-a614edb6/tic_tac_toe_frontend/node_modules/es-abstract/2022/BigInt/subtract.js'
npm warn tar TAR_ENTRY_ERROR ENOENT: no such file or directory, open '/home/kavia/workspace/code-generation/tictacplus-persistent-fullstack-tic-tac-toe-61826-a614edb6/tic_tac_toe_frontend/node_modules/core-js-pure/actual/reflect/get.js'
npm warn tar TAR_ENTRY_ERROR ENOENT: no such file or directory, open '/home/kavia/workspace/code-generation/tictacplus-persistent-fullstack-tic-tac-toe-61826-a614edb6/tic_tac_toe_frontend/node_modules/core-js/stable/object/get-prototype-of.js'
npm warn tar TAR_ENTRY_ERROR ENOENT: no such file or directory, open '/home/kavia/workspace/code-generation/tictacplus-persistent-fullstack-tic-tac-toe-61826-a614edb6/tic_tac_toe_frontend/node_modules/es-abstract/2022/Number/subtract.js'
npm warn tar TAR_ENTRY_ERROR ENOENT: no such file or directory, open '/home/kavia/workspace/code-generation/tictacplus-persistent-fullstack-tic-tac-toe-61826-a614edb6/tic_tac_toe_frontend/node_modules/core-js-pure/es/reflect/get.js'
npm warn tar TAR_ENTRY_ERROR ENOENT: no such file or directory, open '/home/kavia/workspace/code-generation/tictacplus-persistent-fullstack-tic-tac-toe-61826-a614edb6/tic_tac_toe_frontend/node_modules/core-js/stable/reflect/get-prototype-of.js'
npm warn tar TAR_ENTRY_ERROR ENOENT: no such file or directory, open '/home/kavia/workspace/code-generation/tictacplus-persistent-fullstack-tic-tac-toe-61826-a614edb6/tic_tac_toe_frontend/node_modules/es-abstract/2023/BigInt/subtract.js'
npm warn tar TAR_ENTRY_ERROR ENOENT: no such file or directory, open '/home/kavia/workspace/code-generation/tictacplus-persistent-fullstack-tic-tac-toe-61826-a614edb6/tic_tac_toe_frontend/node_modules/core-js-pure/features/reflect/get.js'
npm warn tar TAR_ENTRY_ERROR ENOENT: no such file or directory, open '/home/kavia/workspace/code-generation/tictacplus-persistent-fullstack-tic-tac-toe-61826-a614edb6/tic_tac_toe_frontend/node_modules/core-js/internals/get-set-record.js'
npm warn tar TAR_ENTRY_ERROR ENOENT: no such file or directory, open '/home/kavia/workspace/code-generation/tictacplus-persistent-fullstack-tic-tac-toe-61826-a614edb6/tic_tac_toe_frontend/node_modules/es-abstract/2023/Number/subtract.js'
npm warn tar TAR_ENTRY_ERROR ENOENT: no such file or directory, open '/home/kavia/workspace/code-generation/tictacplus-persistent-fullstack-tic-tac-toe-61826-a614edb6/tic_tac_toe_frontend/node_modules/core-js-pure/full/reflect/get.js'
npm warn tar TAR_ENTRY_ERROR ENOENT: no such file or directory, open '/home/kavia/workspace/code-generation/tictacplus-persistent-fullstack-tic-tac-toe-61826-a614edb6/tic_tac_toe_frontend/node_modules/core-js/internals/get-substitution.js'
npm warn tar TAR_ENTRY_ERROR ENOENT: no such file or directory, open '/home/kavia/workspace/code-generation/tictacplus-persistent-fullstack-tic-tac-toe-61826-a614edb6/tic_tac_toe_frontend/node_modules/es-abstract/2024/BigInt/subtract.js'
npm warn tar TAR_ENTRY_ERROR ENOENT: no such file or directory, open '/home/kavia/workspace/code-generation/tictacplus-persistent-fullstack-tic-tac-toe-61826-a614edb6/tic_tac_toe_frontend/node_modules/core-js-pure/stable/reflect/get.js'
npm warn tar TAR_ENTRY_ERROR ENOENT: no such file or directory, open '/home/kavia/workspace/code-generation/tictacplus-persistent-fullstack-tic-tac-toe-61826-a614edb6/tic_tac_toe_frontend/node_modules/es-abstract/2024/Number/subtract.js'
npm warn tar TAR_ENTRY_ERROR ENOENT: no such file or directory, open '/home/kavia/workspace/code-generation/tictacplus-persistent-fullstack-tic-tac-toe-61826-a614edb6/tic_tac_toe_frontend/node_modules/core-js-pure/internals/global-this.js'
npm warn tar TAR_ENTRY_ERROR ENOENT: no such file or directory, open '/home/kavia/workspace/code-generation/tictacplus-persistent-fullstack-tic-tac-toe-61826-a614edb6/tic_tac_toe_frontend/node_modules/core-js-pure/proposals/global-this.js'
npm warn tar TAR_ENTRY_ERROR ENOENT: no such file or directory, open '/home/kavia/workspace/code-generation/tictacplus-persistent-fullstack-tic-tac-toe-61826-a614edb6/tic_tac_toe_frontend/node_modules/core-js/actual/reflect/get.js'
npm warn tar TAR_ENTRY_ERROR ENOENT: no such file or directory, open '/home/kavia/workspace/code-generation/tictacplus-persistent-fullstack-tic-tac-toe-61826-a614edb6/tic_tac_toe_frontend/node_modules/core-js/es/reflect/get.js'
npm warn tar TAR_ENTRY_ERROR ENOENT: no such file or directory, open '/home/kavia/workspace/code-generation/tictacplus-persistent-fullstack-tic-tac-toe-61826-a614edb6/tic_tac_toe_frontend/node_modules/core-js/features/reflect/get.js'
npm warn tar TAR_ENTRY_ERROR ENOENT: no such file or directory, open '/home/kavia/workspace/code-generation/tictacplus-persistent-fullstack-tic-tac-toe-61826-a614edb6/tic_tac_toe_frontend/node_modules/core-js/full/reflect/get.js'
npm warn tar TAR_ENTRY_ERROR ENOENT: no such file or directory, open '/home/kavia/workspace/code-generation/tictacplus-persistent-fullstack-tic-tac-toe-61826-a614edb6/tic_tac_toe_frontend/node_modules/core-js/stable/reflect/get.js'
npm warn tar TAR_ENTRY_ERROR ENOENT: no such file or directory, open '/home/kavia/workspace/code-generation/tictacplus-persistent-fullstack-tic-tac-toe-61826-a614edb6/tic_tac_toe_frontend/node_modules/core-js/internals/global-this.js'
npm warn tar TAR_ENTRY_ERROR ENOENT: no such file or directory, open '/home/kavia/workspace/code-generation/tictacplus-persistent-fullstack-tic-tac-toe-61826-a614edb6/tic_tac_toe_frontend/node_modules/core-js-pure/actual/object/group-by.js'
npm warn tar TAR_ENTRY_ERROR ENOENT: no such file or directory, open '/home/kavia/workspace/code-generation/tictacplus-persistent-fullstack-tic-tac-toe-61826-a614edb6/tic_tac_toe_frontend/node_modules/core-js/proposals/global-this.js'
npm warn tar TAR_ENTRY_ERROR ENOENT: no such file or directory, open '/home/kavia/workspace/code-generation/tictacplus-persistent-fullstack-tic-tac-toe-61826-a614edb6/tic_tac_toe_frontend/node_modules/core-js-pure/es/object/group-by.js'
npm warn tar TAR_ENTRY_ERROR ENOENT: no such file or directory, open '/home/kavia/workspace/code-generation/tictacplus-persistent-fullstack-tic-tac-toe-61826-a614edb6/tic_tac_toe_frontend/node_modules/core-js-pure/features/object/group-by.js'
npm warn tar TAR_ENTRY_ERROR ENOENT: no such file or directory, open '/home/kavia/workspace/code-generation/tictacplus-persistent-fullstack-tic-tac-toe-61826-a614edb6/tic_tac_toe_frontend/node_modules/core-js-pure/full/object/group-by.js'
npm warn tar TAR_ENTRY_ERROR ENOENT: no such file or directory, open '/home/kavia/workspace/code-generation/tictacplus-persistent-fullstack-tic-tac-toe-61826-a614edb6/tic_tac_toe_frontend/node_modules/core-js/actual/object/group-by.js'
npm warn tar TAR_ENTRY_ERROR ENOENT: no such file or directory, open '/home/kavia/workspace/code-generation/tictacplus-persistent-fullstack-tic-tac-toe-61826-a614edb6/tic_tac_toe_frontend/node_modules/core-js-pure/stable/object/group-by.js'
npm warn tar TAR_ENTRY_ERROR ENOENT: no such file or directory, open '/home/kavia/workspace/code-generation/tictacplus-persistent-fullstack-tic-tac-toe-61826-a614edb6/tic_tac_toe_frontend/node_modules/core-js/es/object/group-by.js'
npm warn tar TAR_ENTRY_ERROR ENOENT: no such file or directory, open '/home/kavia/workspace/code-generation/tictacplus-persistent-fullstack-tic-tac-toe-61826-a614edb6/tic_tac_toe_frontend/node_modules/core-js/features/object/group-by.js'
npm warn tar TAR_ENTRY_ERROR ENOENT: no such file or directory, open '/home/kavia/workspace/code-generation/tictacplus-persistent-fullstack-tic-tac-toe-61826-a614edb6/tic_tac_toe_frontend/node_modules/core-js/full/object/group-by.js'
npm warn tar TAR_ENTRY_ERROR ENOENT: no such file or directory, open '/home/kavia/workspace/code-generation/tictacplus-persistent-fullstack-tic-tac-toe-61826-a614edb6/tic_tac_toe_frontend/node_modules/core-js/stable/object/group-by.js'
npm warn tar TAR_ENTRY_ERROR ENOENT: no such file or directory, open '/home/kavia/workspace/code-generation/tictacplus-persistent-fullstack-tic-tac-toe-61826-a614edb6/tic_tac_toe_frontend/node_modules/core-js-pure/actual/function/has-instance.js'
npm warn tar TAR_ENTRY_ERROR ENOENT: no such file or directory, open '/home/kavia/workspace/code-generation/tictacplus-persistent-fullstack-tic-tac-toe-61826-a614edb6/tic_tac_toe_frontend/node_modules/core-js-pure/actual/symbol/has-instance.js'
npm warn tar TAR_ENTRY_ERROR ENOENT: no such file or directory, open '/home/kavia/workspace/code-generation/tictacplus-persistent-fullstack-tic-tac-toe-61826-a614edb6/tic_tac_toe_frontend/node_modules/core-js-pure/es/function/has-instance.js'
npm warn tar TAR_ENTRY_ERROR ENOENT: no such file or directory, open '/home/kavia/workspace/code-generation/tictacplus-persistent-fullstack-tic-tac-toe-61826-a614edb6/tic_tac_toe_frontend/node_modules/core-js-pure/es/symbol/has-instance.js'
npm warn tar TAR_ENTRY_ERROR ENOENT: no such file or directory, open '/home/kavia/workspace/code-generation/tictacplus-persistent-fullstack-tic-tac-toe-61826-a614edb6/tic_tac_toe_frontend/node_modules/core-js-pure/features/function/has-instance.js'
npm warn tar TAR_ENTRY_ERROR ENOENT: no such file or directory, open '/home/kavia/workspace/code-generation/tictacplus-persistent-fullstack-tic-tac-toe-61826-a614edb6/tic_tac_toe_frontend/node_modules/core-js-pure/features/symbol/has-instance.js'
npm warn tar TAR_ENTRY_ERROR ENOENT: no such file or directory, open '/home/kavia/workspace/code-generation/tictacplus-persistent-fullstack-tic-tac-toe-61826-a614edb6/tic_tac_toe_frontend/node_modules/core-js-pure/full/function/has-instance.js'
npm warn tar TAR_ENTRY_ERROR ENOENT: no such file or directory, open '/home/kavia/workspace/code-generation/tictacplus-persistent-fullstack-tic-tac-toe-61826-a614edb6/tic_tac_toe_frontend/node_modules/core-js-pure/full/symbol/has-instance.js'
npm warn tar TAR_ENTRY_ERROR ENOENT: no such file or directory, open '/home/kavia/workspace/code-generation/tictacplus-persistent-fullstack-tic-tac-toe-61826-a614edb6/tic_tac_toe_frontend/node_modules/core-js-pure/stable/function/has-instance.js'
npm warn tar TAR_ENTRY_ERROR ENOENT: no such file or directory, open '/home/kavia/workspace/code-generation/tictacplus-persistent-fullstack-tic-tac-toe-61826-a614edb6/tic_tac_toe_frontend/node_modules/core-js-pure/stable/symbol/has-instance.js'
npm warn tar TAR_ENTRY_ERROR ENOENT: no such file or directory, open '/home/kavia/workspace/code-generation/tictacplus-persistent-fullstack-tic-tac-toe-61826-a614edb6/tic_tac_toe_frontend/node_modules/core-js-pure/features/reflect/has-metadata.js'
npm warn tar TAR_ENTRY_ERROR ENOENT: no such file or directory, open '/home/kavia/workspace/code-generation/tictacplus-persistent-fullstack-tic-tac-toe-61826-a614edb6/tic_tac_toe_frontend/node_modules/core-js-pure/full/reflect/has-metadata.js'
npm warn tar TAR_ENTRY_ERROR ENOENT: no such file or directory, open '/home/kavia/workspace/code-generation/tictacplus-persistent-fullstack-tic-tac-toe-61826-a614edb6/tic_tac_toe_frontend/node_modules/core-js-pure/features/reflect/has-own-metadata.js'
npm warn tar TAR_ENTRY_ERROR ENOENT: no such file or directory, open '/home/kavia/workspace/code-generation/tictacplus-persistent-fullstack-tic-tac-toe-61826-a614edb6/tic_tac_toe_frontend/node_modules/core-js-pure/full/reflect/has-own-metadata.js'
npm warn tar TAR_ENTRY_ERROR ENOENT: no such file or directory, open '/home/kavia/workspace/code-generation/tictacplus-persistent-fullstack-tic-tac-toe-61826-a614edb6/tic_tac_toe_frontend/node_modules/core-js-pure/internals/has-own-property.js'
npm warn tar TAR_ENTRY_ERROR ENOENT: no such file or directory, open '/home/kavia/workspace/code-generation/tictacplus-persistent-fullstack-tic-tac-toe-61826-a614edb6/tic_tac_toe_frontend/node_modules/core-js-pure/actual/object/has-own.js'
npm warn tar TAR_ENTRY_ERROR ENOENT: no such file or directory, open '/home/kavia/workspace/code-generation/tictacplus-persistent-fullstack-tic-tac-toe-61826-a614edb6/tic_tac_toe_frontend/node_modules/core-js-pure/es/object/has-own.js'
npm warn tar TAR_ENTRY_ERROR ENOENT: no such file or directory, open '/home/kavia/workspace/code-generation/tictacplus-persistent-fullstack-tic-tac-toe-61826-a614edb6/tic_tac_toe_frontend/node_modules/core-js/actual/function/has-instance.js'
npm warn tar TAR_ENTRY_ERROR ENOENT: no such file or directory, open '/home/kavia/workspace/code-generation/tictacplus-persistent-fullstack-tic-tac-toe-61826-a614edb6/tic_tac_toe_frontend/node_modules/core-js-pure/features/object/has-own.js'
npm warn tar TAR_ENTRY_ERROR ENOENT: no such file or directory, open '/home/kavia/workspace/code-generation/tictacplus-persistent-fullstack-tic-tac-toe-61826-a614edb6/tic_tac_toe_frontend/node_modules/core-js/actual/symbol/has-instance.js'
npm warn tar TAR_ENTRY_ERROR ENOENT: no such file or directory, open '/home/kavia/workspace/code-generation/tictacplus-persistent-fullstack-tic-tac-toe-61826-a614edb6/tic_tac_toe_frontend/node_modules/core-js-pure/full/object/has-own.js'
npm warn tar TAR_ENTRY_ERROR ENOENT: no such file or directory, open '/home/kavia/workspace/code-generation/tictacplus-persistent-fullstack-tic-tac-toe-61826-a614edb6/tic_tac_toe_frontend/node_modules/core-js/es/function/has-instance.js'
npm warn tar TAR_ENTRY_ERROR ENOENT: no such file or directory, open '/home/kavia/workspace/code-generation/tictacplus-persistent-fullstack-tic-tac-toe-61826-a614edb6/tic_tac_toe_frontend/node_modules/core-js-pure/stable/object/has-own.js'
npm warn tar TAR_ENTRY_ERROR ENOENT: no such file or directory, open '/home/kavia/workspace/code-generation/tictacplus-persistent-fullstack-tic-tac-toe-61826-a614edb6/tic_tac_toe_frontend/node_modules/core-js/es/symbol/has-instance.js'
npm warn tar TAR_ENTRY_ERROR ENOENT: no such file or directory, open '/home/kavia/workspace/code-generation/tictacplus-persistent-fullstack-tic-tac-toe-61826-a614edb6/tic_tac_toe_frontend/node_modules/core-js-pure/actual/reflect/has.js'
npm warn tar TAR_ENTRY_ERROR ENOENT: no such file or directory, open '/home/kavia/workspace/code-generation/tictacplus-persistent-fullstack-tic-tac-toe-61826-a614edb6/tic_tac_toe_frontend/node_modules/core-js/features/function/has-instance.js'
npm warn tar TAR_ENTRY_ERROR ENOENT: no such file or directory, open '/home/kavia/workspace/code-generation/tictacplus-persistent-fullstack-tic-tac-toe-61826-a614edb6/tic_tac_toe_frontend/node_modules/core-js-pure/es/reflect/has.js'
npm warn tar TAR_ENTRY_ERROR ENOENT: no such file or directory, open '/home/kavia/workspace/code-generation/tictacplus-persistent-fullstack-tic-tac-toe-61826-a614edb6/tic_tac_toe_frontend/node_modules/core-js/features/symbol/has-instance.js'
npm warn tar TAR_ENTRY_ERROR ENOENT: no such file or directory, open '/home/kavia/workspace/code-generation/tictacplus-persistent-fullstack-tic-tac-toe-61826-a614edb6/tic_tac_toe_frontend/node_modules/core-js-pure/features/reflect/has.js'
npm warn tar TAR_ENTRY_ERROR ENOENT: no such file or directory, open '/home/kavia/workspace/code-generation/tictacplus-persistent-fullstack-tic-tac-toe-61826-a614edb6/tic_tac_toe_frontend/node_modules/core-js/full/function/has-instance.js'
npm warn tar TAR_ENTRY_ERROR ENOENT: no such file or directory, open '/home/kavia/workspace/code-generation/tictacplus-persistent-fullstack-tic-tac-toe-61826-a614edb6/tic_tac_toe_frontend/node_modules/core-js-pure/full/reflect/has.js'
npm warn tar TAR_ENTRY_ERROR ENOENT: no such file or directory, open '/home/kavia/workspace/code-generation/tictacplus-persistent-fullstack-tic-tac-toe-61826-a614edb6/tic_tac_toe_frontend/node_modules/core-js/full/symbol/has-instance.js'
npm warn tar TAR_ENTRY_ERROR ENOENT: no such file or directory, open '/home/kavia/workspace/code-generation/tictacplus-persistent-fullstack-tic-tac-toe-61826-a614edb6/tic_tac_toe_frontend/node_modules/core-js-pure/stable/reflect/has.js'
npm warn tar TAR_ENTRY_ERROR ENOENT: no such file or directory, open '/home/kavia/workspace/code-generation/tictacplus-persistent-fullstack-tic-tac-toe-61826-a614edb6/tic_tac_toe_frontend/node_modules/core-js/stable/function/has-instance.js'
npm warn tar TAR_ENTRY_ERROR ENOENT: no such file or directory, open '/home/kavia/workspace/code-generation/tictacplus-persistent-fullstack-tic-tac-toe-61826-a614edb6/tic_tac_toe_frontend/node_modules/core-js-pure/internals/hidden-keys.js'
npm warn tar TAR_ENTRY_ERROR ENOENT: no such file or directory, open '/home/kavia/workspace/code-generation/tictacplus-persistent-fullstack-tic-tac-toe-61826-a614edb6/tic_tac_toe_frontend/node_modules/core-js/stable/symbol/has-instance.js'
npm warn tar TAR_ENTRY_ERROR ENOENT: no such file or directory, open '/home/kavia/workspace/code-generation/tictacplus-persistent-fullstack-tic-tac-toe-61826-a614edb6/tic_tac_toe_frontend/node_modules/core-js-pure/internals/host-report-errors.js'
npm warn tar TAR_ENTRY_ERROR ENOENT: no such file or directory, open '/home/kavia/workspace/code-generation/tictacplus-persistent-fullstack-tic-tac-toe-61826-a614edb6/tic_tac_toe_frontend/node_modules/core-js/features/reflect/has-metadata.js'
npm warn tar TAR_ENTRY_ERROR ENOENT: no such file or directory, open '/home/kavia/workspace/code-generation/tictacplus-persistent-fullstack-tic-tac-toe-61826-a614edb6/tic_tac_toe_frontend/node_modules/core-js-pure/internals/html.js'
npm warn tar TAR_ENTRY_ERROR ENOENT: no such file or directory, open '/home/kavia/workspace/code-generation/tictacplus-persistent-fullstack-tic-tac-toe-61826-a614edb6/tic_tac_toe_frontend/node_modules/core-js/full/reflect/has-metadata.js'
npm warn tar TAR_ENTRY_ERROR ENOENT: no such file or directory, open '/home/kavia/workspace/code-generation/tictacplus-persistent-fullstack-tic-tac-toe-61826-a614edb6/tic_tac_toe_frontend/node_modules/core-js-pure/actual/math/hypot.js'
npm warn tar TAR_ENTRY_ERROR ENOENT: no such file or directory, open '/home/kavia/workspace/code-generation/tictacplus-persistent-fullstack-tic-tac-toe-61826-a614edb6/tic_tac_toe_frontend/node_modules/core-js/features/reflect/has-own-metadata.js'
npm warn tar TAR_ENTRY_ERROR ENOENT: no such file or directory, open '/home/kavia/workspace/code-generation/tictacplus-persistent-fullstack-tic-tac-toe-61826-a614edb6/tic_tac_toe_frontend/node_modules/core-js-pure/es/math/hypot.js'
npm warn tar TAR_ENTRY_ERROR ENOENT: no such file or directory, open '/home/kavia/workspace/code-generation/tictacplus-persistent-fullstack-tic-tac-toe-61826-a614edb6/tic_tac_toe_frontend/node_modules/core-js/full/reflect/has-own-metadata.js'
npm warn tar TAR_ENTRY_ERROR ENOENT: no such file or directory, open '/home/kavia/workspace/code-generation/tictacplus-persistent-fullstack-tic-tac-toe-61826-a614edb6/tic_tac_toe_frontend/node_modules/core-js-pure/features/math/hypot.js'
npm warn tar TAR_ENTRY_ERROR ENOENT: no such file or directory, open '/home/kavia/workspace/code-generation/tictacplus-persistent-fullstack-tic-tac-toe-61826-a614edb6/tic_tac_toe_frontend/node_modules/core-js/internals/has-own-property.js'
npm warn tar TAR_ENTRY_ERROR ENOENT: no such file or directory, open '/home/kavia/workspace/code-generation/tictacplus-persistent-fullstack-tic-tac-toe-61826-a614edb6/tic_tac_toe_frontend/node_modules/core-js-pure/full/math/hypot.js'
npm warn tar TAR_ENTRY_ERROR ENOENT: no such file or directory, open '/home/kavia/workspace/code-generation/tictacplus-persistent-fullstack-tic-tac-toe-61826-a614edb6/tic_tac_toe_frontend/node_modules/core-js/actual/object/has-own.js'
npm warn tar TAR_ENTRY_ERROR ENOENT: no such file or directory, open '/home/kavia/workspace/code-generation/tictacplus-persistent-fullstack-tic-tac-toe-61826-a614edb6/tic_tac_toe_frontend/node_modules/core-js-pure/stable/math/hypot.js'
npm warn tar TAR_ENTRY_ERROR ENOENT: no such file or directory, open '/home/kavia/workspace/code-generation/tictacplus-persistent-fullstack-tic-tac-toe-61826-a614edb6/tic_tac_toe_frontend/node_modules/core-js/es/object/has-own.js'
npm warn tar TAR_ENTRY_ERROR ENOENT: no such file or directory, open '/home/kavia/workspace/code-generation/tictacplus-persistent-fullstack-tic-tac-toe-61826-a614edb6/tic_tac_toe_frontend/node_modules/core-js-pure/features/math/iaddh.js'
npm warn tar TAR_ENTRY_ERROR ENOENT: no such file or directory, open '/home/kavia/workspace/code-generation/tictacplus-persistent-fullstack-tic-tac-toe-61826-a614edb6/tic_tac_toe_frontend/node_modules/core-js/features/object/has-own.js'
npm warn tar TAR_ENTRY_ERROR ENOENT: no such file or directory, open '/home/kavia/workspace/code-generation/tictacplus-persistent-fullstack-tic-tac-toe-61826-a614edb6/tic_tac_toe_frontend/node_modules/core-js-pure/full/math/iaddh.js'
npm warn tar TAR_ENTRY_ERROR ENOENT: no such file or directory, open '/home/kavia/workspace/code-generation/tictacplus-persistent-fullstack-tic-tac-toe-61826-a614edb6/tic_tac_toe_frontend/node_modules/core-js/full/object/has-own.js'
npm warn tar TAR_ENTRY_ERROR ENOENT: no such file or directory, open '/home/kavia/workspace/code-generation/tictacplus-persistent-fullstack-tic-tac-toe-61826-a614edb6/tic_tac_toe_frontend/node_modules/core-js-pure/internals/ie8-dom-define.js'
npm warn tar TAR_ENTRY_ERROR ENOENT: no such file or directory, open '/home/kavia/workspace/code-generation/tictacplus-persistent-fullstack-tic-tac-toe-61826-a614edb6/tic_tac_toe_frontend/node_modules/core-js/stable/object/has-own.js'
npm warn tar TAR_ENTRY_ERROR ENOENT: no such file or directory, open '/home/kavia/workspace/code-generation/tictacplus-persistent-fullstack-tic-tac-toe-61826-a614edb6/tic_tac_toe_frontend/node_modules/core-js-pure/internals/ieee754.js'
npm warn tar TAR_ENTRY_ERROR ENOENT: no such file or directory, open '/home/kavia/workspace/code-generation/tictacplus-persistent-fullstack-tic-tac-toe-61826-a614edb6/tic_tac_toe_frontend/node_modules/core-js/actual/reflect/has.js'
npm warn tar TAR_ENTRY_ERROR ENOENT: no such file or directory, open '/home/kavia/workspace/code-generation/tictacplus-persistent-fullstack-tic-tac-toe-61826-a614edb6/tic_tac_toe_frontend/node_modules/core-js-pure/web/immediate.js'
npm warn tar TAR_ENTRY_ERROR ENOENT: no such file or directory, open '/home/kavia/workspace/code-generation/tictacplus-persistent-fullstack-tic-tac-toe-61826-a614edb6/tic_tac_toe_frontend/node_modules/core-js/es/reflect/has.js'
npm warn tar TAR_ENTRY_ERROR ENOENT: no such file or directory, open '/home/kavia/workspace/code-generation/tictacplus-persistent-fullstack-tic-tac-toe-61826-a614edb6/tic_tac_toe_frontend/node_modules/core-js-pure/actual/math/imul.js'
npm warn tar TAR_ENTRY_ERROR ENOENT: no such file or directory, open '/home/kavia/workspace/code-generation/tictacplus-persistent-fullstack-tic-tac-toe-61826-a614edb6/tic_tac_toe_frontend/node_modules/core-js/features/reflect/has.js'
npm warn tar TAR_ENTRY_ERROR ENOENT: no such file or directory, open '/home/kavia/workspace/code-generation/tictacplus-persistent-fullstack-tic-tac-toe-61826-a614edb6/tic_tac_toe_frontend/node_modules/core-js-pure/es/math/imul.js'
npm warn tar TAR_ENTRY_ERROR ENOENT: no such file or directory, open '/home/kavia/workspace/code-generation/tictacplus-persistent-fullstack-tic-tac-toe-61826-a614edb6/tic_tac_toe_frontend/node_modules/core-js/full/reflect/has.js'
npm warn tar TAR_ENTRY_ERROR ENOENT: no such file or directory, open '/home/kavia/workspace/code-generation/tictacplus-persistent-fullstack-tic-tac-toe-61826-a614edb6/tic_tac_toe_frontend/node_modules/core-js-pure/features/math/imul.js'
npm warn tar TAR_ENTRY_ERROR ENOENT: no such file or directory, open '/home/kavia/workspace/code-generation/tictacplus-persistent-fullstack-tic-tac-toe-61826-a614edb6/tic_tac_toe_frontend/node_modules/core-js/stable/reflect/has.js'
npm warn tar TAR_ENTRY_ERROR ENOENT: no such file or directory, open '/home/kavia/workspace/code-generation/tictacplus-persistent-fullstack-tic-tac-toe-61826-a614edb6/tic_tac_toe_frontend/node_modules/core-js-pure/full/math/imul.js'
npm warn tar TAR_ENTRY_ERROR ENOENT: no such file or directory, open '/home/kavia/workspace/code-generation/tictacplus-persistent-fullstack-tic-tac-toe-61826-a614edb6/tic_tac_toe_frontend/node_modules/core-js/internals/hidden-keys.js'
npm warn tar TAR_ENTRY_ERROR ENOENT: no such file or directory, open '/home/kavia/workspace/code-generation/tictacplus-persistent-fullstack-tic-tac-toe-61826-a614edb6/tic_tac_toe_frontend/node_modules/core-js-pure/stable/math/imul.js'
npm warn tar TAR_ENTRY_ERROR ENOENT: no such file or directory, open '/home/kavia/workspace/code-generation/tictacplus-persistent-fullstack-tic-tac-toe-61826-a614edb6/tic_tac_toe_frontend/node_modules/core-js/internals/host-report-errors.js'
npm warn tar TAR_ENTRY_ERROR ENOENT: no such file or directory, open '/home/kavia/workspace/code-generation/tictacplus-persistent-fullstack-tic-tac-toe-61826-a614edb6/tic_tac_toe_frontend/node_modules/core-js-pure/features/math/imulh.js'
npm warn tar TAR_ENTRY_ERROR ENOENT: no such file or directory, open '/home/kavia/workspace/code-generation/tictacplus-persistent-fullstack-tic-tac-toe-61826-a614edb6/tic_tac_toe_frontend/node_modules/core-js/internals/html.js'
npm warn tar TAR_ENTRY_ERROR ENOENT: no such file or directory, open '/home/kavia/workspace/code-generation/tictacplus-persistent-fullstack-tic-tac-toe-61826-a614edb6/tic_tac_toe_frontend/node_modules/core-js-pure/full/math/imulh.js'
npm warn tar TAR_ENTRY_ERROR ENOENT: no such file or directory, open '/home/kavia/workspace/code-generation/tictacplus-persistent-fullstack-tic-tac-toe-61826-a614edb6/tic_tac_toe_frontend/node_modules/core-js/actual/math/hypot.js'
npm warn tar TAR_ENTRY_ERROR ENOENT: no such file or directory, open '/home/kavia/workspace/code-generation/tictacplus-persistent-fullstack-tic-tac-toe-61826-a614edb6/tic_tac_toe_frontend/node_modules/core-js/es/math/hypot.js'
npm warn tar TAR_ENTRY_ERROR ENOENT: no such file or directory, open '/home/kavia/workspace/code-generation/tictacplus-persistent-fullstack-tic-tac-toe-61826-a614edb6/tic_tac_toe_frontend/node_modules/core-js/features/math/hypot.js'
npm warn tar TAR_ENTRY_ERROR ENOENT: no such file or directory, open '/home/kavia/workspace/code-generation/tictacplus-persistent-fullstack-tic-tac-toe-61826-a614edb6/tic_tac_toe_frontend/node_modules/core-js/full/math/hypot.js'
npm warn tar TAR_ENTRY_ERROR ENOENT: no such file or directory, open '/home/kavia/workspace/code-generation/tictacplus-persistent-fullstack-tic-tac-toe-61826-a614edb6/tic_tac_toe_frontend/node_modules/core-js/stable/math/hypot.js'
npm warn tar TAR_ENTRY_ERROR ENOENT: no such file or directory, open '/home/kavia/workspace/code-generation/tictacplus-persistent-fullstack-tic-tac-toe-61826-a614edb6/tic_tac_toe_frontend/node_modules/core-js/features/math/iaddh.js'
npm warn tar TAR_ENTRY_ERROR ENOENT: no such file or directory, open '/home/kavia/workspace/code-generation/tictacplus-persistent-fullstack-tic-tac-toe-61826-a614edb6/tic_tac_toe_frontend/node_modules/core-js/full/math/iaddh.js'
npm warn tar TAR_ENTRY_ERROR ENOENT: no such file or directory, open '/home/kavia/workspace/code-generation/tictacplus-persistent-fullstack-tic-tac-toe-61826-a614edb6/tic_tac_toe_frontend/node_modules/core-js/internals/ie8-dom-define.js'
npm warn tar TAR_ENTRY_ERROR ENOENT: no such file or directory, open '/home/kavia/workspace/code-generation/tictacplus-persistent-fullstack-tic-tac-toe-61826-a614edb6/tic_tac_toe_frontend/node_modules/core-js/internals/ieee754.js'
npm warn tar TAR_ENTRY_ERROR ENOENT: no such file or directory, open '/home/kavia/workspace/code-generation/tictacplus-persistent-fullstack-tic-tac-toe-61826-a614edb6/tic_tac_toe_frontend/node_modules/core-js/web/immediate.js'
npm warn tar TAR_ENTRY_ERROR ENOENT: no such file or directory, open '/home/kavia/workspace/code-generation/tictacplus-persistent-fullstack-tic-tac-toe-61826-a614edb6/tic_tac_toe_frontend/node_modules/core-js/actual/math/imul.js'
npm warn tar TAR_ENTRY_ERROR ENOENT: no such file or directory, open '/home/kavia/workspace/code-generation/tictacplus-persistent-fullstack-tic-tac-toe-61826-a614edb6/tic_tac_toe_frontend/node_modules/core-js/es/math/imul.js'
npm warn tar TAR_ENTRY_ERROR ENOENT: no such file or directory, open '/home/kavia/workspace/code-generation/tictacplus-persistent-fullstack-tic-tac-toe-61826-a614edb6/tic_tac_toe_frontend/node_modules/core-js/features/math/imul.js'
npm warn tar TAR_ENTRY_ERROR ENOENT: no such file or directory, open '/home/kavia/workspace/code-generation/tictacplus-persistent-fullstack-tic-tac-toe-61826-a614edb6/tic_tac_toe_frontend/node_modules/core-js/full/math/imul.js'
npm warn tar TAR_ENTRY_ERROR ENOENT: no such file or directory, open '/home/kavia/workspace/code-generation/tictacplus-persistent-fullstack-tic-tac-toe-61826-a614edb6/tic_tac_toe_frontend/node_modules/core-js/stable/math/imul.js'
npm warn tar TAR_ENTRY_ERROR ENOENT: no such file or directory, open '/home/kavia/workspace/code-generation/tictacplus-persistent-fullstack-tic-tac-toe-61826-a614edb6/tic_tac_toe_frontend/node_modules/core-js/features/math/imulh.js'
npm warn tar TAR_ENTRY_ERROR ENOENT: no such file or directory, open '/home/kavia/workspace/code-generation/tictacplus-persistent-fullstack-tic-tac-toe-61826-a614edb6/tic_tac_toe_frontend/node_modules/core-js/full/math/imulh.js'
npm warn tar TAR_ENTRY_ERROR ENOENT: no such file or directory, open '/home/kavia/workspace/code-generation/tictacplus-persistent-fullstack-tic-tac-toe-61826-a614edb6/tic_tac_toe_frontend/node_modules/typescript/lib/typescript.js'
npm warn tar TAR_ENTRY_ERROR ENOENT: no such file or directory, open '/home/kavia/workspace/code-generation/tictacplus-persistent-fullstack-tic-tac-toe-61826-a614edb6/tic_tac_toe_frontend/node_modules/core-js-pure/actual/array-buffer/index.js'
npm warn tar TAR_ENTRY_ERROR ENOENT: no such file or directory, open '/home/kavia/workspace/code-generation/tictacplus-persistent-fullstack-tic-tac-toe-61826-a614edb6/tic_tac_toe_frontend/node_modules/core-js-pure/actual/async-disposable-stack/index.js'
npm warn tar TAR_ENTRY_ERROR ENOENT: no such file or directory, open '/home/kavia/workspace/code-generation/tictacplus-persistent-fullstack-tic-tac-toe-61826-a614edb6/tic_tac_toe_frontend/node_modules/core-js-pure/actual/disposable-stack/index.js'
npm warn tar TAR_ENTRY_ERROR ENOENT: no such file or directory, open '/home/kavia/workspace/code-generation/tictacplus-persistent-fullstack-tic-tac-toe-61826-a614edb6/tic_tac_toe_frontend/node_modules/core-js-pure/actual/dom-exception/index.js'
npm warn tar TAR_ENTRY_ERROR ENOENT: no such file or directory, open '/home/kavia/workspace/code-generation/tictacplus-persistent-fullstack-tic-tac-toe-61826-a614edb6/tic_tac_toe_frontend/node_modules/core-js-pure/actual/error/index.js'
npm warn tar TAR_ENTRY_ERROR ENOENT: no such file or directory, open '/home/kavia/workspace/code-generation/tictacplus-persistent-fullstack-tic-tac-toe-61826-a614edb6/tic_tac_toe_frontend/node_modules/core-js-pure/actual/function/index.js'
npm warn tar TAR_ENTRY_ERROR ENOENT: no such file or directory, open '/home/kavia/workspace/code-generation/tictacplus-persistent-fullstack-tic-tac-toe-61826-a614edb6/tic_tac_toe_frontend/node_modules/core-js-pure/actual/function/virtual/index.js'
npm warn tar TAR_ENTRY_ERROR ENOENT: no such file or directory, open '/home/kavia/workspace/code-generation/tictacplus-persistent-fullstack-tic-tac-toe-61826-a614edb6/tic_tac_toe_frontend/node_modules/core-js/actual/array-buffer/index.js'
npm warn tar TAR_ENTRY_ERROR ENOENT: no such file or directory, open '/home/kavia/workspace/code-generation/tictacplus-persistent-fullstack-tic-tac-toe-61826-a614edb6/tic_tac_toe_frontend/node_modules/core-js-pure/actual/math/index.js'
npm warn tar TAR_ENTRY_ERROR ENOENT: no such file or directory, open '/home/kavia/workspace/code-generation/tictacplus-persistent-fullstack-tic-tac-toe-61826-a614edb6/tic_tac_toe_frontend/node_modules/core-js-pure/actual/number/index.js'
npm warn tar TAR_ENTRY_ERROR ENOENT: no such file or directory, open '/home/kavia/workspace/code-generation/tictacplus-persistent-fullstack-tic-tac-toe-61826-a614edb6/tic_tac_toe_frontend/node_modules/core-js/actual/async-disposable-stack/index.js'
npm warn tar TAR_ENTRY_ERROR ENOENT: no such file or directory, lstat '/home/kavia/workspace/code-generation/tictacplus-persistent-fullstack-tic-tac-toe-61826-a614edb6/tic_tac_toe_frontend/node_modules/core-js-pure/actual/number/virtual'
npm warn tar TAR_ENTRY_ERROR ENOENT: no such file or directory, open '/home/kavia/workspace/code-generation/tictacplus-persistent-fullstack-tic-tac-toe-61826-a614edb6/tic_tac_toe_frontend/node_modules/core-js-pure/actual/object/index.js'
npm warn tar TAR_ENTRY_ERROR ENOENT: no such file or directory, open '/home/kavia/workspace/code-generation/tictacplus-persistent-fullstack-tic-tac-toe-61826-a614edb6/tic_tac_toe_frontend/node_modules/core-js/actual/disposable-stack/index.js'
npm warn tar TAR_ENTRY_ERROR ENOENT: no such file or directory, open '/home/kavia/workspace/code-generation/tictacplus-persistent-fullstack-tic-tac-toe-61826-a614edb6/tic_tac_toe_frontend/node_modules/core-js-pure/actual/reflect/index.js'
npm warn tar TAR_ENTRY_ERROR ENOENT: no such file or directory, open '/home/kavia/workspace/code-generation/tictacplus-persistent-fullstack-tic-tac-toe-61826-a614edb6/tic_tac_toe_frontend/node_modules/core-js/actual/dom-exception/index.js'
npm warn tar TAR_ENTRY_ERROR ENOENT: no such file or directory, open '/home/kavia/workspace/code-generation/tictacplus-persistent-fullstack-tic-tac-toe-61826-a614edb6/tic_tac_toe_frontend/node_modules/core-js-pure/actual/set/index.js'
npm warn tar TAR_ENTRY_ERROR ENOENT: no such file or directory, open '/home/kavia/workspace/code-generation/tictacplus-persistent-fullstack-tic-tac-toe-61826-a614edb6/tic_tac_toe_frontend/node_modules/core-js/actual/error/index.js'
npm warn tar TAR_ENTRY_ERROR ENOENT: no such file or directory, open '/home/kavia/workspace/code-generation/tictacplus-persistent-fullstack-tic-tac-toe-61826-a614edb6/tic_tac_toe_frontend/node_modules/core-js/actual/function/index.js'
npm warn tar TAR_ENTRY_ERROR ENOENT: no such file or directory, open '/home/kavia/workspace/code-generation/tictacplus-persistent-fullstack-tic-tac-toe-61826-a614edb6/tic_tac_toe_frontend/node_modules/core-js/actual/function/virtual/index.js'
npm warn tar TAR_ENTRY_ERROR ENOENT: no such file or directory, open '/home/kavia/workspace/code-generation/tictacplus-persistent-fullstack-tic-tac-toe-61826-a614edb6/tic_tac_toe_frontend/node_modules/core-js-pure/actual/symbol/index.js'
npm warn tar TAR_ENTRY_ERROR ENOENT: no such file or directory, open '/home/kavia/workspace/code-generation/tictacplus-persistent-fullstack-tic-tac-toe-61826-a614edb6/tic_tac_toe_frontend/node_modules/core-js-pure/actual/url/index.js'
npm warn tar TAR_ENTRY_ERROR ENOENT: no such file or directory, open '/home/kavia/workspace/code-generation/tictacplus-persistent-fullstack-tic-tac-toe-61826-a614edb6/tic_tac_toe_frontend/node_modules/core-js/actual/math/index.js'
npm warn tar TAR_ENTRY_ERROR ENOENT: no such file or directory, open '/home/kavia/workspace/code-generation/tictacplus-persistent-fullstack-tic-tac-toe-61826-a614edb6/tic_tac_toe_frontend/node_modules/core-js/actual/number/index.js'
npm warn tar TAR_ENTRY_ERROR ENOENT: no such file or directory, lstat '/home/kavia/workspace/code-generation/tictacplus-persistent-fullstack-tic-tac-toe-61826-a614edb6/tic_tac_toe_frontend/node_modules/core-js/actual/number/virtual'
npm warn tar TAR_ENTRY_ERROR ENOENT: no such file or directory, open '/home/kavia/workspace/code-generation/tictacplus-persistent-fullstack-tic-tac-toe-61826-a614edb6/tic_tac_toe_frontend/node_modules/core-js-pure/es/array-buffer/index.js'
npm warn tar TAR_ENTRY_ERROR ENOENT: no such file or directory, open '/home/kavia/workspace/code-generation/tictacplus-persistent-fullstack-tic-tac-toe-61826-a614edb6/tic_tac_toe_frontend/node_modules/core-js/actual/object/index.js'
npm warn tar TAR_ENTRY_ERROR ENOENT: no such file or directory, open '/home/kavia/workspace/code-generation/tictacplus-persistent-fullstack-tic-tac-toe-61826-a614edb6/tic_tac_toe_frontend/node_modules/core-js/actual/reflect/index.js'
npm warn tar TAR_ENTRY_ERROR ENOENT: no such file or directory, open '/home/kavia/workspace/code-generation/tictacplus-persistent-fullstack-tic-tac-toe-61826-a614edb6/tic_tac_toe_frontend/node_modules/core-js/actual/set/index.js'
npm warn tar TAR_ENTRY_ERROR ENOENT: no such file or directory, open '/home/kavia/workspace/code-generation/tictacplus-persistent-fullstack-tic-tac-toe-61826-a614edb6/tic_tac_toe_frontend/node_modules/core-js-pure/es/error/index.js'
npm warn tar TAR_ENTRY_ERROR ENOENT: no such file or directory, open '/home/kavia/workspace/code-generation/tictacplus-persistent-fullstack-tic-tac-toe-61826-a614edb6/tic_tac_toe_frontend/node_modules/core-js-pure/es/function/index.js'
npm warn tar TAR_ENTRY_ERROR ENOENT: no such file or directory, open '/home/kavia/workspace/code-generation/tictacplus-persistent-fullstack-tic-tac-toe-61826-a614edb6/tic_tac_toe_frontend/node_modules/core-js/actual/symbol/index.js'
npm warn tar TAR_ENTRY_ERROR ENOENT: no such file or directory, open '/home/kavia/workspace/code-generation/tictacplus-persistent-fullstack-tic-tac-toe-61826-a614edb6/tic_tac_toe_frontend/node_modules/core-js-pure/es/function/virtual/index.js'
npm warn tar TAR_ENTRY_ERROR ENOENT: no such file or directory, open '/home/kavia/workspace/code-generation/tictacplus-persistent-fullstack-tic-tac-toe-61826-a614edb6/tic_tac_toe_frontend/node_modules/core-js/actual/url/index.js'
npm warn tar TAR_ENTRY_ERROR ENOENT: no such file or directory, open '/home/kavia/workspace/code-generation/tictacplus-persistent-fullstack-tic-tac-toe-61826-a614edb6/tic_tac_toe_frontend/node_modules/core-js-pure/es/math/index.js'
npm warn tar TAR_ENTRY_ERROR ENOENT: no such file or directory, open '/home/kavia/workspace/code-generation/tictacplus-persistent-fullstack-tic-tac-toe-61826-a614edb6/tic_tac_toe_frontend/node_modules/core-js/es/array-buffer/index.js'
npm warn tar TAR_ENTRY_ERROR ENOENT: no such file or directory, open '/home/kavia/workspace/code-generation/tictacplus-persistent-fullstack-tic-tac-toe-61826-a614edb6/tic_tac_toe_frontend/node_modules/core-js-pure/es/number/index.js'
npm warn tar TAR_ENTRY_ERROR ENOENT: no such file or directory, lstat '/home/kavia/workspace/code-generation/tictacplus-persistent-fullstack-tic-tac-toe-61826-a614edb6/tic_tac_toe_frontend/node_modules/core-js-pure/es/number/virtual'
npm warn tar TAR_ENTRY_ERROR ENOENT: no such file or directory, open '/home/kavia/workspace/code-generation/tictacplus-persistent-fullstack-tic-tac-toe-61826-a614edb6/tic_tac_toe_frontend/node_modules/core-js-pure/es/object/index.js'
npm warn tar TAR_ENTRY_ERROR ENOENT: no such file or directory, open '/home/kavia/workspace/code-generation/tictacplus-persistent-fullstack-tic-tac-toe-61826-a614edb6/tic_tac_toe_frontend/node_modules/core-js-pure/es/reflect/index.js'
npm warn tar TAR_ENTRY_ERROR ENOENT: no such file or directory, open '/home/kavia/workspace/code-generation/tictacplus-persistent-fullstack-tic-tac-toe-61826-a614edb6/tic_tac_toe_frontend/node_modules/core-js/es/error/index.js'
npm warn tar TAR_ENTRY_ERROR ENOENT: no such file or directory, open '/home/kavia/workspace/code-generation/tictacplus-persistent-fullstack-tic-tac-toe-61826-a614edb6/tic_tac_toe_frontend/node_modules/core-js/es/function/index.js'
npm warn tar TAR_ENTRY_ERROR ENOENT: no such file or directory, open '/home/kavia/workspace/code-generation/tictacplus-persistent-fullstack-tic-tac-toe-61826-a614edb6/tic_tac_toe_frontend/node_modules/core-js-pure/es/set/index.js'
npm warn tar TAR_ENTRY_ERROR ENOENT: no such file or directory, open '/home/kavia/workspace/code-generation/tictacplus-persistent-fullstack-tic-tac-toe-61826-a614edb6/tic_tac_toe_frontend/node_modules/core-js/es/function/virtual/index.js'
npm warn tar TAR_ENTRY_ERROR ENOENT: no such file or directory, open '/home/kavia/workspace/code-generation/tictacplus-persistent-fullstack-tic-tac-toe-61826-a614edb6/tic_tac_toe_frontend/node_modules/core-js-pure/es/symbol/index.js'
npm warn tar TAR_ENTRY_ERROR ENOENT: no such file or directory, open '/home/kavia/workspace/code-generation/tictacplus-persistent-fullstack-tic-tac-toe-61826-a614edb6/tic_tac_toe_frontend/node_modules/core-js/es/math/index.js'
npm warn tar TAR_ENTRY_ERROR ENOENT: no such file or directory, open '/home/kavia/workspace/code-generation/tictacplus-persistent-fullstack-tic-tac-toe-61826-a614edb6/tic_tac_toe_frontend/node_modules/core-js-pure/features/array-buffer/index.js'
npm warn tar TAR_ENTRY_ERROR ENOENT: no such file or directory, open '/home/kavia/workspace/code-generation/tictacplus-persistent-fullstack-tic-tac-toe-61826-a614edb6/tic_tac_toe_frontend/node_modules/core-js/es/number/index.js'
npm warn tar TAR_ENTRY_ERROR ENOENT: no such file or directory, lstat '/home/kavia/workspace/code-generation/tictacplus-persistent-fullstack-tic-tac-toe-61826-a614edb6/tic_tac_toe_frontend/node_modules/core-js/es/number/virtual'
npm warn tar TAR_ENTRY_ERROR ENOENT: no such file or directory, open '/home/kavia/workspace/code-generation/tictacplus-persistent-fullstack-tic-tac-toe-61826-a614edb6/tic_tac_toe_frontend/node_modules/core-js-pure/features/async-disposable-stack/index.js'
npm warn tar TAR_ENTRY_ERROR ENOENT: no such file or directory, open '/home/kavia/workspace/code-generation/tictacplus-persistent-fullstack-tic-tac-toe-61826-a614edb6/tic_tac_toe_frontend/node_modules/core-js/es/object/index.js'
npm warn tar TAR_ENTRY_ERROR ENOENT: no such file or directory, open '/home/kavia/workspace/code-generation/tictacplus-persistent-fullstack-tic-tac-toe-61826-a614edb6/tic_tac_toe_frontend/node_modules/core-js/es/reflect/index.js'
npm warn tar TAR_ENTRY_ERROR ENOENT: no such file or directory, open '/home/kavia/workspace/code-generation/tictacplus-persistent-fullstack-tic-tac-toe-61826-a614edb6/tic_tac_toe_frontend/node_modules/core-js/es/regexp/index.js'
npm warn tar TAR_ENTRY_ERROR ENOENT: no such file or directory, open '/home/kavia/workspace/code-generation/tictacplus-persistent-fullstack-tic-tac-toe-61826-a614edb6/tic_tac_toe_frontend/node_modules/core-js/es/set/index.js'
npm warn tar TAR_ENTRY_ERROR ENOENT: no such file or directory, open '/home/kavia/workspace/code-generation/tictacplus-persistent-fullstack-tic-tac-toe-61826-a614edb6/tic_tac_toe_frontend/node_modules/core-js-pure/features/disposable-stack/index.js'
npm warn tar TAR_ENTRY_ERROR ENOENT: no such file or directory, open '/home/kavia/workspace/code-generation/tictacplus-persistent-fullstack-tic-tac-toe-61826-a614edb6/tic_tac_toe_frontend/node_modules/core-js/es/symbol/index.js'
npm warn tar TAR_ENTRY_ERROR ENOENT: no such file or directory, open '/home/kavia/workspace/code-generation/tictacplus-persistent-fullstack-tic-tac-toe-61826-a614edb6/tic_tac_toe_frontend/node_modules/core-js-pure/features/dom-exception/index.js'
npm warn tar TAR_ENTRY_ERROR ENOENT: no such file or directory, open '/home/kavia/workspace/code-generation/tictacplus-persistent-fullstack-tic-tac-toe-61826-a614edb6/tic_tac_toe_frontend/node_modules/core-js-pure/features/error/index.js'
npm warn tar TAR_ENTRY_ERROR ENOENT: no such file or directory, open '/home/kavia/workspace/code-generation/tictacplus-persistent-fullstack-tic-tac-toe-61826-a614edb6/tic_tac_toe_frontend/node_modules/core-js-pure/features/function/index.js'
npm warn tar TAR_ENTRY_ERROR ENOENT: no such file or directory, open '/home/kavia/workspace/code-generation/tictacplus-persistent-fullstack-tic-tac-toe-61826-a614edb6/tic_tac_toe_frontend/node_modules/core-js-pure/features/function/virtual/index.js'
npm warn tar TAR_ENTRY_ERROR ENOENT: no such file or directory, open '/home/kavia/workspace/code-generation/tictacplus-persistent-fullstack-tic-tac-toe-61826-a614edb6/tic_tac_toe_frontend/node_modules/core-js/features/array-buffer/index.js'
npm warn tar TAR_ENTRY_ERROR ENOENT: no such file or directory, open '/home/kavia/workspace/code-generation/tictacplus-persistent-fullstack-tic-tac-toe-61826-a614edb6/tic_tac_toe_frontend/node_modules/core-js/features/async-disposable-stack/index.js'
npm warn tar TAR_ENTRY_ERROR ENOENT: no such file or directory, open '/home/kavia/workspace/code-generation/tictacplus-persistent-fullstack-tic-tac-toe-61826-a614edb6/tic_tac_toe_frontend/node_modules/core-js-pure/features/math/index.js'
npm warn tar TAR_ENTRY_ERROR ENOENT: no such file or directory, open '/home/kavia/workspace/code-generation/tictacplus-persistent-fullstack-tic-tac-toe-61826-a614edb6/tic_tac_toe_frontend/node_modules/core-js-pure/features/number/index.js'
npm warn tar TAR_ENTRY_ERROR ENOENT: no such file or directory, lstat '/home/kavia/workspace/code-generation/tictacplus-persistent-fullstack-tic-tac-toe-61826-a614edb6/tic_tac_toe_frontend/node_modules/core-js-pure/features/number/virtual'
npm warn tar TAR_ENTRY_ERROR ENOENT: no such file or directory, open '/home/kavia/workspace/code-generation/tictacplus-persistent-fullstack-tic-tac-toe-61826-a614edb6/tic_tac_toe_frontend/node_modules/core-js-pure/features/object/index.js'
npm warn tar TAR_ENTRY_ERROR ENOENT: no such file or directory, open '/home/kavia/workspace/code-generation/tictacplus-persistent-fullstack-tic-tac-toe-61826-a614edb6/tic_tac_toe_frontend/node_modules/core-js/features/disposable-stack/index.js'
npm warn tar TAR_ENTRY_ERROR ENOENT: no such file or directory, open '/home/kavia/workspace/code-generation/tictacplus-persistent-fullstack-tic-tac-toe-61826-a614edb6/tic_tac_toe_frontend/node_modules/core-js/features/dom-exception/index.js'
npm warn tar TAR_ENTRY_ERROR ENOENT: no such file or directory, open '/home/kavia/workspace/code-generation/tictacplus-persistent-fullstack-tic-tac-toe-61826-a614edb6/tic_tac_toe_frontend/node_modules/core-js-pure/features/reflect/index.js'
npm warn tar TAR_ENTRY_ERROR ENOENT: no such file or directory, open '/home/kavia/workspace/code-generation/tictacplus-persistent-fullstack-tic-tac-toe-61826-a614edb6/tic_tac_toe_frontend/node_modules/core-js/features/error/index.js'
npm warn tar TAR_ENTRY_ERROR ENOENT: no such file or directory, open '/home/kavia/workspace/code-generation/tictacplus-persistent-fullstack-tic-tac-toe-61826-a614edb6/tic_tac_toe_frontend/node_modules/core-js/features/function/index.js'
npm warn tar TAR_ENTRY_ERROR ENOENT: no such file or directory, open '/home/kavia/workspace/code-generation/tictacplus-persistent-fullstack-tic-tac-toe-61826-a614edb6/tic_tac_toe_frontend/node_modules/core-js-pure/features/set/index.js'
npm warn tar TAR_ENTRY_ERROR ENOENT: no such file or directory, open '/home/kavia/workspace/code-generation/tictacplus-persistent-fullstack-tic-tac-toe-61826-a614edb6/tic_tac_toe_frontend/node_modules/core-js/features/function/virtual/index.js'
npm warn tar TAR_ENTRY_ERROR ENOENT: no such file or directory, open '/home/kavia/workspace/code-generation/tictacplus-persistent-fullstack-tic-tac-toe-61826-a614edb6/tic_tac_toe_frontend/node_modules/typescript/lib/typescriptServices.js'
npm warn tar TAR_ENTRY_ERROR ENOENT: no such file or directory, open '/home/kavia/workspace/code-generation/tictacplus-persistent-fullstack-tic-tac-toe-61826-a614edb6/tic_tac_toe_frontend/node_modules/core-js-pure/features/symbol/index.js'
npm warn tar TAR_ENTRY_ERROR ENOENT: no such file or directory, open '/home/kavia/workspace/code-generation/tictacplus-persistent-fullstack-tic-tac-toe-61826-a614edb6/tic_tac_toe_frontend/node_modules/core-js/features/math/index.js'
npm warn tar TAR_ENTRY_ERROR ENOENT: no such file or directory, open '/home/kavia/workspace/code-generation/tictacplus-persistent-fullstack-tic-tac-toe-61826-a614edb6/tic_tac_toe_frontend/node_modules/core-js-pure/features/url/index.js'
npm warn tar TAR_ENTRY_ERROR ENOENT: no such file or directory, open '/home/kavia/workspace/code-generation/tictacplus-persistent-fullstack-tic-tac-toe-61826-a614edb6/tic_tac_toe_frontend/node_modules/core-js/features/number/index.js'
npm warn tar TAR_ENTRY_ERROR ENOENT: no such file or directory, open '/home/kavia/workspace/code-generation/tictacplus-persistent-fullstack-tic-tac-toe-61826-a614edb6/tic_tac_toe_frontend/node_modules/core-js-pure/features/weak-map/index.js'
npm warn tar TAR_ENTRY_ERROR ENOENT: no such file or directory, lstat '/home/kavia/workspace/code-generation/tictacplus-persistent-fullstack-tic-tac-toe-61826-a614edb6/tic_tac_toe_frontend/node_modules/core-js/features/number/virtual'
npm warn tar TAR_ENTRY_ERROR ENOENT: no such file or directory, open '/home/kavia/workspace/code-generation/tictacplus-persistent-fullstack-tic-tac-toe-61826-a614edb6/tic_tac_toe_frontend/node_modules/core-js-pure/features/weak-set/index.js'
npm warn tar TAR_ENTRY_ERROR ENOENT: no such file or directory, open '/home/kavia/workspace/code-generation/tictacplus-persistent-fullstack-tic-tac-toe-61826-a614edb6/tic_tac_toe_frontend/node_modules/core-js-pure/full/array-buffer/index.js'
npm warn tar TAR_ENTRY_ERROR ENOENT: no such file or directory, open '/home/kavia/workspace/code-generation/tictacplus-persistent-fullstack-tic-tac-toe-61826-a614edb6/tic_tac_toe_frontend/node_modules/core-js/features/object/index.js'
npm warn tar TAR_ENTRY_ERROR ENOENT: no such file or directory, open '/home/kavia/workspace/code-generation/tictacplus-persistent-fullstack-tic-tac-toe-61826-a614edb6/tic_tac_toe_frontend/node_modules/core-js-pure/full/async-disposable-stack/index.js'
npm warn tar TAR_ENTRY_ERROR ENOENT: no such file or directory, open '/home/kavia/workspace/code-generation/tictacplus-persistent-fullstack-tic-tac-toe-61826-a614edb6/tic_tac_toe_frontend/node_modules/core-js/features/reflect/index.js'
npm warn tar TAR_ENTRY_ERROR ENOENT: no such file or directory, open '/home/kavia/workspace/code-generation/tictacplus-persistent-fullstack-tic-tac-toe-61826-a614edb6/tic_tac_toe_frontend/node_modules/core-js/features/regexp/index.js'
npm warn tar TAR_ENTRY_ERROR ENOENT: no such file or directory, open '/home/kavia/workspace/code-generation/tictacplus-persistent-fullstack-tic-tac-toe-61826-a614edb6/tic_tac_toe_frontend/node_modules/core-js/features/set/index.js'
npm warn tar TAR_ENTRY_ERROR ENOENT: no such file or directory, open '/home/kavia/workspace/code-generation/tictacplus-persistent-fullstack-tic-tac-toe-61826-a614edb6/tic_tac_toe_frontend/node_modules/core-js-pure/full/disposable-stack/index.js'
npm warn tar TAR_ENTRY_ERROR ENOENT: no such file or directory, open '/home/kavia/workspace/code-generation/tictacplus-persistent-fullstack-tic-tac-toe-61826-a614edb6/tic_tac_toe_frontend/node_modules/core-js/features/symbol/index.js'
npm warn tar TAR_ENTRY_ERROR ENOENT: no such file or directory, open '/home/kavia/workspace/code-generation/tictacplus-persistent-fullstack-tic-tac-toe-61826-a614edb6/tic_tac_toe_frontend/node_modules/core-js-pure/full/dom-exception/index.js'
npm warn tar TAR_ENTRY_ERROR ENOENT: no such file or directory, open '/home/kavia/workspace/code-generation/tictacplus-persistent-fullstack-tic-tac-toe-61826-a614edb6/tic_tac_toe_frontend/node_modules/core-js-pure/full/error/index.js'
npm warn tar TAR_ENTRY_ERROR ENOENT: no such file or directory, open '/home/kavia/workspace/code-generation/tictacplus-persistent-fullstack-tic-tac-toe-61826-a614edb6/tic_tac_toe_frontend/node_modules/core-js-pure/full/function/index.js'
npm warn tar TAR_ENTRY_ERROR ENOENT: no such file or directory, open '/home/kavia/workspace/code-generation/tictacplus-persistent-fullstack-tic-tac-toe-61826-a614edb6/tic_tac_toe_frontend/node_modules/core-js/features/url/index.js'
npm warn tar TAR_ENTRY_ERROR ENOENT: no such file or directory, open '/home/kavia/workspace/code-generation/tictacplus-persistent-fullstack-tic-tac-toe-61826-a614edb6/tic_tac_toe_frontend/node_modules/core-js-pure/full/function/virtual/index.js'
npm warn tar TAR_ENTRY_ERROR ENOENT: no such file or directory, open '/home/kavia/workspace/code-generation/tictacplus-persistent-fullstack-tic-tac-toe-61826-a614edb6/tic_tac_toe_frontend/node_modules/core-js/features/weak-map/index.js'
npm warn tar TAR_ENTRY_ERROR ENOENT: no such file or directory, open '/home/kavia/workspace/code-generation/tictacplus-persistent-fullstack-tic-tac-toe-61826-a614edb6/tic_tac_toe_frontend/node_modules/core-js/features/weak-set/index.js'
npm warn tar TAR_ENTRY_ERROR ENOENT: no such file or directory, open '/home/kavia/workspace/code-generation/tictacplus-persistent-fullstack-tic-tac-toe-61826-a614edb6/tic_tac_toe_frontend/node_modules/core-js/full/array-buffer/index.js'
npm warn tar TAR_ENTRY_ERROR ENOENT: no such file or directory, open '/home/kavia/workspace/code-generation/tictacplus-persistent-fullstack-tic-tac-toe-61826-a614edb6/tic_tac_toe_frontend/node_modules/core-js/full/async-disposable-stack/index.js'
npm warn tar TAR_ENTRY_ERROR ENOENT: no such file or directory, open '/home/kavia/workspace/code-generation/tictacplus-persistent-fullstack-tic-tac-toe-61826-a614edb6/tic_tac_toe_frontend/node_modules/core-js-pure/full/math/index.js'
npm warn tar TAR_ENTRY_ERROR ENOENT: no such file or directory, open '/home/kavia/workspace/code-generation/tictacplus-persistent-fullstack-tic-tac-toe-61826-a614edb6/tic_tac_toe_frontend/node_modules/core-js-pure/full/number/index.js'
npm warn tar TAR_ENTRY_ERROR ENOENT: no such file or directory, lstat '/home/kavia/workspace/code-generation/tictacplus-persistent-fullstack-tic-tac-toe-61826-a614edb6/tic_tac_toe_frontend/node_modules/core-js-pure/full/number/virtual'
npm warn tar TAR_ENTRY_ERROR ENOENT: no such file or directory, open '/home/kavia/workspace/code-generation/tictacplus-persistent-fullstack-tic-tac-toe-61826-a614edb6/tic_tac_toe_frontend/node_modules/core-js/full/disposable-stack/index.js'
npm warn tar TAR_ENTRY_ERROR ENOENT: no such file or directory, open '/home/kavia/workspace/code-generation/tictacplus-persistent-fullstack-tic-tac-toe-61826-a614edb6/tic_tac_toe_frontend/node_modules/core-js-pure/full/object/index.js'
npm warn tar TAR_ENTRY_ERROR ENOENT: no such file or directory, open '/home/kavia/workspace/code-generation/tictacplus-persistent-fullstack-tic-tac-toe-61826-a614edb6/tic_tac_toe_frontend/node_modules/core-js/full/dom-exception/index.js'
npm warn tar TAR_ENTRY_ERROR ENOENT: no such file or directory, open '/home/kavia/workspace/code-generation/tictacplus-persistent-fullstack-tic-tac-toe-61826-a614edb6/tic_tac_toe_frontend/node_modules/core-js/full/error/index.js'
npm warn tar TAR_ENTRY_ERROR ENOENT: no such file or directory, open '/home/kavia/workspace/code-generation/tictacplus-persistent-fullstack-tic-tac-toe-61826-a614edb6/tic_tac_toe_frontend/node_modules/es-abstract/2020/BigInt/toString.js'
npm warn tar TAR_ENTRY_ERROR ENOENT: no such file or directory, open '/home/kavia/workspace/code-generation/tictacplus-persistent-fullstack-tic-tac-toe-61826-a614edb6/tic_tac_toe_frontend/node_modules/core-js/full/function/index.js'
npm warn tar TAR_ENTRY_ERROR ENOENT: no such file or directory, open '/home/kavia/workspace/code-generation/tictacplus-persistent-fullstack-tic-tac-toe-61826-a614edb6/tic_tac_toe_frontend/node_modules/es-abstract/2020/Number/toString.js'
npm warn tar TAR_ENTRY_ERROR ENOENT: no such file or directory, open '/home/kavia/workspace/code-generation/tictacplus-persistent-fullstack-tic-tac-toe-61826-a614edb6/tic_tac_toe_frontend/node_modules/core-js-pure/full/reflect/index.js'
npm warn tar TAR_ENTRY_ERROR ENOENT: no such file or directory, open '/home/kavia/workspace/code-generation/tictacplus-persistent-fullstack-tic-tac-toe-61826-a614edb6/tic_tac_toe_frontend/node_modules/core-js/full/function/virtual/index.js'
npm warn tar TAR_ENTRY_ERROR ENOENT: no such file or directory, open '/home/kavia/workspace/code-generation/tictacplus-persistent-fullstack-tic-tac-toe-61826-a614edb6/tic_tac_toe_frontend/node_modules/es-abstract/2021/BigInt/toString.js'
npm warn tar TAR_ENTRY_ERROR ENOENT: no such file or directory, open '/home/kavia/workspace/code-generation/tictacplus-persistent-fullstack-tic-tac-toe-61826-a614edb6/tic_tac_toe_frontend/node_modules/es-abstract/2021/Number/toString.js'
npm warn tar TAR_ENTRY_ERROR ENOENT: no such file or directory, open '/home/kavia/workspace/code-generation/tictacplus-persistent-fullstack-tic-tac-toe-61826-a614edb6/tic_tac_toe_frontend/node_modules/es-abstract/2022/BigInt/toString.js'
npm warn tar TAR_ENTRY_ERROR ENOENT: no such file or directory, open '/home/kavia/workspace/code-generation/tictacplus-persistent-fullstack-tic-tac-toe-61826-a614edb6/tic_tac_toe_frontend/node_modules/core-js-pure/full/symbol/index.js'
npm warn tar TAR_ENTRY_ERROR ENOENT: no such file or directory, open '/home/kavia/workspace/code-generation/tictacplus-persistent-fullstack-tic-tac-toe-61826-a614edb6/tic_tac_toe_frontend/node_modules/es-abstract/2022/Number/toString.js'
npm warn tar TAR_ENTRY_ERROR ENOENT: no such file or directory, open '/home/kavia/workspace/code-generation/tictacplus-persistent-fullstack-tic-tac-toe-61826-a614edb6/tic_tac_toe_frontend/node_modules/es-abstract/2023/BigInt/toString.js'
npm warn tar TAR_ENTRY_ERROR ENOENT: no such file or directory, open '/home/kavia/workspace/code-generation/tictacplus-persistent-fullstack-tic-tac-toe-61826-a614edb6/tic_tac_toe_frontend/node_modules/core-js/full/math/index.js'
npm warn tar TAR_ENTRY_ERROR ENOENT: no such file or directory, open '/home/kavia/workspace/code-generation/tictacplus-persistent-fullstack-tic-tac-toe-61826-a614edb6/tic_tac_toe_frontend/node_modules/es-abstract/2023/Number/toString.js'
npm warn tar TAR_ENTRY_ERROR ENOENT: no such file or directory, open '/home/kavia/workspace/code-generation/tictacplus-persistent-fullstack-tic-tac-toe-61826-a614edb6/tic_tac_toe_frontend/node_modules/core-js-pure/full/url/index.js'
npm warn tar TAR_ENTRY_ERROR ENOENT: no such file or directory, open '/home/kavia/workspace/code-generation/tictacplus-persistent-fullstack-tic-tac-toe-61826-a614edb6/tic_tac_toe_frontend/node_modules/core-js/full/number/index.js'
npm warn tar TAR_ENTRY_ERROR ENOENT: no such file or directory, open '/home/kavia/workspace/code-generation/tictacplus-persistent-fullstack-tic-tac-toe-61826-a614edb6/tic_tac_toe_frontend/node_modules/core-js-pure/full/weak-map/index.js'
npm warn tar TAR_ENTRY_ERROR ENOENT: no such file or directory, lstat '/home/kavia/workspace/code-generation/tictacplus-persistent-fullstack-tic-tac-toe-61826-a614edb6/tic_tac_toe_frontend/node_modules/core-js/full/number/virtual'
npm warn tar TAR_ENTRY_ERROR ENOENT: no such file or directory, open '/home/kavia/workspace/code-generation/tictacplus-persistent-fullstack-tic-tac-toe-61826-a614edb6/tic_tac_toe_frontend/node_modules/es-abstract/2024/BigInt/toString.js'
npm warn tar TAR_ENTRY_ERROR ENOENT: no such file or directory, open '/home/kavia/workspace/code-generation/tictacplus-persistent-fullstack-tic-tac-toe-61826-a614edb6/tic_tac_toe_frontend/node_modules/core-js-pure/full/weak-set/index.js'
npm warn tar TAR_ENTRY_ERROR ENOENT: no such file or directory, open '/home/kavia/workspace/code-generation/tictacplus-persistent-fullstack-tic-tac-toe-61826-a614edb6/tic_tac_toe_frontend/node_modules/es-abstract/2024/Number/toString.js'
npm warn tar TAR_ENTRY_ERROR ENOENT: no such file or directory, open '/home/kavia/workspace/code-generation/tictacplus-persistent-fullstack-tic-tac-toe-61826-a614edb6/tic_tac_toe_frontend/node_modules/core-js/full/object/index.js'
npm warn tar TAR_ENTRY_ERROR ENOENT: no such file or directory, open '/home/kavia/workspace/code-generation/tictacplus-persistent-fullstack-tic-tac-toe-61826-a614edb6/tic_tac_toe_frontend/node_modules/core-js-pure/proposals/index.js'
npm warn tar TAR_ENTRY_ERROR ENOENT: no such file or directory, open '/home/kavia/workspace/code-generation/tictacplus-persistent-fullstack-tic-tac-toe-61826-a614edb6/tic_tac_toe_frontend/node_modules/core-js-pure/stable/array-buffer/index.js'
npm warn tar TAR_ENTRY_ERROR ENOENT: no such file or directory, open '/home/kavia/workspace/code-generation/tictacplus-persistent-fullstack-tic-tac-toe-61826-a614edb6/tic_tac_toe_frontend/node_modules/core-js/full/reflect/index.js'
npm warn tar TAR_ENTRY_ERROR ENOENT: no such file or directory, open '/home/kavia/workspace/code-generation/tictacplus-persistent-fullstack-tic-tac-toe-61826-a614edb6/tic_tac_toe_frontend/node_modules/core-js/full/regexp/index.js'
npm warn tar TAR_ENTRY_ERROR ENOENT: no such file or directory, open '/home/kavia/workspace/code-generation/tictacplus-persistent-fullstack-tic-tac-toe-61826-a614edb6/tic_tac_toe_frontend/node_modules/core-js-pure/stable/dom-exception/index.js'
npm warn tar TAR_ENTRY_ERROR ENOENT: no such file or directory, open '/home/kavia/workspace/code-generation/tictacplus-persistent-fullstack-tic-tac-toe-61826-a614edb6/tic_tac_toe_frontend/node_modules/core-js/full/symbol/index.js'
npm warn tar TAR_ENTRY_ERROR ENOENT: no such file or directory, open '/home/kavia/workspace/code-generation/tictacplus-persistent-fullstack-tic-tac-toe-61826-a614edb6/tic_tac_toe_frontend/node_modules/core-js-pure/stable/error/index.js'
npm warn tar TAR_ENTRY_ERROR ENOENT: no such file or directory, open '/home/kavia/workspace/code-generation/tictacplus-persistent-fullstack-tic-tac-toe-61826-a614edb6/tic_tac_toe_frontend/node_modules/core-js-pure/stable/function/index.js'
npm warn tar TAR_ENTRY_ERROR ENOENT: no such file or directory, open '/home/kavia/workspace/code-generation/tictacplus-persistent-fullstack-tic-tac-toe-61826-a614edb6/tic_tac_toe_frontend/node_modules/core-js-pure/stable/function/virtual/index.js'
npm warn tar TAR_ENTRY_ERROR ENOENT: no such file or directory, open '/home/kavia/workspace/code-generation/tictacplus-persistent-fullstack-tic-tac-toe-61826-a614edb6/tic_tac_toe_frontend/node_modules/core-js/full/url/index.js'
npm warn tar TAR_ENTRY_ERROR ENOENT: no such file or directory, open '/home/kavia/workspace/code-generation/tictacplus-persistent-fullstack-tic-tac-toe-61826-a614edb6/tic_tac_toe_frontend/node_modules/core-js/full/weak-map/index.js'
npm warn tar TAR_ENTRY_ERROR ENOENT: no such file or directory, open '/home/kavia/workspace/code-generation/tictacplus-persistent-fullstack-tic-tac-toe-61826-a614edb6/tic_tac_toe_frontend/node_modules/core-js/full/weak-set/index.js'
npm warn tar TAR_ENTRY_ERROR ENOENT: no such file or directory, open '/home/kavia/workspace/code-generation/tictacplus-persistent-fullstack-tic-tac-toe-61826-a614edb6/tic_tac_toe_frontend/node_modules/core-js/proposals/index.js'
npm warn tar TAR_ENTRY_ERROR ENOENT: no such file or directory, open '/home/kavia/workspace/code-generation/tictacplus-persistent-fullstack-tic-tac-toe-61826-a614edb6/tic_tac_toe_frontend/node_modules/core-js/stable/array-buffer/index.js'
npm warn tar TAR_ENTRY_ERROR ENOENT: no such file or directory, open '/home/kavia/workspace/code-generation/tictacplus-persistent-fullstack-tic-tac-toe-61826-a614edb6/tic_tac_toe_frontend/node_modules/core-js-pure/stable/math/index.js'
npm warn tar TAR_ENTRY_ERROR ENOENT: no such file or directory, open '/home/kavia/workspace/code-generation/tictacplus-persistent-fullstack-tic-tac-toe-61826-a614edb6/tic_tac_toe_frontend/node_modules/core-js-pure/stable/number/index.js'
npm warn tar TAR_ENTRY_ERROR ENOENT: no such file or directory, lstat '/home/kavia/workspace/code-generation/tictacplus-persistent-fullstack-tic-tac-toe-61826-a614edb6/tic_tac_toe_frontend/node_modules/core-js-pure/stable/number/virtual'
npm warn tar TAR_ENTRY_ERROR ENOENT: no such file or directory, open '/home/kavia/workspace/code-generation/tictacplus-persistent-fullstack-tic-tac-toe-61826-a614edb6/tic_tac_toe_frontend/node_modules/core-js-pure/stable/object/index.js'
npm warn tar TAR_ENTRY_ERROR ENOENT: no such file or directory, open '/home/kavia/workspace/code-generation/tictacplus-persistent-fullstack-tic-tac-toe-61826-a614edb6/tic_tac_toe_frontend/node_modules/core-js/stable/dom-exception/index.js'
npm warn tar TAR_ENTRY_ERROR ENOENT: no such file or directory, open '/home/kavia/workspace/code-generation/tictacplus-persistent-fullstack-tic-tac-toe-61826-a614edb6/tic_tac_toe_frontend/node_modules/core-js-pure/stable/reflect/index.js'
npm warn tar TAR_ENTRY_ERROR ENOENT: no such file or directory, open '/home/kavia/workspace/code-generation/tictacplus-persistent-fullstack-tic-tac-toe-61826-a614edb6/tic_tac_toe_frontend/node_modules/core-js/stable/error/index.js'
npm warn tar TAR_ENTRY_ERROR ENOENT: no such file or directory, open '/home/kavia/workspace/code-generation/tictacplus-persistent-fullstack-tic-tac-toe-61826-a614edb6/tic_tac_toe_frontend/node_modules/core-js/stable/function/index.js'
npm warn tar TAR_ENTRY_ERROR ENOENT: no such file or directory, open '/home/kavia/workspace/code-generation/tictacplus-persistent-fullstack-tic-tac-toe-61826-a614edb6/tic_tac_toe_frontend/node_modules/core-js-pure/stable/set/index.js'
npm warn tar TAR_ENTRY_ERROR ENOENT: no such file or directory, open '/home/kavia/workspace/code-generation/tictacplus-persistent-fullstack-tic-tac-toe-61826-a614edb6/tic_tac_toe_frontend/node_modules/core-js/stable/function/virtual/index.js'
npm warn tar TAR_ENTRY_ERROR ENOENT: no such file or directory, open '/home/kavia/workspace/code-generation/tictacplus-persistent-fullstack-tic-tac-toe-61826-a614edb6/tic_tac_toe_frontend/node_modules/core-js-pure/stable/symbol/index.js'
npm warn tar TAR_ENTRY_ERROR ENOENT: no such file or directory, open '/home/kavia/workspace/code-generation/tictacplus-persistent-fullstack-tic-tac-toe-61826-a614edb6/tic_tac_toe_frontend/node_modules/core-js/stable/math/index.js'
npm warn tar TAR_ENTRY_ERROR ENOENT: no such file or directory, open '/home/kavia/workspace/code-generation/tictacplus-persistent-fullstack-tic-tac-toe-61826-a614edb6/tic_tac_toe_frontend/node_modules/core-js-pure/stable/url/index.js'
npm warn tar TAR_ENTRY_ERROR ENOENT: no such file or directory, open '/home/kavia/workspace/code-generation/tictacplus-persistent-fullstack-tic-tac-toe-61826-a614edb6/tic_tac_toe_frontend/node_modules/core-js/stable/number/index.js'
npm warn tar TAR_ENTRY_ERROR ENOENT: no such file or directory, lstat '/home/kavia/workspace/code-generation/tictacplus-persistent-fullstack-tic-tac-toe-61826-a614edb6/tic_tac_toe_frontend/node_modules/core-js/stable/number/virtual'
npm warn tar TAR_ENTRY_ERROR ENOENT: no such file or directory, open '/home/kavia/workspace/code-generation/tictacplus-persistent-fullstack-tic-tac-toe-61826-a614edb6/tic_tac_toe_frontend/node_modules/core-js/stable/object/index.js'
npm warn tar TAR_ENTRY_ERROR ENOENT: no such file or directory, open '/home/kavia/workspace/code-generation/tictacplus-persistent-fullstack-tic-tac-toe-61826-a614edb6/tic_tac_toe_frontend/node_modules/core-js-pure/stage/index.js'
npm warn tar TAR_ENTRY_ERROR ENOENT: no such file or directory, open '/home/kavia/workspace/code-generation/tictacplus-persistent-fullstack-tic-tac-toe-61826-a614edb6/tic_tac_toe_frontend/node_modules/core-js/stable/reflect/index.js'
npm warn tar TAR_ENTRY_ERROR ENOENT: no such file or directory, open '/home/kavia/workspace/code-generation/tictacplus-persistent-fullstack-tic-tac-toe-61826-a614edb6/tic_tac_toe_frontend/node_modules/core-js-pure/web/index.js'
npm warn tar TAR_ENTRY_ERROR ENOENT: no such file or directory, open '/home/kavia/workspace/code-generation/tictacplus-persistent-fullstack-tic-tac-toe-61826-a614edb6/tic_tac_toe_frontend/node_modules/core-js/stable/regexp/index.js'
npm warn tar TAR_ENTRY_ERROR ENOENT: no such file or directory, open '/home/kavia/workspace/code-generation/tictacplus-persistent-fullstack-tic-tac-toe-61826-a614edb6/tic_tac_toe_frontend/node_modules/core-js-pure/internals/indexed-object.js'
npm warn tar TAR_ENTRY_ERROR ENOENT: no such file or directory, open '/home/kavia/workspace/code-generation/tictacplus-persistent-fullstack-tic-tac-toe-61826-a614edb6/tic_tac_toe_frontend/node_modules/core-js/stable/set/index.js'
npm warn tar TAR_ENTRY_ERROR ENOENT: no such file or directory, open '/home/kavia/workspace/code-generation/tictacplus-persistent-fullstack-tic-tac-toe-61826-a614edb6/tic_tac_toe_frontend/node_modules/core-js/stable/symbol/index.js'
npm warn tar TAR_ENTRY_ERROR ENOENT: no such file or directory, open '/home/kavia/workspace/code-generation/tictacplus-persistent-fullstack-tic-tac-toe-61826-a614edb6/tic_tac_toe_frontend/node_modules/core-js-pure/internals/inherit-if-required.js'
npm warn tar TAR_ENTRY_ERROR ENOENT: no such file or directory, open '/home/kavia/workspace/code-generation/tictacplus-persistent-fullstack-tic-tac-toe-61826-a614edb6/tic_tac_toe_frontend/node_modules/core-js-pure/internals/inspect-source.js'
npm warn tar TAR_ENTRY_ERROR ENOENT: no such file or directory, open '/home/kavia/workspace/code-generation/tictacplus-persistent-fullstack-tic-tac-toe-61826-a614edb6/tic_tac_toe_frontend/node_modules/core-js/stable/url/index.js'
npm warn tar TAR_ENTRY_ERROR ENOENT: no such file or directory, open '/home/kavia/workspace/code-generation/tictacplus-persistent-fullstack-tic-tac-toe-61826-a614edb6/tic_tac_toe_frontend/node_modules/core-js-pure/internals/install-error-cause.js'
npm warn tar TAR_ENTRY_ERROR ENOENT: no such file or directory, open '/home/kavia/workspace/code-generation/tictacplus-persistent-fullstack-tic-tac-toe-61826-a614edb6/tic_tac_toe_frontend/node_modules/core-js/stage/index.js'
npm warn tar TAR_ENTRY_ERROR ENOENT: no such file or directory, open '/home/kavia/workspace/code-generation/tictacplus-persistent-fullstack-tic-tac-toe-61826-a614edb6/tic_tac_toe_frontend/node_modules/core-js/web/index.js'
npm warn tar TAR_ENTRY_ERROR ENOENT: no such file or directory, open '/home/kavia/workspace/code-generation/tictacplus-persistent-fullstack-tic-tac-toe-61826-a614edb6/tic_tac_toe_frontend/node_modules/core-js/internals/indexed-object.js'
npm warn tar TAR_ENTRY_ERROR ENOENT: no such file or directory, open '/home/kavia/workspace/code-generation/tictacplus-persistent-fullstack-tic-tac-toe-61826-a614edb6/tic_tac_toe_frontend/node_modules/core-js/internals/inherit-if-required.js'
npm warn tar TAR_ENTRY_ERROR ENOENT: no such file or directory, open '/home/kavia/workspace/code-generation/tictacplus-persistent-fullstack-tic-tac-toe-61826-a614edb6/tic_tac_toe_frontend/node_modules/core-js/internals/inspect-source.js'
npm warn tar TAR_ENTRY_ERROR ENOENT: no such file or directory, open '/home/kavia/workspace/code-generation/tictacplus-persistent-fullstack-tic-tac-toe-61826-a614edb6/tic_tac_toe_frontend/node_modules/core-js/internals/install-error-cause.js'
npm warn tar TAR_ENTRY_ERROR ENOENT: no such file or directory, open '/home/kavia/workspace/code-generation/tictacplus-persistent-fullstack-tic-tac-toe-61826-a614edb6/tic_tac_toe_frontend/node_modules/typescript/lib/typingsInstaller.js'
npm warn tar TAR_ENTRY_ERROR ENOENT: no such file or directory, open '/home/kavia/workspace/code-generation/tictacplus-persistent-fullstack-tic-tac-toe-61826-a614edb6/tic_tac_toe_frontend/node_modules/core-js-pure/internals/internal-metadata.js'
npm warn tar TAR_ENTRY_ERROR ENOENT: no such file or directory, open '/home/kavia/workspace/code-generation/tictacplus-persistent-fullstack-tic-tac-toe-61826-a614edb6/tic_tac_toe_frontend/node_modules/core-js-pure/internals/internal-state.js'
npm warn tar TAR_ENTRY_ERROR ENOENT: no such file or directory, open '/home/kavia/workspace/code-generation/tictacplus-persistent-fullstack-tic-tac-toe-61826-a614edb6/tic_tac_toe_frontend/node_modules/core-js-pure/actual/set/intersection.js'
npm warn tar TAR_ENTRY_ERROR ENOENT: no such file or directory, open '/home/kavia/workspace/code-generation/tictacplus-persistent-fullstack-tic-tac-toe-61826-a614edb6/tic_tac_toe_frontend/node_modules/core-js-pure/es/set/intersection.js'
npm warn tar TAR_ENTRY_ERROR ENOENT: no such file or directory, open '/home/kavia/workspace/code-generation/tictacplus-persistent-fullstack-tic-tac-toe-61826-a614edb6/tic_tac_toe_frontend/node_modules/core-js-pure/features/set/intersection.js'
npm warn tar TAR_ENTRY_ERROR ENOENT: no such file or directory, open '/home/kavia/workspace/code-generation/tictacplus-persistent-fullstack-tic-tac-toe-61826-a614edb6/tic_tac_toe_frontend/node_modules/core-js-pure/stable/set/intersection.js'
npm warn tar TAR_ENTRY_ERROR ENOENT: no such file or directory, open '/home/kavia/workspace/code-generation/tictacplus-persistent-fullstack-tic-tac-toe-61826-a614edb6/tic_tac_toe_frontend/node_modules/core-js-pure/internals/is-array-iterator-method.js'
npm warn tar TAR_ENTRY_ERROR ENOENT: no such file or directory, open '/home/kavia/workspace/code-generation/tictacplus-persistent-fullstack-tic-tac-toe-61826-a614edb6/tic_tac_toe_frontend/node_modules/core-js-pure/internals/is-array.js'
npm warn tar TAR_ENTRY_ERROR ENOENT: no such file or directory, open '/home/kavia/workspace/code-generation/tictacplus-persistent-fullstack-tic-tac-toe-61826-a614edb6/tic_tac_toe_frontend/node_modules/core-js/internals/internal-metadata.js'
npm warn tar TAR_ENTRY_ERROR ENOENT: no such file or directory, open '/home/kavia/workspace/code-generation/tictacplus-persistent-fullstack-tic-tac-toe-61826-a614edb6/tic_tac_toe_frontend/node_modules/core-js-pure/internals/is-big-int-array.js'
npm warn tar TAR_ENTRY_ERROR ENOENT: no such file or directory, open '/home/kavia/workspace/code-generation/tictacplus-persistent-fullstack-tic-tac-toe-61826-a614edb6/tic_tac_toe_frontend/node_modules/core-js/internals/internal-state.js'
npm warn tar TAR_ENTRY_ERROR ENOENT: no such file or directory, open '/home/kavia/workspace/code-generation/tictacplus-persistent-fullstack-tic-tac-toe-61826-a614edb6/tic_tac_toe_frontend/node_modules/core-js-pure/features/function/is-callable.js'
npm warn tar TAR_ENTRY_ERROR ENOENT: no such file or directory, open '/home/kavia/workspace/code-generation/tictacplus-persistent-fullstack-tic-tac-toe-61826-a614edb6/tic_tac_toe_frontend/node_modules/core-js-pure/full/function/is-callable.js'
npm warn tar TAR_ENTRY_ERROR ENOENT: no such file or directory, open '/home/kavia/workspace/code-generation/tictacplus-persistent-fullstack-tic-tac-toe-61826-a614edb6/tic_tac_toe_frontend/node_modules/core-js/actual/set/intersection.js'
npm warn tar TAR_ENTRY_ERROR ENOENT: no such file or directory, open '/home/kavia/workspace/code-generation/tictacplus-persistent-fullstack-tic-tac-toe-61826-a614edb6/tic_tac_toe_frontend/node_modules/core-js-pure/internals/is-callable.js'
npm warn tar TAR_ENTRY_ERROR ENOENT: no such file or directory, open '/home/kavia/workspace/code-generation/tictacplus-persistent-fullstack-tic-tac-toe-61826-a614edb6/tic_tac_toe_frontend/node_modules/core-js/es/set/intersection.js'
npm warn tar TAR_ENTRY_ERROR ENOENT: no such file or directory, open '/home/kavia/workspace/code-generation/tictacplus-persistent-fullstack-tic-tac-toe-61826-a614edb6/tic_tac_toe_frontend/node_modules/core-js-pure/actual/symbol/is-concat-spreadable.js'
npm warn tar TAR_ENTRY_ERROR ENOENT: no such file or directory, open '/home/kavia/workspace/code-generation/tictacplus-persistent-fullstack-tic-tac-toe-61826-a614edb6/tic_tac_toe_frontend/node_modules/core-js/features/set/intersection.js'
npm warn tar TAR_ENTRY_ERROR ENOENT: no such file or directory, open '/home/kavia/workspace/code-generation/tictacplus-persistent-fullstack-tic-tac-toe-61826-a614edb6/tic_tac_toe_frontend/node_modules/core-js-pure/es/symbol/is-concat-spreadable.js'
npm warn tar TAR_ENTRY_ERROR ENOENT: no such file or directory, open '/home/kavia/workspace/code-generation/tictacplus-persistent-fullstack-tic-tac-toe-61826-a614edb6/tic_tac_toe_frontend/node_modules/core-js-pure/features/symbol/is-concat-spreadable.js'
npm warn tar TAR_ENTRY_ERROR ENOENT: no such file or directory, open '/home/kavia/workspace/code-generation/tictacplus-persistent-fullstack-tic-tac-toe-61826-a614edb6/tic_tac_toe_frontend/node_modules/core-js/stable/set/intersection.js'
npm warn tar TAR_ENTRY_ERROR ENOENT: no such file or directory, open '/home/kavia/workspace/code-generation/tictacplus-persistent-fullstack-tic-tac-toe-61826-a614edb6/tic_tac_toe_frontend/node_modules/core-js-pure/full/symbol/is-concat-spreadable.js'
npm warn tar TAR_ENTRY_ERROR ENOENT: no such file or directory, open '/home/kavia/workspace/code-generation/tictacplus-persistent-fullstack-tic-tac-toe-61826-a614edb6/tic_tac_toe_frontend/node_modules/core-js/internals/is-array-iterator-method.js'
npm warn tar TAR_ENTRY_ERROR ENOENT: no such file or directory, open '/home/kavia/workspace/code-generation/tictacplus-persistent-fullstack-tic-tac-toe-61826-a614edb6/tic_tac_toe_frontend/node_modules/core-js-pure/stable/symbol/is-concat-spreadable.js'
npm warn tar TAR_ENTRY_ERROR ENOENT: no such file or directory, open '/home/kavia/workspace/code-generation/tictacplus-persistent-fullstack-tic-tac-toe-61826-a614edb6/tic_tac_toe_frontend/node_modules/core-js-pure/features/function/is-constructor.js'
npm warn tar TAR_ENTRY_ERROR ENOENT: no such file or directory, open '/home/kavia/workspace/code-generation/tictacplus-persistent-fullstack-tic-tac-toe-61826-a614edb6/tic_tac_toe_frontend/node_modules/core-js-pure/full/function/is-constructor.js'
npm warn tar TAR_ENTRY_ERROR ENOENT: no such file or directory, open '/home/kavia/workspace/code-generation/tictacplus-persistent-fullstack-tic-tac-toe-61826-a614edb6/tic_tac_toe_frontend/node_modules/core-js-pure/internals/is-constructor.js'
npm warn tar TAR_ENTRY_ERROR ENOENT: no such file or directory, open '/home/kavia/workspace/code-generation/tictacplus-persistent-fullstack-tic-tac-toe-61826-a614edb6/tic_tac_toe_frontend/node_modules/core-js-pure/internals/is-data-descriptor.js'
npm warn tar TAR_ENTRY_ERROR ENOENT: no such file or directory, open '/home/kavia/workspace/code-generation/tictacplus-persistent-fullstack-tic-tac-toe-61826-a614edb6/tic_tac_toe_frontend/node_modules/core-js/internals/is-array.js'
npm warn tar TAR_ENTRY_ERROR ENOENT: no such file or directory, open '/home/kavia/workspace/code-generation/tictacplus-persistent-fullstack-tic-tac-toe-61826-a614edb6/tic_tac_toe_frontend/node_modules/core-js-pure/actual/set/is-disjoint-from.js'
npm warn tar TAR_ENTRY_ERROR ENOENT: no such file or directory, open '/home/kavia/workspace/code-generation/tictacplus-persistent-fullstack-tic-tac-toe-61826-a614edb6/tic_tac_toe_frontend/node_modules/core-js-pure/es/set/is-disjoint-from.js'
npm warn tar TAR_ENTRY_ERROR ENOENT: no such file or directory, open '/home/kavia/workspace/code-generation/tictacplus-persistent-fullstack-tic-tac-toe-61826-a614edb6/tic_tac_toe_frontend/node_modules/core-js/internals/is-big-int-array.js'
npm warn tar TAR_ENTRY_ERROR ENOENT: no such file or directory, open '/home/kavia/workspace/code-generation/tictacplus-persistent-fullstack-tic-tac-toe-61826-a614edb6/tic_tac_toe_frontend/node_modules/core-js-pure/features/set/is-disjoint-from.js'
npm warn tar TAR_ENTRY_ERROR ENOENT: no such file or directory, open '/home/kavia/workspace/code-generation/tictacplus-persistent-fullstack-tic-tac-toe-61826-a614edb6/tic_tac_toe_frontend/node_modules/core-js/features/function/is-callable.js'
npm warn tar TAR_ENTRY_ERROR ENOENT: no such file or directory, open '/home/kavia/workspace/code-generation/tictacplus-persistent-fullstack-tic-tac-toe-61826-a614edb6/tic_tac_toe_frontend/node_modules/core-js/full/function/is-callable.js'
npm warn tar TAR_ENTRY_ERROR ENOENT: no such file or directory, open '/home/kavia/workspace/code-generation/tictacplus-persistent-fullstack-tic-tac-toe-61826-a614edb6/tic_tac_toe_frontend/node_modules/core-js-pure/stable/set/is-disjoint-from.js'
npm warn tar TAR_ENTRY_ERROR ENOENT: no such file or directory, open '/home/kavia/workspace/code-generation/tictacplus-persistent-fullstack-tic-tac-toe-61826-a614edb6/tic_tac_toe_frontend/node_modules/core-js/internals/is-callable.js'
npm warn tar TAR_ENTRY_ERROR ENOENT: no such file or directory, open '/home/kavia/workspace/code-generation/tictacplus-persistent-fullstack-tic-tac-toe-61826-a614edb6/tic_tac_toe_frontend/node_modules/core-js-pure/actual/error/is-error.js'
npm warn tar TAR_ENTRY_ERROR ENOENT: no such file or directory, open '/home/kavia/workspace/code-generation/tictacplus-persistent-fullstack-tic-tac-toe-61826-a614edb6/tic_tac_toe_frontend/node_modules/core-js/actual/symbol/is-concat-spreadable.js'
npm warn tar TAR_ENTRY_ERROR ENOENT: no such file or directory, open '/home/kavia/workspace/code-generation/tictacplus-persistent-fullstack-tic-tac-toe-61826-a614edb6/tic_tac_toe_frontend/node_modules/core-js-pure/features/error/is-error.js'
npm warn tar TAR_ENTRY_ERROR ENOENT: no such file or directory, open '/home/kavia/workspace/code-generation/tictacplus-persistent-fullstack-tic-tac-toe-61826-a614edb6/tic_tac_toe_frontend/node_modules/core-js/es/symbol/is-concat-spreadable.js'
npm warn tar TAR_ENTRY_ERROR ENOENT: no such file or directory, open '/home/kavia/workspace/code-generation/tictacplus-persistent-fullstack-tic-tac-toe-61826-a614edb6/tic_tac_toe_frontend/node_modules/core-js-pure/full/error/is-error.js'
npm warn tar TAR_ENTRY_ERROR ENOENT: no such file or directory, open '/home/kavia/workspace/code-generation/tictacplus-persistent-fullstack-tic-tac-toe-61826-a614edb6/tic_tac_toe_frontend/node_modules/core-js/features/symbol/is-concat-spreadable.js'
npm warn tar TAR_ENTRY_ERROR ENOENT: no such file or directory, open '/home/kavia/workspace/code-generation/tictacplus-persistent-fullstack-tic-tac-toe-61826-a614edb6/tic_tac_toe_frontend/node_modules/core-js-pure/proposals/is-error.js'
npm warn tar TAR_ENTRY_ERROR ENOENT: no such file or directory, open '/home/kavia/workspace/code-generation/tictacplus-persistent-fullstack-tic-tac-toe-61826-a614edb6/tic_tac_toe_frontend/node_modules/core-js/full/symbol/is-concat-spreadable.js'
npm warn tar TAR_ENTRY_ERROR ENOENT: no such file or directory, open '/home/kavia/workspace/code-generation/tictacplus-persistent-fullstack-tic-tac-toe-61826-a614edb6/tic_tac_toe_frontend/node_modules/core-js-pure/actual/object/is-extensible.js'
npm warn tar TAR_ENTRY_ERROR ENOENT: no such file or directory, open '/home/kavia/workspace/code-generation/tictacplus-persistent-fullstack-tic-tac-toe-61826-a614edb6/tic_tac_toe_frontend/node_modules/core-js/stable/symbol/is-concat-spreadable.js'
npm warn tar TAR_ENTRY_ERROR ENOENT: no such file or directory, open '/home/kavia/workspace/code-generation/tictacplus-persistent-fullstack-tic-tac-toe-61826-a614edb6/tic_tac_toe_frontend/node_modules/core-js-pure/actual/reflect/is-extensible.js'
npm warn tar TAR_ENTRY_ERROR ENOENT: no such file or directory, open '/home/kavia/workspace/code-generation/tictacplus-persistent-fullstack-tic-tac-toe-61826-a614edb6/tic_tac_toe_frontend/node_modules/core-js/features/function/is-constructor.js'
npm warn tar TAR_ENTRY_ERROR ENOENT: no such file or directory, open '/home/kavia/workspace/code-generation/tictacplus-persistent-fullstack-tic-tac-toe-61826-a614edb6/tic_tac_toe_frontend/node_modules/core-js-pure/es/object/is-extensible.js'
npm warn tar TAR_ENTRY_ERROR ENOENT: no such file or directory, open '/home/kavia/workspace/code-generation/tictacplus-persistent-fullstack-tic-tac-toe-61826-a614edb6/tic_tac_toe_frontend/node_modules/core-js/full/function/is-constructor.js'
npm warn tar TAR_ENTRY_ERROR ENOENT: no such file or directory, open '/home/kavia/workspace/code-generation/tictacplus-persistent-fullstack-tic-tac-toe-61826-a614edb6/tic_tac_toe_frontend/node_modules/core-js-pure/es/reflect/is-extensible.js'
npm warn tar TAR_ENTRY_ERROR ENOENT: no such file or directory, open '/home/kavia/workspace/code-generation/tictacplus-persistent-fullstack-tic-tac-toe-61826-a614edb6/tic_tac_toe_frontend/node_modules/core-js/internals/is-constructor.js'
npm warn tar TAR_ENTRY_ERROR ENOENT: no such file or directory, open '/home/kavia/workspace/code-generation/tictacplus-persistent-fullstack-tic-tac-toe-61826-a614edb6/tic_tac_toe_frontend/node_modules/core-js-pure/features/object/is-extensible.js'
npm warn tar TAR_ENTRY_ERROR ENOENT: no such file or directory, open '/home/kavia/workspace/code-generation/tictacplus-persistent-fullstack-tic-tac-toe-61826-a614edb6/tic_tac_toe_frontend/node_modules/core-js/internals/is-data-descriptor.js'
npm warn tar TAR_ENTRY_ERROR ENOENT: no such file or directory, open '/home/kavia/workspace/code-generation/tictacplus-persistent-fullstack-tic-tac-toe-61826-a614edb6/tic_tac_toe_frontend/node_modules/core-js-pure/features/reflect/is-extensible.js'
npm warn tar TAR_ENTRY_ERROR ENOENT: no such file or directory, open '/home/kavia/workspace/code-generation/tictacplus-persistent-fullstack-tic-tac-toe-61826-a614edb6/tic_tac_toe_frontend/node_modules/core-js/actual/set/is-disjoint-from.js'
npm warn tar TAR_ENTRY_ERROR ENOENT: no such file or directory, open '/home/kavia/workspace/code-generation/tictacplus-persistent-fullstack-tic-tac-toe-61826-a614edb6/tic_tac_toe_frontend/node_modules/core-js-pure/full/object/is-extensible.js'
npm warn tar TAR_ENTRY_ERROR ENOENT: no such file or directory, open '/home/kavia/workspace/code-generation/tictacplus-persistent-fullstack-tic-tac-toe-61826-a614edb6/tic_tac_toe_frontend/node_modules/core-js/es/set/is-disjoint-from.js'
npm warn tar TAR_ENTRY_ERROR ENOENT: no such file or directory, open '/home/kavia/workspace/code-generation/tictacplus-persistent-fullstack-tic-tac-toe-61826-a614edb6/tic_tac_toe_frontend/node_modules/core-js-pure/full/reflect/is-extensible.js'
npm warn tar TAR_ENTRY_ERROR ENOENT: no such file or directory, open '/home/kavia/workspace/code-generation/tictacplus-persistent-fullstack-tic-tac-toe-61826-a614edb6/tic_tac_toe_frontend/node_modules/core-js/features/set/is-disjoint-from.js'
npm warn tar TAR_ENTRY_ERROR ENOENT: no such file or directory, open '/home/kavia/workspace/code-generation/tictacplus-persistent-fullstack-tic-tac-toe-61826-a614edb6/tic_tac_toe_frontend/node_modules/core-js-pure/stable/object/is-extensible.js'
npm warn tar TAR_ENTRY_ERROR ENOENT: no such file or directory, open '/home/kavia/workspace/code-generation/tictacplus-persistent-fullstack-tic-tac-toe-61826-a614edb6/tic_tac_toe_frontend/node_modules/core-js-pure/stable/reflect/is-extensible.js'
npm warn tar TAR_ENTRY_ERROR ENOENT: no such file or directory, open '/home/kavia/workspace/code-generation/tictacplus-persistent-fullstack-tic-tac-toe-61826-a614edb6/tic_tac_toe_frontend/node_modules/core-js/stable/set/is-disjoint-from.js'
npm warn tar TAR_ENTRY_ERROR ENOENT: no such file or directory, open '/home/kavia/workspace/code-generation/tictacplus-persistent-fullstack-tic-tac-toe-61826-a614edb6/tic_tac_toe_frontend/node_modules/core-js-pure/actual/number/is-finite.js'
npm warn tar TAR_ENTRY_ERROR ENOENT: no such file or directory, open '/home/kavia/workspace/code-generation/tictacplus-persistent-fullstack-tic-tac-toe-61826-a614edb6/tic_tac_toe_frontend/node_modules/core-js/actual/error/is-error.js'
npm warn tar TAR_ENTRY_ERROR ENOENT: no such file or directory, open '/home/kavia/workspace/code-generation/tictacplus-persistent-fullstack-tic-tac-toe-61826-a614edb6/tic_tac_toe_frontend/node_modules/core-js-pure/es/number/is-finite.js'
npm warn tar TAR_ENTRY_ERROR ENOENT: no such file or directory, open '/home/kavia/workspace/code-generation/tictacplus-persistent-fullstack-tic-tac-toe-61826-a614edb6/tic_tac_toe_frontend/node_modules/core-js/features/error/is-error.js'
npm warn tar TAR_ENTRY_ERROR ENOENT: no such file or directory, open '/home/kavia/workspace/code-generation/tictacplus-persistent-fullstack-tic-tac-toe-61826-a614edb6/tic_tac_toe_frontend/node_modules/core-js-pure/features/number/is-finite.js'
npm warn tar TAR_ENTRY_ERROR ENOENT: no such file or directory, open '/home/kavia/workspace/code-generation/tictacplus-persistent-fullstack-tic-tac-toe-61826-a614edb6/tic_tac_toe_frontend/node_modules/core-js/full/error/is-error.js'
npm warn tar TAR_ENTRY_ERROR ENOENT: no such file or directory, open '/home/kavia/workspace/code-generation/tictacplus-persistent-fullstack-tic-tac-toe-61826-a614edb6/tic_tac_toe_frontend/node_modules/core-js-pure/full/number/is-finite.js'
npm warn tar TAR_ENTRY_ERROR ENOENT: no such file or directory, open '/home/kavia/workspace/code-generation/tictacplus-persistent-fullstack-tic-tac-toe-61826-a614edb6/tic_tac_toe_frontend/node_modules/core-js/proposals/is-error.js'
npm warn tar TAR_ENTRY_ERROR ENOENT: no such file or directory, open '/home/kavia/workspace/code-generation/tictacplus-persistent-fullstack-tic-tac-toe-61826-a614edb6/tic_tac_toe_frontend/node_modules/core-js-pure/stable/number/is-finite.js'
npm warn tar TAR_ENTRY_ERROR ENOENT: no such file or directory, open '/home/kavia/workspace/code-generation/tictacplus-persistent-fullstack-tic-tac-toe-61826-a614edb6/tic_tac_toe_frontend/node_modules/core-js/actual/object/is-extensible.js'
npm warn tar TAR_ENTRY_ERROR ENOENT: no such file or directory, open '/home/kavia/workspace/code-generation/tictacplus-persistent-fullstack-tic-tac-toe-61826-a614edb6/tic_tac_toe_frontend/node_modules/core-js-pure/internals/is-forced.js'
npm warn tar TAR_ENTRY_ERROR ENOENT: no such file or directory, open '/home/kavia/workspace/code-generation/tictacplus-persistent-fullstack-tic-tac-toe-61826-a614edb6/tic_tac_toe_frontend/node_modules/core-js/actual/reflect/is-extensible.js'
npm warn tar TAR_ENTRY_ERROR ENOENT: no such file or directory, open '/home/kavia/workspace/code-generation/tictacplus-persistent-fullstack-tic-tac-toe-61826-a614edb6/tic_tac_toe_frontend/node_modules/core-js-pure/actual/object/is-frozen.js'
npm warn tar TAR_ENTRY_ERROR ENOENT: no such file or directory, open '/home/kavia/workspace/code-generation/tictacplus-persistent-fullstack-tic-tac-toe-61826-a614edb6/tic_tac_toe_frontend/node_modules/core-js/es/object/is-extensible.js'
npm warn tar TAR_ENTRY_ERROR ENOENT: no such file or directory, open '/home/kavia/workspace/code-generation/tictacplus-persistent-fullstack-tic-tac-toe-61826-a614edb6/tic_tac_toe_frontend/node_modules/core-js-pure/es/object/is-frozen.js'
npm warn tar TAR_ENTRY_ERROR ENOENT: no such file or directory, open '/home/kavia/workspace/code-generation/tictacplus-persistent-fullstack-tic-tac-toe-61826-a614edb6/tic_tac_toe_frontend/node_modules/core-js/es/reflect/is-extensible.js'
npm warn tar TAR_ENTRY_ERROR ENOENT: no such file or directory, open '/home/kavia/workspace/code-generation/tictacplus-persistent-fullstack-tic-tac-toe-61826-a614edb6/tic_tac_toe_frontend/node_modules/core-js-pure/features/object/is-frozen.js'
npm warn tar TAR_ENTRY_ERROR ENOENT: no such file or directory, open '/home/kavia/workspace/code-generation/tictacplus-persistent-fullstack-tic-tac-toe-61826-a614edb6/tic_tac_toe_frontend/node_modules/core-js/features/object/is-extensible.js'
npm warn tar TAR_ENTRY_ERROR ENOENT: no such file or directory, open '/home/kavia/workspace/code-generation/tictacplus-persistent-fullstack-tic-tac-toe-61826-a614edb6/tic_tac_toe_frontend/node_modules/es-abstract/2020/BigInt/unaryMinus.js'
npm warn tar TAR_ENTRY_ERROR ENOENT: no such file or directory, open '/home/kavia/workspace/code-generation/tictacplus-persistent-fullstack-tic-tac-toe-61826-a614edb6/tic_tac_toe_frontend/node_modules/core-js-pure/full/object/is-frozen.js'
npm warn tar TAR_ENTRY_ERROR ENOENT: no such file or directory, open '/home/kavia/workspace/code-generation/tictacplus-persistent-fullstack-tic-tac-toe-61826-a614edb6/tic_tac_toe_frontend/node_modules/core-js/features/reflect/is-extensible.js'
npm warn tar TAR_ENTRY_ERROR ENOENT: no such file or directory, open '/home/kavia/workspace/code-generation/tictacplus-persistent-fullstack-tic-tac-toe-61826-a614edb6/tic_tac_toe_frontend/node_modules/es-abstract/2020/Number/unaryMinus.js'
npm warn tar TAR_ENTRY_ERROR ENOENT: no such file or directory, open '/home/kavia/workspace/code-generation/tictacplus-persistent-fullstack-tic-tac-toe-61826-a614edb6/tic_tac_toe_frontend/node_modules/core-js-pure/stable/object/is-frozen.js'
npm warn tar TAR_ENTRY_ERROR ENOENT: no such file or directory, open '/home/kavia/workspace/code-generation/tictacplus-persistent-fullstack-tic-tac-toe-61826-a614edb6/tic_tac_toe_frontend/node_modules/core-js/full/object/is-extensible.js'
npm warn tar TAR_ENTRY_ERROR ENOENT: no such file or directory, open '/home/kavia/workspace/code-generation/tictacplus-persistent-fullstack-tic-tac-toe-61826-a614edb6/tic_tac_toe_frontend/node_modules/es-abstract/2021/BigInt/unaryMinus.js'
npm warn tar TAR_ENTRY_ERROR ENOENT: no such file or directory, open '/home/kavia/workspace/code-generation/tictacplus-persistent-fullstack-tic-tac-toe-61826-a614edb6/tic_tac_toe_frontend/node_modules/core-js-pure/actual/number/is-integer.js'
npm warn tar TAR_ENTRY_ERROR ENOENT: no such file or directory, open '/home/kavia/workspace/code-generation/tictacplus-persistent-fullstack-tic-tac-toe-61826-a614edb6/tic_tac_toe_frontend/node_modules/core-js/full/reflect/is-extensible.js'
npm warn tar TAR_ENTRY_ERROR ENOENT: no such file or directory, open '/home/kavia/workspace/code-generation/tictacplus-persistent-fullstack-tic-tac-toe-61826-a614edb6/tic_tac_toe_frontend/node_modules/es-abstract/2021/Number/unaryMinus.js'
npm warn tar TAR_ENTRY_ERROR ENOENT: no such file or directory, open '/home/kavia/workspace/code-generation/tictacplus-persistent-fullstack-tic-tac-toe-61826-a614edb6/tic_tac_toe_frontend/node_modules/core-js-pure/es/number/is-integer.js'
npm warn tar TAR_ENTRY_ERROR ENOENT: no such file or directory, open '/home/kavia/workspace/code-generation/tictacplus-persistent-fullstack-tic-tac-toe-61826-a614edb6/tic_tac_toe_frontend/node_modules/core-js/stable/object/is-extensible.js'
npm warn tar TAR_ENTRY_ERROR ENOENT: no such file or directory, open '/home/kavia/workspace/code-generation/tictacplus-persistent-fullstack-tic-tac-toe-61826-a614edb6/tic_tac_toe_frontend/node_modules/es-abstract/2022/BigInt/unaryMinus.js'
npm warn tar TAR_ENTRY_ERROR ENOENT: no such file or directory, open '/home/kavia/workspace/code-generation/tictacplus-persistent-fullstack-tic-tac-toe-61826-a614edb6/tic_tac_toe_frontend/node_modules/core-js-pure/features/number/is-integer.js'
npm warn tar TAR_ENTRY_ERROR ENOENT: no such file or directory, open '/home/kavia/workspace/code-generation/tictacplus-persistent-fullstack-tic-tac-toe-61826-a614edb6/tic_tac_toe_frontend/node_modules/core-js/stable/reflect/is-extensible.js'
npm warn tar TAR_ENTRY_ERROR ENOENT: no such file or directory, open '/home/kavia/workspace/code-generation/tictacplus-persistent-fullstack-tic-tac-toe-61826-a614edb6/tic_tac_toe_frontend/node_modules/es-abstract/2022/Number/unaryMinus.js'
npm warn tar TAR_ENTRY_ERROR ENOENT: no such file or directory, open '/home/kavia/workspace/code-generation/tictacplus-persistent-fullstack-tic-tac-toe-61826-a614edb6/tic_tac_toe_frontend/node_modules/core-js-pure/full/number/is-integer.js'
npm warn tar TAR_ENTRY_ERROR ENOENT: no such file or directory, open '/home/kavia/workspace/code-generation/tictacplus-persistent-fullstack-tic-tac-toe-61826-a614edb6/tic_tac_toe_frontend/node_modules/core-js/actual/number/is-finite.js'
npm warn tar TAR_ENTRY_ERROR ENOENT: no such file or directory, open '/home/kavia/workspace/code-generation/tictacplus-persistent-fullstack-tic-tac-toe-61826-a614edb6/tic_tac_toe_frontend/node_modules/es-abstract/2023/BigInt/unaryMinus.js'
npm warn tar TAR_ENTRY_ERROR ENOENT: no such file or directory, open '/home/kavia/workspace/code-generation/tictacplus-persistent-fullstack-tic-tac-toe-61826-a614edb6/tic_tac_toe_frontend/node_modules/core-js-pure/stable/number/is-integer.js'
npm warn tar TAR_ENTRY_ERROR ENOENT: no such file or directory, open '/home/kavia/workspace/code-generation/tictacplus-persistent-fullstack-tic-tac-toe-61826-a614edb6/tic_tac_toe_frontend/node_modules/core-js/es/number/is-finite.js'
npm warn tar TAR_ENTRY_ERROR ENOENT: no such file or directory, open '/home/kavia/workspace/code-generation/tictacplus-persistent-fullstack-tic-tac-toe-61826-a614edb6/tic_tac_toe_frontend/node_modules/es-abstract/2023/Number/unaryMinus.js'
npm warn tar TAR_ENTRY_ERROR ENOENT: no such file or directory, open '/home/kavia/workspace/code-generation/tictacplus-persistent-fullstack-tic-tac-toe-61826-a614edb6/tic_tac_toe_frontend/node_modules/core-js-pure/internals/is-integral-number.js'
npm warn tar TAR_ENTRY_ERROR ENOENT: no such file or directory, open '/home/kavia/workspace/code-generation/tictacplus-persistent-fullstack-tic-tac-toe-61826-a614edb6/tic_tac_toe_frontend/node_modules/core-js/features/number/is-finite.js'
npm warn tar TAR_ENTRY_ERROR ENOENT: no such file or directory, open '/home/kavia/workspace/code-generation/tictacplus-persistent-fullstack-tic-tac-toe-61826-a614edb6/tic_tac_toe_frontend/node_modules/es-abstract/2024/BigInt/unaryMinus.js'
npm warn tar TAR_ENTRY_ERROR ENOENT: no such file or directory, open '/home/kavia/workspace/code-generation/tictacplus-persistent-fullstack-tic-tac-toe-61826-a614edb6/tic_tac_toe_frontend/node_modules/core-js/full/number/is-finite.js'
npm warn tar TAR_ENTRY_ERROR ENOENT: no such file or directory, open '/home/kavia/workspace/code-generation/tictacplus-persistent-fullstack-tic-tac-toe-61826-a614edb6/tic_tac_toe_frontend/node_modules/es-abstract/2024/Number/unaryMinus.js'
npm warn tar TAR_ENTRY_ERROR ENOENT: no such file or directory, open '/home/kavia/workspace/code-generation/tictacplus-persistent-fullstack-tic-tac-toe-61826-a614edb6/tic_tac_toe_frontend/node_modules/core-js/stable/number/is-finite.js'
npm warn tar TAR_ENTRY_ERROR ENOENT: no such file or directory, open '/home/kavia/workspace/code-generation/tictacplus-persistent-fullstack-tic-tac-toe-61826-a614edb6/tic_tac_toe_frontend/node_modules/core-js/internals/is-forced.js'
npm warn tar TAR_ENTRY_ERROR ENOENT: no such file or directory, open '/home/kavia/workspace/code-generation/tictacplus-persistent-fullstack-tic-tac-toe-61826-a614edb6/tic_tac_toe_frontend/node_modules/core-js/actual/object/is-frozen.js'
npm warn tar TAR_ENTRY_ERROR ENOENT: no such file or directory, open '/home/kavia/workspace/code-generation/tictacplus-persistent-fullstack-tic-tac-toe-61826-a614edb6/tic_tac_toe_frontend/node_modules/core-js-pure/internals/is-iterable.js'
npm warn tar TAR_ENTRY_ERROR ENOENT: no such file or directory, open '/home/kavia/workspace/code-generation/tictacplus-persistent-fullstack-tic-tac-toe-61826-a614edb6/tic_tac_toe_frontend/node_modules/core-js/es/object/is-frozen.js'
npm warn tar TAR_ENTRY_ERROR ENOENT: no such file or directory, open '/home/kavia/workspace/code-generation/tictacplus-persistent-fullstack-tic-tac-toe-61826-a614edb6/tic_tac_toe_frontend/node_modules/core-js/features/object/is-frozen.js'
npm warn tar TAR_ENTRY_ERROR ENOENT: no such file or directory, open '/home/kavia/workspace/code-generation/tictacplus-persistent-fullstack-tic-tac-toe-61826-a614edb6/tic_tac_toe_frontend/node_modules/core-js-pure/actual/number/is-nan.js'
npm warn tar TAR_ENTRY_ERROR ENOENT: no such file or directory, open '/home/kavia/workspace/code-generation/tictacplus-persistent-fullstack-tic-tac-toe-61826-a614edb6/tic_tac_toe_frontend/node_modules/core-js/full/object/is-frozen.js'
npm warn tar TAR_ENTRY_ERROR ENOENT: no such file or directory, open '/home/kavia/workspace/code-generation/tictacplus-persistent-fullstack-tic-tac-toe-61826-a614edb6/tic_tac_toe_frontend/node_modules/core-js-pure/es/number/is-nan.js'
npm warn tar TAR_ENTRY_ERROR ENOENT: no such file or directory, open '/home/kavia/workspace/code-generation/tictacplus-persistent-fullstack-tic-tac-toe-61826-a614edb6/tic_tac_toe_frontend/node_modules/core-js/stable/object/is-frozen.js'
npm warn tar TAR_ENTRY_ERROR ENOENT: no such file or directory, open '/home/kavia/workspace/code-generation/tictacplus-persistent-fullstack-tic-tac-toe-61826-a614edb6/tic_tac_toe_frontend/node_modules/core-js-pure/features/number/is-nan.js'
npm warn tar TAR_ENTRY_ERROR ENOENT: no such file or directory, open '/home/kavia/workspace/code-generation/tictacplus-persistent-fullstack-tic-tac-toe-61826-a614edb6/tic_tac_toe_frontend/node_modules/core-js/actual/number/is-integer.js'
npm warn tar TAR_ENTRY_ERROR ENOENT: no such file or directory, open '/home/kavia/workspace/code-generation/tictacplus-persistent-fullstack-tic-tac-toe-61826-a614edb6/tic_tac_toe_frontend/node_modules/es-abstract/2020/BigInt/unsignedRightShift.js'
npm warn tar TAR_ENTRY_ERROR ENOENT: no such file or directory, open '/home/kavia/workspace/code-generation/tictacplus-persistent-fullstack-tic-tac-toe-61826-a614edb6/tic_tac_toe_frontend/node_modules/core-js-pure/full/number/is-nan.js'
npm warn tar TAR_ENTRY_ERROR ENOENT: no such file or directory, open '/home/kavia/workspace/code-generation/tictacplus-persistent-fullstack-tic-tac-toe-61826-a614edb6/tic_tac_toe_frontend/node_modules/core-js/es/number/is-integer.js'
npm warn tar TAR_ENTRY_ERROR ENOENT: no such file or directory, open '/home/kavia/workspace/code-generation/tictacplus-persistent-fullstack-tic-tac-toe-61826-a614edb6/tic_tac_toe_frontend/node_modules/es-abstract/2020/Number/unsignedRightShift.js'
npm warn tar TAR_ENTRY_ERROR ENOENT: no such file or directory, open '/home/kavia/workspace/code-generation/tictacplus-persistent-fullstack-tic-tac-toe-61826-a614edb6/tic_tac_toe_frontend/node_modules/core-js-pure/stable/number/is-nan.js'
npm warn tar TAR_ENTRY_ERROR ENOENT: no such file or directory, open '/home/kavia/workspace/code-generation/tictacplus-persistent-fullstack-tic-tac-toe-61826-a614edb6/tic_tac_toe_frontend/node_modules/core-js/features/number/is-integer.js'
npm warn tar TAR_ENTRY_ERROR ENOENT: no such file or directory, open '/home/kavia/workspace/code-generation/tictacplus-persistent-fullstack-tic-tac-toe-61826-a614edb6/tic_tac_toe_frontend/node_modules/es-abstract/2021/BigInt/unsignedRightShift.js'
npm warn tar TAR_ENTRY_ERROR ENOENT: no such file or directory, open '/home/kavia/workspace/code-generation/tictacplus-persistent-fullstack-tic-tac-toe-61826-a614edb6/tic_tac_toe_frontend/node_modules/core-js-pure/internals/is-null-or-undefined.js'
npm warn tar TAR_ENTRY_ERROR ENOENT: no such file or directory, open '/home/kavia/workspace/code-generation/tictacplus-persistent-fullstack-tic-tac-toe-61826-a614edb6/tic_tac_toe_frontend/node_modules/core-js/full/number/is-integer.js'
npm warn tar TAR_ENTRY_ERROR ENOENT: no such file or directory, open '/home/kavia/workspace/code-generation/tictacplus-persistent-fullstack-tic-tac-toe-61826-a614edb6/tic_tac_toe_frontend/node_modules/es-abstract/2021/Number/unsignedRightShift.js'
npm warn tar TAR_ENTRY_ERROR ENOENT: no such file or directory, open '/home/kavia/workspace/code-generation/tictacplus-persistent-fullstack-tic-tac-toe-61826-a614edb6/tic_tac_toe_frontend/node_modules/core-js-pure/internals/is-object.js'
npm warn tar TAR_ENTRY_ERROR ENOENT: no such file or directory, open '/home/kavia/workspace/code-generation/tictacplus-persistent-fullstack-tic-tac-toe-61826-a614edb6/tic_tac_toe_frontend/node_modules/core-js/stable/number/is-integer.js'
npm warn tar TAR_ENTRY_ERROR ENOENT: no such file or directory, open '/home/kavia/workspace/code-generation/tictacplus-persistent-fullstack-tic-tac-toe-61826-a614edb6/tic_tac_toe_frontend/node_modules/es-abstract/2022/BigInt/unsignedRightShift.js'
npm warn tar TAR_ENTRY_ERROR ENOENT: no such file or directory, open '/home/kavia/workspace/code-generation/tictacplus-persistent-fullstack-tic-tac-toe-61826-a614edb6/tic_tac_toe_frontend/node_modules/core-js-pure/internals/is-possible-prototype.js'
npm warn tar TAR_ENTRY_ERROR ENOENT: no such file or directory, open '/home/kavia/workspace/code-generation/tictacplus-persistent-fullstack-tic-tac-toe-61826-a614edb6/tic_tac_toe_frontend/node_modules/core-js/internals/is-integral-number.js'
npm warn tar TAR_ENTRY_ERROR ENOENT: no such file or directory, open '/home/kavia/workspace/code-generation/tictacplus-persistent-fullstack-tic-tac-toe-61826-a614edb6/tic_tac_toe_frontend/node_modules/es-abstract/2022/Number/unsignedRightShift.js'
npm warn tar TAR_ENTRY_ERROR ENOENT: no such file or directory, open '/home/kavia/workspace/code-generation/tictacplus-persistent-fullstack-tic-tac-toe-61826-a614edb6/tic_tac_toe_frontend/node_modules/core-js-pure/internals/is-pure.js'
npm warn tar TAR_ENTRY_ERROR ENOENT: no such file or directory, open '/home/kavia/workspace/code-generation/tictacplus-persistent-fullstack-tic-tac-toe-61826-a614edb6/tic_tac_toe_frontend/node_modules/es-abstract/2023/BigInt/unsignedRightShift.js'
npm warn tar TAR_ENTRY_ERROR ENOENT: no such file or directory, open '/home/kavia/workspace/code-generation/tictacplus-persistent-fullstack-tic-tac-toe-61826-a614edb6/tic_tac_toe_frontend/node_modules/es-abstract/2023/Number/unsignedRightShift.js'
npm warn tar TAR_ENTRY_ERROR ENOENT: no such file or directory, open '/home/kavia/workspace/code-generation/tictacplus-persistent-fullstack-tic-tac-toe-61826-a614edb6/tic_tac_toe_frontend/node_modules/es-abstract/2024/BigInt/unsignedRightShift.js'
npm warn tar TAR_ENTRY_ERROR ENOENT: no such file or directory, open '/home/kavia/workspace/code-generation/tictacplus-persistent-fullstack-tic-tac-toe-61826-a614edb6/tic_tac_toe_frontend/node_modules/es-abstract/2024/Number/unsignedRightShift.js'
npm warn tar TAR_ENTRY_ERROR ENOENT: no such file or directory, open '/home/kavia/workspace/code-generation/tictacplus-persistent-fullstack-tic-tac-toe-61826-a614edb6/tic_tac_toe_frontend/node_modules/core-js-pure/internals/is-raw-json.js'
npm warn tar TAR_ENTRY_ERROR ENOENT: no such file or directory, open '/home/kavia/workspace/code-generation/tictacplus-persistent-fullstack-tic-tac-toe-61826-a614edb6/tic_tac_toe_frontend/node_modules/core-js/internals/is-iterable.js'
npm warn tar TAR_ENTRY_ERROR ENOENT: no such file or directory, open '/home/kavia/workspace/code-generation/tictacplus-persistent-fullstack-tic-tac-toe-61826-a614edb6/tic_tac_toe_frontend/node_modules/core-js-pure/internals/is-regexp.js'
npm warn tar TAR_ENTRY_ERROR ENOENT: no such file or directory, open '/home/kavia/workspace/code-generation/tictacplus-persistent-fullstack-tic-tac-toe-61826-a614edb6/tic_tac_toe_frontend/node_modules/core-js-pure/features/symbol/is-registered-symbol.js'
npm warn tar TAR_ENTRY_ERROR ENOENT: no such file or directory, open '/home/kavia/workspace/code-generation/tictacplus-persistent-fullstack-tic-tac-toe-61826-a614edb6/tic_tac_toe_frontend/node_modules/core-js/actual/number/is-nan.js'
npm warn tar TAR_ENTRY_ERROR ENOENT: no such file or directory, open '/home/kavia/workspace/code-generation/tictacplus-persistent-fullstack-tic-tac-toe-61826-a614edb6/tic_tac_toe_frontend/node_modules/core-js-pure/full/symbol/is-registered-symbol.js'
npm warn tar TAR_ENTRY_ERROR ENOENT: no such file or directory, open '/home/kavia/workspace/code-generation/tictacplus-persistent-fullstack-tic-tac-toe-61826-a614edb6/tic_tac_toe_frontend/node_modules/core-js/es/number/is-nan.js'
npm warn tar TAR_ENTRY_ERROR ENOENT: no such file or directory, open '/home/kavia/workspace/code-generation/tictacplus-persistent-fullstack-tic-tac-toe-61826-a614edb6/tic_tac_toe_frontend/node_modules/core-js-pure/features/symbol/is-registered.js'
npm warn tar TAR_ENTRY_ERROR ENOENT: no such file or directory, open '/home/kavia/workspace/code-generation/tictacplus-persistent-fullstack-tic-tac-toe-61826-a614edb6/tic_tac_toe_frontend/node_modules/core-js/features/number/is-nan.js'
npm warn tar TAR_ENTRY_ERROR ENOENT: no such file or directory, open '/home/kavia/workspace/code-generation/tictacplus-persistent-fullstack-tic-tac-toe-61826-a614edb6/tic_tac_toe_frontend/node_modules/core-js-pure/full/symbol/is-registered.js'
npm warn tar TAR_ENTRY_ERROR ENOENT: no such file or directory, open '/home/kavia/workspace/code-generation/tictacplus-persistent-fullstack-tic-tac-toe-61826-a614edb6/tic_tac_toe_frontend/node_modules/core-js/full/number/is-nan.js'
npm warn tar TAR_ENTRY_ERROR ENOENT: no such file or directory, open '/home/kavia/workspace/code-generation/tictacplus-persistent-fullstack-tic-tac-toe-61826-a614edb6/tic_tac_toe_frontend/node_modules/typescript/lib/watchGuard.js'
npm warn tar TAR_ENTRY_ERROR ENOENT: no such file or directory, open '/home/kavia/workspace/code-generation/tictacplus-persistent-fullstack-tic-tac-toe-61826-a614edb6/tic_tac_toe_frontend/node_modules/core-js-pure/actual/number/is-safe-integer.js'
npm warn tar TAR_ENTRY_ERROR ENOENT: no such file or directory, open '/home/kavia/workspace/code-generation/tictacplus-persistent-fullstack-tic-tac-toe-61826-a614edb6/tic_tac_toe_frontend/node_modules/core-js/stable/number/is-nan.js'
npm warn tar TAR_ENTRY_ERROR ENOENT: no such file or directory, lstat '/home/kavia/workspace/code-generation/tictacplus-persistent-fullstack-tic-tac-toe-61826-a614edb6/tic_tac_toe_frontend/node_modules/typescript/lib/cs'
npm warn tar TAR_ENTRY_ERROR ENOENT: no such file or directory, open '/home/kavia/workspace/code-generation/tictacplus-persistent-fullstack-tic-tac-toe-61826-a614edb6/tic_tac_toe_frontend/node_modules/core-js-pure/es/number/is-safe-integer.js'
npm warn tar TAR_ENTRY_ERROR ENOENT: no such file or directory, open '/home/kavia/workspace/code-generation/tictacplus-persistent-fullstack-tic-tac-toe-61826-a614edb6/tic_tac_toe_frontend/node_modules/core-js/internals/is-null-or-undefined.js'
npm warn tar TAR_ENTRY_ERROR ENOENT: no such file or directory, open '/home/kavia/workspace/code-generation/tictacplus-persistent-fullstack-tic-tac-toe-61826-a614edb6/tic_tac_toe_frontend/node_modules/core-js-pure/features/number/is-safe-integer.js'
npm warn tar TAR_ENTRY_ERROR ENOENT: no such file or directory, open '/home/kavia/workspace/code-generation/tictacplus-persistent-fullstack-tic-tac-toe-61826-a614edb6/tic_tac_toe_frontend/node_modules/core-js/internals/is-object.js'
npm warn tar TAR_ENTRY_ERROR ENOENT: no such file or directory, open '/home/kavia/workspace/code-generation/tictacplus-persistent-fullstack-tic-tac-toe-61826-a614edb6/tic_tac_toe_frontend/node_modules/core-js-pure/full/number/is-safe-integer.js'
npm warn tar TAR_ENTRY_ERROR ENOENT: no such file or directory, open '/home/kavia/workspace/code-generation/tictacplus-persistent-fullstack-tic-tac-toe-61826-a614edb6/tic_tac_toe_frontend/node_modules/core-js/internals/is-possible-prototype.js'
npm warn tar TAR_ENTRY_ERROR ENOENT: no such file or directory, open '/home/kavia/workspace/code-generation/tictacplus-persistent-fullstack-tic-tac-toe-61826-a614edb6/tic_tac_toe_frontend/node_modules/core-js-pure/stable/number/is-safe-integer.js'
npm warn tar TAR_ENTRY_ERROR ENOENT: no such file or directory, open '/home/kavia/workspace/code-generation/tictacplus-persistent-fullstack-tic-tac-toe-61826-a614edb6/tic_tac_toe_frontend/node_modules/core-js/internals/is-pure.js'
npm warn tar TAR_ENTRY_ERROR ENOENT: no such file or directory, lstat '/home/kavia/workspace/code-generation/tictacplus-persistent-fullstack-tic-tac-toe-61826-a614edb6/tic_tac_toe_frontend/node_modules/typescript/lib/de'
npm warn tar TAR_ENTRY_ERROR ENOENT: no such file or directory, open '/home/kavia/workspace/code-generation/tictacplus-persistent-fullstack-tic-tac-toe-61826-a614edb6/tic_tac_toe_frontend/node_modules/core-js-pure/actual/object/is-sealed.js'
npm warn tar TAR_ENTRY_ERROR ENOENT: no such file or directory, open '/home/kavia/workspace/code-generation/tictacplus-persistent-fullstack-tic-tac-toe-61826-a614edb6/tic_tac_toe_frontend/node_modules/core-js-pure/es/object/is-sealed.js'
npm warn tar TAR_ENTRY_ERROR ENOENT: no such file or directory, open '/home/kavia/workspace/code-generation/tictacplus-persistent-fullstack-tic-tac-toe-61826-a614edb6/tic_tac_toe_frontend/node_modules/core-js-pure/features/object/is-sealed.js'
npm warn tar TAR_ENTRY_ERROR ENOENT: no such file or directory, open '/home/kavia/workspace/code-generation/tictacplus-persistent-fullstack-tic-tac-toe-61826-a614edb6/tic_tac_toe_frontend/node_modules/core-js-pure/full/object/is-sealed.js'
npm warn tar TAR_ENTRY_ERROR ENOENT: no such file or directory, open '/home/kavia/workspace/code-generation/tictacplus-persistent-fullstack-tic-tac-toe-61826-a614edb6/tic_tac_toe_frontend/node_modules/core-js/internals/is-raw-json.js'
npm warn tar TAR_ENTRY_ERROR ENOENT: no such file or directory, open '/home/kavia/workspace/code-generation/tictacplus-persistent-fullstack-tic-tac-toe-61826-a614edb6/tic_tac_toe_frontend/node_modules/core-js-pure/stable/object/is-sealed.js'
npm warn tar TAR_ENTRY_ERROR ENOENT: no such file or directory, open '/home/kavia/workspace/code-generation/tictacplus-persistent-fullstack-tic-tac-toe-61826-a614edb6/tic_tac_toe_frontend/node_modules/core-js/internals/is-regexp.js'
npm warn tar TAR_ENTRY_ERROR ENOENT: no such file or directory, open '/home/kavia/workspace/code-generation/tictacplus-persistent-fullstack-tic-tac-toe-61826-a614edb6/tic_tac_toe_frontend/node_modules/core-js-pure/actual/set/is-subset-of.js'
npm warn tar TAR_ENTRY_ERROR ENOENT: no such file or directory, open '/home/kavia/workspace/code-generation/tictacplus-persistent-fullstack-tic-tac-toe-61826-a614edb6/tic_tac_toe_frontend/node_modules/core-js/features/symbol/is-registered-symbol.js'
npm warn tar TAR_ENTRY_ERROR ENOENT: no such file or directory, lstat '/home/kavia/workspace/code-generation/tictacplus-persistent-fullstack-tic-tac-toe-61826-a614edb6/tic_tac_toe_frontend/node_modules/typescript/lib/es'
npm warn tar TAR_ENTRY_ERROR ENOENT: no such file or directory, open '/home/kavia/workspace/code-generation/tictacplus-persistent-fullstack-tic-tac-toe-61826-a614edb6/tic_tac_toe_frontend/node_modules/core-js-pure/es/set/is-subset-of.js'
npm warn tar TAR_ENTRY_ERROR ENOENT: no such file or directory, open '/home/kavia/workspace/code-generation/tictacplus-persistent-fullstack-tic-tac-toe-61826-a614edb6/tic_tac_toe_frontend/node_modules/core-js/full/symbol/is-registered-symbol.js'
npm warn tar TAR_ENTRY_ERROR ENOENT: no such file or directory, open '/home/kavia/workspace/code-generation/tictacplus-persistent-fullstack-tic-tac-toe-61826-a614edb6/tic_tac_toe_frontend/node_modules/core-js-pure/features/set/is-subset-of.js'
npm warn tar TAR_ENTRY_ERROR ENOENT: no such file or directory, open '/home/kavia/workspace/code-generation/tictacplus-persistent-fullstack-tic-tac-toe-61826-a614edb6/tic_tac_toe_frontend/node_modules/core-js/features/symbol/is-registered.js'
npm warn tar TAR_ENTRY_ERROR ENOENT: no such file or directory, open '/home/kavia/workspace/code-generation/tictacplus-persistent-fullstack-tic-tac-toe-61826-a614edb6/tic_tac_toe_frontend/node_modules/core-js/full/symbol/is-registered.js'
npm warn tar TAR_ENTRY_ERROR ENOENT: no such file or directory, open '/home/kavia/workspace/code-generation/tictacplus-persistent-fullstack-tic-tac-toe-61826-a614edb6/tic_tac_toe_frontend/node_modules/core-js-pure/stable/set/is-subset-of.js'
npm warn tar TAR_ENTRY_ERROR ENOENT: no such file or directory, open '/home/kavia/workspace/code-generation/tictacplus-persistent-fullstack-tic-tac-toe-61826-a614edb6/tic_tac_toe_frontend/node_modules/core-js/actual/number/is-safe-integer.js'
npm warn tar TAR_ENTRY_ERROR ENOENT: no such file or directory, lstat '/home/kavia/workspace/code-generation/tictacplus-persistent-fullstack-tic-tac-toe-61826-a614edb6/tic_tac_toe_frontend/node_modules/typescript/lib/fr'
npm warn tar TAR_ENTRY_ERROR ENOENT: no such file or directory, open '/home/kavia/workspace/code-generation/tictacplus-persistent-fullstack-tic-tac-toe-61826-a614edb6/tic_tac_toe_frontend/node_modules/core-js-pure/actual/set/is-superset-of.js'
npm warn tar TAR_ENTRY_ERROR ENOENT: no such file or directory, open '/home/kavia/workspace/code-generation/tictacplus-persistent-fullstack-tic-tac-toe-61826-a614edb6/tic_tac_toe_frontend/node_modules/core-js/es/number/is-safe-integer.js'
npm warn tar TAR_ENTRY_ERROR ENOENT: no such file or directory, open '/home/kavia/workspace/code-generation/tictacplus-persistent-fullstack-tic-tac-toe-61826-a614edb6/tic_tac_toe_frontend/node_modules/core-js-pure/es/set/is-superset-of.js'
npm warn tar TAR_ENTRY_ERROR ENOENT: no such file or directory, open '/home/kavia/workspace/code-generation/tictacplus-persistent-fullstack-tic-tac-toe-61826-a614edb6/tic_tac_toe_frontend/node_modules/core-js/features/number/is-safe-integer.js'
npm warn tar TAR_ENTRY_ERROR ENOENT: no such file or directory, open '/home/kavia/workspace/code-generation/tictacplus-persistent-fullstack-tic-tac-toe-61826-a614edb6/tic_tac_toe_frontend/node_modules/core-js-pure/features/set/is-superset-of.js'
npm warn tar TAR_ENTRY_ERROR ENOENT: no such file or directory, open '/home/kavia/workspace/code-generation/tictacplus-persistent-fullstack-tic-tac-toe-61826-a614edb6/tic_tac_toe_frontend/node_modules/core-js/full/number/is-safe-integer.js'
npm warn tar TAR_ENTRY_ERROR ENOENT: no such file or directory, open '/home/kavia/workspace/code-generation/tictacplus-persistent-fullstack-tic-tac-toe-61826-a614edb6/tic_tac_toe_frontend/node_modules/core-js/stable/number/is-safe-integer.js'
npm warn tar TAR_ENTRY_ERROR ENOENT: no such file or directory, open '/home/kavia/workspace/code-generation/tictacplus-persistent-fullstack-tic-tac-toe-61826-a614edb6/tic_tac_toe_frontend/node_modules/core-js-pure/stable/set/is-superset-of.js'
npm warn tar TAR_ENTRY_ERROR ENOENT: no such file or directory, open '/home/kavia/workspace/code-generation/tictacplus-persistent-fullstack-tic-tac-toe-61826-a614edb6/tic_tac_toe_frontend/node_modules/core-js/actual/object/is-sealed.js'
npm warn tar TAR_ENTRY_ERROR ENOENT: no such file or directory, open '/home/kavia/workspace/code-generation/tictacplus-persistent-fullstack-tic-tac-toe-61826-a614edb6/tic_tac_toe_frontend/node_modules/core-js-pure/internals/is-symbol.js'
npm warn tar TAR_ENTRY_ERROR ENOENT: no such file or directory, open '/home/kavia/workspace/code-generation/tictacplus-persistent-fullstack-tic-tac-toe-61826-a614edb6/tic_tac_toe_frontend/node_modules/core-js/es/object/is-sealed.js'
npm warn tar TAR_ENTRY_ERROR ENOENT: no such file or directory, lstat '/home/kavia/workspace/code-generation/tictacplus-persistent-fullstack-tic-tac-toe-61826-a614edb6/tic_tac_toe_frontend/node_modules/typescript/lib/it'
npm warn tar TAR_ENTRY_ERROR ENOENT: no such file or directory, open '/home/kavia/workspace/code-generation/tictacplus-persistent-fullstack-tic-tac-toe-61826-a614edb6/tic_tac_toe_frontend/node_modules/core-js/features/object/is-sealed.js'
npm warn tar TAR_ENTRY_ERROR ENOENT: no such file or directory, open '/home/kavia/workspace/code-generation/tictacplus-persistent-fullstack-tic-tac-toe-61826-a614edb6/tic_tac_toe_frontend/node_modules/core-js/full/object/is-sealed.js'
npm warn tar TAR_ENTRY_ERROR ENOENT: no such file or directory, open '/home/kavia/workspace/code-generation/tictacplus-persistent-fullstack-tic-tac-toe-61826-a614edb6/tic_tac_toe_frontend/node_modules/core-js-pure/actual/array-buffer/is-view.js'
npm warn tar TAR_ENTRY_ERROR ENOENT: no such file or directory, open '/home/kavia/workspace/code-generation/tictacplus-persistent-fullstack-tic-tac-toe-61826-a614edb6/tic_tac_toe_frontend/node_modules/core-js/stable/object/is-sealed.js'
npm warn tar TAR_ENTRY_ERROR ENOENT: no such file or directory, open '/home/kavia/workspace/code-generation/tictacplus-persistent-fullstack-tic-tac-toe-61826-a614edb6/tic_tac_toe_frontend/node_modules/core-js-pure/es/array-buffer/is-view.js'
npm warn tar TAR_ENTRY_ERROR ENOENT: no such file or directory, open '/home/kavia/workspace/code-generation/tictacplus-persistent-fullstack-tic-tac-toe-61826-a614edb6/tic_tac_toe_frontend/node_modules/core-js/actual/set/is-subset-of.js'
npm warn tar TAR_ENTRY_ERROR ENOENT: no such file or directory, lstat '/home/kavia/workspace/code-generation/tictacplus-persistent-fullstack-tic-tac-toe-61826-a614edb6/tic_tac_toe_frontend/node_modules/typescript/lib/ja'
npm warn tar TAR_ENTRY_ERROR ENOENT: no such file or directory, open '/home/kavia/workspace/code-generation/tictacplus-persistent-fullstack-tic-tac-toe-61826-a614edb6/tic_tac_toe_frontend/node_modules/core-js-pure/features/array-buffer/is-view.js'
npm warn tar TAR_ENTRY_ERROR ENOENT: no such file or directory, open '/home/kavia/workspace/code-generation/tictacplus-persistent-fullstack-tic-tac-toe-61826-a614edb6/tic_tac_toe_frontend/node_modules/core-js/es/set/is-subset-of.js'
npm warn tar TAR_ENTRY_ERROR ENOENT: no such file or directory, open '/home/kavia/workspace/code-generation/tictacplus-persistent-fullstack-tic-tac-toe-61826-a614edb6/tic_tac_toe_frontend/node_modules/core-js-pure/full/array-buffer/is-view.js'
npm warn tar TAR_ENTRY_ERROR ENOENT: no such file or directory, open '/home/kavia/workspace/code-generation/tictacplus-persistent-fullstack-tic-tac-toe-61826-a614edb6/tic_tac_toe_frontend/node_modules/core-js/features/set/is-subset-of.js'
npm warn tar TAR_ENTRY_ERROR ENOENT: no such file or directory, open '/home/kavia/workspace/code-generation/tictacplus-persistent-fullstack-tic-tac-toe-61826-a614edb6/tic_tac_toe_frontend/node_modules/core-js-pure/stable/array-buffer/is-view.js'
npm warn tar TAR_ENTRY_ERROR ENOENT: no such file or directory, open '/home/kavia/workspace/code-generation/tictacplus-persistent-fullstack-tic-tac-toe-61826-a614edb6/tic_tac_toe_frontend/node_modules/core-js/stable/set/is-subset-of.js'
npm warn tar TAR_ENTRY_ERROR ENOENT: no such file or directory, open '/home/kavia/workspace/code-generation/tictacplus-persistent-fullstack-tic-tac-toe-61826-a614edb6/tic_tac_toe_frontend/node_modules/core-js/actual/set/is-superset-of.js'
npm warn tar TAR_ENTRY_ERROR ENOENT: no such file or directory, open '/home/kavia/workspace/code-generation/tictacplus-persistent-fullstack-tic-tac-toe-61826-a614edb6/tic_tac_toe_frontend/node_modules/core-js/es/set/is-superset-of.js'
npm warn tar TAR_ENTRY_ERROR ENOENT: no such file or directory, lstat '/home/kavia/workspace/code-generation/tictacplus-persistent-fullstack-tic-tac-toe-61826-a614edb6/tic_tac_toe_frontend/node_modules/typescript/lib/ko'
npm warn tar TAR_ENTRY_ERROR ENOENT: no such file or directory, open '/home/kavia/workspace/code-generation/tictacplus-persistent-fullstack-tic-tac-toe-61826-a614edb6/tic_tac_toe_frontend/node_modules/core-js/features/set/is-superset-of.js'
npm warn tar TAR_ENTRY_ERROR ENOENT: no such file or directory, open '/home/kavia/workspace/code-generation/tictacplus-persistent-fullstack-tic-tac-toe-61826-a614edb6/tic_tac_toe_frontend/node_modules/core-js/stable/set/is-superset-of.js'
npm warn tar TAR_ENTRY_ERROR ENOENT: no such file or directory, open '/home/kavia/workspace/code-generation/tictacplus-persistent-fullstack-tic-tac-toe-61826-a614edb6/tic_tac_toe_frontend/node_modules/core-js/internals/is-symbol.js'
npm warn tar TAR_ENTRY_ERROR ENOENT: no such file or directory, lstat '/home/kavia/workspace/code-generation/tictacplus-persistent-fullstack-tic-tac-toe-61826-a614edb6/tic_tac_toe_frontend/node_modules/typescript/lib/pl'
npm warn tar TAR_ENTRY_ERROR ENOENT: no such file or directory, open '/home/kavia/workspace/code-generation/tictacplus-persistent-fullstack-tic-tac-toe-61826-a614edb6/tic_tac_toe_frontend/node_modules/core-js/actual/array-buffer/is-view.js'
npm warn tar TAR_ENTRY_ERROR ENOENT: no such file or directory, open '/home/kavia/workspace/code-generation/tictacplus-persistent-fullstack-tic-tac-toe-61826-a614edb6/tic_tac_toe_frontend/node_modules/core-js/es/array-buffer/is-view.js'
npm warn tar TAR_ENTRY_ERROR ENOENT: no such file or directory, open '/home/kavia/workspace/code-generation/tictacplus-persistent-fullstack-tic-tac-toe-61826-a614edb6/tic_tac_toe_frontend/node_modules/core-js/features/array-buffer/is-view.js'
npm warn tar TAR_ENTRY_ERROR ENOENT: no such file or directory, open '/home/kavia/workspace/code-generation/tictacplus-persistent-fullstack-tic-tac-toe-61826-a614edb6/tic_tac_toe_frontend/node_modules/core-js/full/array-buffer/is-view.js'
npm warn tar TAR_ENTRY_ERROR ENOENT: no such file or directory, lstat '/home/kavia/workspace/code-generation/tictacplus-persistent-fullstack-tic-tac-toe-61826-a614edb6/tic_tac_toe_frontend/node_modules/typescript/lib/pt-br'
npm warn tar TAR_ENTRY_ERROR ENOENT: no such file or directory, open '/home/kavia/workspace/code-generation/tictacplus-persistent-fullstack-tic-tac-toe-61826-a614edb6/tic_tac_toe_frontend/node_modules/core-js/stable/array-buffer/is-view.js'
npm warn tar TAR_ENTRY_ERROR ENOENT: no such file or directory, open '/home/kavia/workspace/code-generation/tictacplus-persistent-fullstack-tic-tac-toe-61826-a614edb6/tic_tac_toe_frontend/node_modules/core-js-pure/features/symbol/is-well-known-symbol.js'
npm warn tar TAR_ENTRY_ERROR ENOENT: no such file or directory, open '/home/kavia/workspace/code-generation/tictacplus-persistent-fullstack-tic-tac-toe-61826-a614edb6/tic_tac_toe_frontend/node_modules/core-js-pure/full/symbol/is-well-known-symbol.js'
npm warn tar TAR_ENTRY_ERROR ENOENT: no such file or directory, lstat '/home/kavia/workspace/code-generation/tictacplus-persistent-fullstack-tic-tac-toe-61826-a614edb6/tic_tac_toe_frontend/node_modules/typescript/lib/ru'
npm warn tar TAR_ENTRY_ERROR ENOENT: no such file or directory, open '/home/kavia/workspace/code-generation/tictacplus-persistent-fullstack-tic-tac-toe-61826-a614edb6/tic_tac_toe_frontend/node_modules/core-js-pure/features/symbol/is-well-known.js'
npm warn tar TAR_ENTRY_ERROR ENOENT: no such file or directory, open '/home/kavia/workspace/code-generation/tictacplus-persistent-fullstack-tic-tac-toe-61826-a614edb6/tic_tac_toe_frontend/node_modules/core-js-pure/full/symbol/is-well-known.js'
npm warn tar TAR_ENTRY_ERROR ENOENT: no such file or directory, open '/home/kavia/workspace/code-generation/tictacplus-persistent-fullstack-tic-tac-toe-61826-a614edb6/tic_tac_toe_frontend/node_modules/core-js-pure/actual/object/is.js'
npm warn tar TAR_ENTRY_ERROR ENOENT: no such file or directory, open '/home/kavia/workspace/code-generation/tictacplus-persistent-fullstack-tic-tac-toe-61826-a614edb6/tic_tac_toe_frontend/node_modules/core-js-pure/es/object/is.js'
npm warn tar TAR_ENTRY_ERROR ENOENT: no such file or directory, open '/home/kavia/workspace/code-generation/tictacplus-persistent-fullstack-tic-tac-toe-61826-a614edb6/tic_tac_toe_frontend/node_modules/core-js-pure/features/object/is.js'
npm warn tar TAR_ENTRY_ERROR ENOENT: no such file or directory, open '/home/kavia/workspace/code-generation/tictacplus-persistent-fullstack-tic-tac-toe-61826-a614edb6/tic_tac_toe_frontend/node_modules/core-js-pure/full/object/is.js'
npm warn tar TAR_ENTRY_ERROR ENOENT: no such file or directory, lstat '/home/kavia/workspace/code-generation/tictacplus-persistent-fullstack-tic-tac-toe-61826-a614edb6/tic_tac_toe_frontend/node_modules/typescript/lib/tr'
npm warn tar TAR_ENTRY_ERROR ENOENT: no such file or directory, open '/home/kavia/workspace/code-generation/tictacplus-persistent-fullstack-tic-tac-toe-61826-a614edb6/tic_tac_toe_frontend/node_modules/core-js-pure/stable/object/is.js'
npm warn tar TAR_ENTRY_ERROR ENOENT: no such file or directory, open '/home/kavia/workspace/code-generation/tictacplus-persistent-fullstack-tic-tac-toe-61826-a614edb6/tic_tac_toe_frontend/node_modules/core-js-pure/features/math/isubh.js'
npm warn tar TAR_ENTRY_ERROR ENOENT: no such file or directory, open '/home/kavia/workspace/code-generation/tictacplus-persistent-fullstack-tic-tac-toe-61826-a614edb6/tic_tac_toe_frontend/node_modules/core-js-pure/full/math/isubh.js'
npm warn tar TAR_ENTRY_ERROR ENOENT: no such file or directory, lstat '/home/kavia/workspace/code-generation/tictacplus-persistent-fullstack-tic-tac-toe-61826-a614edb6/tic_tac_toe_frontend/node_modules/typescript/lib/zh-cn'
npm warn tar TAR_ENTRY_ERROR ENOENT: no such file or directory, open '/home/kavia/workspace/code-generation/tictacplus-persistent-fullstack-tic-tac-toe-61826-a614edb6/tic_tac_toe_frontend/node_modules/core-js/features/symbol/is-well-known-symbol.js'
npm warn tar TAR_ENTRY_ERROR ENOENT: no such file or directory, open '/home/kavia/workspace/code-generation/tictacplus-persistent-fullstack-tic-tac-toe-61826-a614edb6/tic_tac_toe_frontend/node_modules/core-js/full/symbol/is-well-known-symbol.js'
npm warn tar TAR_ENTRY_ERROR ENOENT: no such file or directory, open '/home/kavia/workspace/code-generation/tictacplus-persistent-fullstack-tic-tac-toe-61826-a614edb6/tic_tac_toe_frontend/node_modules/core-js/features/symbol/is-well-known.js'
npm warn tar TAR_ENTRY_ERROR ENOENT: no such file or directory, open '/home/kavia/workspace/code-generation/tictacplus-persistent-fullstack-tic-tac-toe-61826-a614edb6/tic_tac_toe_frontend/node_modules/core-js/full/symbol/is-well-known.js'
npm warn tar TAR_ENTRY_ERROR ENOENT: no such file or directory, lstat '/home/kavia/workspace/code-generation/tictacplus-persistent-fullstack-tic-tac-toe-61826-a614edb6/tic_tac_toe_frontend/node_modules/typescript/lib/zh-tw'
npm warn tar TAR_ENTRY_ERROR ENOENT: no such file or directory, open '/home/kavia/workspace/code-generation/tictacplus-persistent-fullstack-tic-tac-toe-61826-a614edb6/tic_tac_toe_frontend/node_modules/core-js/actual/object/is.js'
npm warn tar TAR_ENTRY_ERROR ENOENT: no such file or directory, open '/home/kavia/workspace/code-generation/tictacplus-persistent-fullstack-tic-tac-toe-61826-a614edb6/tic_tac_toe_frontend/node_modules/core-js/es/object/is.js'
npm warn tar TAR_ENTRY_ERROR ENOENT: no such file or directory, open '/home/kavia/workspace/code-generation/tictacplus-persistent-fullstack-tic-tac-toe-61826-a614edb6/tic_tac_toe_frontend/node_modules/core-js/features/object/is.js'
npm warn tar TAR_ENTRY_ERROR ENOENT: no such file or directory, open '/home/kavia/workspace/code-generation/tictacplus-persistent-fullstack-tic-tac-toe-61826-a614edb6/tic_tac_toe_frontend/node_modules/core-js-pure/features/object/iterate-entries.js'
npm warn tar TAR_ENTRY_ERROR ENOENT: no such file or directory, open '/home/kavia/workspace/code-generation/tictacplus-persistent-fullstack-tic-tac-toe-61826-a614edb6/tic_tac_toe_frontend/node_modules/core-js/full/object/is.js'
npm warn tar TAR_ENTRY_ERROR ENOENT: no such file or directory, open '/home/kavia/workspace/code-generation/tictacplus-persistent-fullstack-tic-tac-toe-61826-a614edb6/tic_tac_toe_frontend/node_modules/typescript/package.json'
npm warn tar TAR_ENTRY_ERROR ENOENT: no such file or directory, open '/home/kavia/workspace/code-generation/tictacplus-persistent-fullstack-tic-tac-toe-61826-a614edb6/tic_tac_toe_frontend/node_modules/core-js-pure/full/object/iterate-entries.js'
npm warn tar TAR_ENTRY_ERROR ENOENT: no such file or directory, open '/home/kavia/workspace/code-generation/tictacplus-persistent-fullstack-tic-tac-toe-61826-a614edb6/tic_tac_toe_frontend/node_modules/core-js/stable/object/is.js'
npm warn tar TAR_ENTRY_ERROR ENOENT: no such file or directory, open '/home/kavia/workspace/code-generation/tictacplus-persistent-fullstack-tic-tac-toe-61826-a614edb6/tic_tac_toe_frontend/node_modules/typescript/lib/typesMap.json'
npm warn tar TAR_ENTRY_ERROR ENOENT: no such file or directory, open '/home/kavia/workspace/code-generation/tictacplus-persistent-fullstack-tic-tac-toe-61826-a614edb6/tic_tac_toe_frontend/node_modules/core-js-pure/features/object/iterate-keys.js'
npm warn tar TAR_ENTRY_ERROR ENOENT: no such file or directory, open '/home/kavia/workspace/code-generation/tictacplus-persistent-fullstack-tic-tac-toe-61826-a614edb6/tic_tac_toe_frontend/node_modules/core-js/features/math/isubh.js'
npm warn tar TAR_ENTRY_ERROR ENOENT: no such file or directory, open '/home/kavia/workspace/code-generation/tictacplus-persistent-fullstack-tic-tac-toe-61826-a614edb6/tic_tac_toe_frontend/node_modules/core-js-pure/full/object/iterate-keys.js'
npm warn tar TAR_ENTRY_ERROR ENOENT: no such file or directory, open '/home/kavia/workspace/code-generation/tictacplus-persistent-fullstack-tic-tac-toe-61826-a614edb6/tic_tac_toe_frontend/node_modules/core-js/full/math/isubh.js'
npm warn tar TAR_ENTRY_ERROR ENOENT: no such file or directory, open '/home/kavia/workspace/code-generation/tictacplus-persistent-fullstack-tic-tac-toe-61826-a614edb6/tic_tac_toe_frontend/node_modules/typescript/lib/README.md'
npm warn tar TAR_ENTRY_ERROR ENOENT: no such file or directory, open '/home/kavia/workspace/code-generation/tictacplus-persistent-fullstack-tic-tac-toe-61826-a614edb6/tic_tac_toe_frontend/node_modules/core-js-pure/internals/iterate-simple.js'
npm warn tar TAR_ENTRY_ERROR ENOENT: no such file or directory, open '/home/kavia/workspace/code-generation/tictacplus-persistent-fullstack-tic-tac-toe-61826-a614edb6/tic_tac_toe_frontend/node_modules/typescript/README.md'
npm warn tar TAR_ENTRY_ERROR ENOENT: no such file or directory, open '/home/kavia/workspace/code-generation/tictacplus-persistent-fullstack-tic-tac-toe-61826-a614edb6/tic_tac_toe_frontend/node_modules/core-js-pure/features/object/iterate-values.js'
npm warn tar TAR_ENTRY_ERROR ENOENT: no such file or directory, open '/home/kavia/workspace/code-generation/tictacplus-persistent-fullstack-tic-tac-toe-61826-a614edb6/tic_tac_toe_frontend/node_modules/typescript/SECURITY.md'
npm warn tar TAR_ENTRY_ERROR ENOENT: no such file or directory, open '/home/kavia/workspace/code-generation/tictacplus-persistent-fullstack-tic-tac-toe-61826-a614edb6/tic_tac_toe_frontend/node_modules/core-js-pure/full/object/iterate-values.js'
npm warn tar TAR_ENTRY_ERROR ENOENT: no such file or directory, open '/home/kavia/workspace/code-generation/tictacplus-persistent-fullstack-tic-tac-toe-61826-a614edb6/tic_tac_toe_frontend/node_modules/typescript/lib/lib.d.ts'
npm warn tar TAR_ENTRY_ERROR ENOENT: no such file or directory, open '/home/kavia/workspace/code-generation/tictacplus-persistent-fullstack-tic-tac-toe-61826-a614edb6/tic_tac_toe_frontend/node_modules/core-js-pure/internals/iterate.js'
npm warn tar TAR_ENTRY_ERROR ENOENT: no such file or directory, open '/home/kavia/workspace/code-generation/tictacplus-persistent-fullstack-tic-tac-toe-61826-a614edb6/tic_tac_toe_frontend/node_modules/typescript/lib/lib.dom.d.ts'
npm warn tar TAR_ENTRY_ERROR ENOENT: no such file or directory, open '/home/kavia/workspace/code-generation/tictacplus-persistent-fullstack-tic-tac-toe-61826-a614edb6/tic_tac_toe_frontend/node_modules/core-js-pure/internals/iterator-close.js'
npm warn tar TAR_ENTRY_ERROR ENOENT: no such file or directory, open '/home/kavia/workspace/code-generation/tictacplus-persistent-fullstack-tic-tac-toe-61826-a614edb6/tic_tac_toe_frontend/node_modules/core-js-pure/internals/iterator-create-constructor.js'
npm warn tar TAR_ENTRY_ERROR ENOENT: no such file or directory, open '/home/kavia/workspace/code-generation/tictacplus-persistent-fullstack-tic-tac-toe-61826-a614edb6/tic_tac_toe_frontend/node_modules/core-js-pure/internals/iterator-create-proxy.js'
npm warn tar TAR_ENTRY_ERROR ENOENT: no such file or directory, open '/home/kavia/workspace/code-generation/tictacplus-persistent-fullstack-tic-tac-toe-61826-a614edb6/tic_tac_toe_frontend/node_modules/core-js-pure/internals/iterator-define.js'
npm warn tar TAR_ENTRY_ERROR ENOENT: no such file or directory, open '/home/kavia/workspace/code-generation/tictacplus-persistent-fullstack-tic-tac-toe-61826-a614edb6/tic_tac_toe_frontend/node_modules/core-js-pure/proposals/iterator-helpers-stage-3-2.js'
npm warn tar TAR_ENTRY_ERROR ENOENT: no such file or directory, open '/home/kavia/workspace/code-generation/tictacplus-persistent-fullstack-tic-tac-toe-61826-a614edb6/tic_tac_toe_frontend/node_modules/core-js-pure/proposals/iterator-helpers-stage-3.js'
npm warn tar TAR_ENTRY_ERROR ENOENT: no such file or directory, open '/home/kavia/workspace/code-generation/tictacplus-persistent-fullstack-tic-tac-toe-61826-a614edb6/tic_tac_toe_frontend/node_modules/core-js-pure/proposals/iterator-helpers.js'
npm warn tar TAR_ENTRY_ERROR ENOENT: no such file or directory, open '/home/kavia/workspace/code-generation/tictacplus-persistent-fullstack-tic-tac-toe-61826-a614edb6/tic_tac_toe_frontend/node_modules/core-js/features/object/iterate-entries.js'
npm warn tar TAR_ENTRY_ERROR ENOENT: no such file or directory, open '/home/kavia/workspace/code-generation/tictacplus-persistent-fullstack-tic-tac-toe-61826-a614edb6/tic_tac_toe_frontend/node_modules/typescript/lib/lib.dom.iterable.d.ts'
npm warn tar TAR_ENTRY_ERROR ENOENT: no such file or directory, open '/home/kavia/workspace/code-generation/tictacplus-persistent-fullstack-tic-tac-toe-61826-a614edb6/tic_tac_toe_frontend/node_modules/core-js-pure/internals/iterator-indexed.js'
npm warn tar TAR_ENTRY_ERROR ENOENT: no such file or directory, open '/home/kavia/workspace/code-generation/tictacplus-persistent-fullstack-tic-tac-toe-61826-a614edb6/tic_tac_toe_frontend/node_modules/core-js/full/object/iterate-entries.js'
npm warn tar TAR_ENTRY_ERROR ENOENT: no such file or directory, open '/home/kavia/workspace/code-generation/tictacplus-persistent-fullstack-tic-tac-toe-61826-a614edb6/tic_tac_toe_frontend/node_modules/core-js-pure/internals/iterator-map.js'
npm warn tar TAR_ENTRY_ERROR ENOENT: no such file or directory, open '/home/kavia/workspace/code-generation/tictacplus-persistent-fullstack-tic-tac-toe-61826-a614edb6/tic_tac_toe_frontend/node_modules/core-js/features/object/iterate-keys.js'
npm warn tar TAR_ENTRY_ERROR ENOENT: no such file or directory, open '/home/kavia/workspace/code-generation/tictacplus-persistent-fullstack-tic-tac-toe-61826-a614edb6/tic_tac_toe_frontend/node_modules/typescript/lib/lib.es2015.collection.d.ts'
npm warn tar TAR_ENTRY_ERROR ENOENT: no such file or directory, open '/home/kavia/workspace/code-generation/tictacplus-persistent-fullstack-tic-tac-toe-61826-a614edb6/tic_tac_toe_frontend/node_modules/core-js-pure/proposals/iterator-range.js'
npm warn tar TAR_ENTRY_ERROR ENOENT: no such file or directory, open '/home/kavia/workspace/code-generation/tictacplus-persistent-fullstack-tic-tac-toe-61826-a614edb6/tic_tac_toe_frontend/node_modules/core-js/full/object/iterate-keys.js'
npm warn tar TAR_ENTRY_ERROR ENOENT: no such file or directory, open '/home/kavia/workspace/code-generation/tictacplus-persistent-fullstack-tic-tac-toe-61826-a614edb6/tic_tac_toe_frontend/node_modules/typescript/lib/lib.es2015.core.d.ts'
npm warn tar TAR_ENTRY_ERROR ENOENT: no such file or directory, open '/home/kavia/workspace/code-generation/tictacplus-persistent-fullstack-tic-tac-toe-61826-a614edb6/tic_tac_toe_frontend/node_modules/core-js-pure/proposals/iterator-sequencing.js'
npm warn tar TAR_ENTRY_ERROR ENOENT: no such file or directory, open '/home/kavia/workspace/code-generation/tictacplus-persistent-fullstack-tic-tac-toe-61826-a614edb6/tic_tac_toe_frontend/node_modules/core-js/internals/iterate-simple.js'
npm warn tar TAR_ENTRY_ERROR ENOENT: no such file or directory, open '/home/kavia/workspace/code-generation/tictacplus-persistent-fullstack-tic-tac-toe-61826-a614edb6/tic_tac_toe_frontend/node_modules/core-js/features/object/iterate-values.js'
npm warn tar TAR_ENTRY_ERROR ENOENT: no such file or directory, open '/home/kavia/workspace/code-generation/tictacplus-persistent-fullstack-tic-tac-toe-61826-a614edb6/tic_tac_toe_frontend/node_modules/typescript/lib/lib.es2015.d.ts'
npm warn tar TAR_ENTRY_ERROR ENOENT: no such file or directory, open '/home/kavia/workspace/code-generation/tictacplus-persistent-fullstack-tic-tac-toe-61826-a614edb6/tic_tac_toe_frontend/node_modules/core-js/full/object/iterate-values.js'
npm warn tar TAR_ENTRY_ERROR ENOENT: no such file or directory, open '/home/kavia/workspace/code-generation/tictacplus-persistent-fullstack-tic-tac-toe-61826-a614edb6/tic_tac_toe_frontend/node_modules/typescript/lib/lib.es2015.generator.d.ts'
npm warn tar TAR_ENTRY_ERROR ENOENT: no such file or directory, open '/home/kavia/workspace/code-generation/tictacplus-persistent-fullstack-tic-tac-toe-61826-a614edb6/tic_tac_toe_frontend/node_modules/core-js/internals/iterate.js'
npm warn tar TAR_ENTRY_ERROR ENOENT: no such file or directory, open '/home/kavia/workspace/code-generation/tictacplus-persistent-fullstack-tic-tac-toe-61826-a614edb6/tic_tac_toe_frontend/node_modules/typescript/lib/lib.es2015.iterable.d.ts'
npm warn tar TAR_ENTRY_ERROR ENOENT: no such file or directory, open '/home/kavia/workspace/code-generation/tictacplus-persistent-fullstack-tic-tac-toe-61826-a614edb6/tic_tac_toe_frontend/node_modules/core-js/internals/iterator-close.js'
npm warn tar TAR_ENTRY_ERROR ENOENT: no such file or directory, open '/home/kavia/workspace/code-generation/tictacplus-persistent-fullstack-tic-tac-toe-61826-a614edb6/tic_tac_toe_frontend/node_modules/core-js/internals/iterator-create-constructor.js'
npm warn tar TAR_ENTRY_ERROR ENOENT: no such file or directory, open '/home/kavia/workspace/code-generation/tictacplus-persistent-fullstack-tic-tac-toe-61826-a614edb6/tic_tac_toe_frontend/node_modules/typescript/lib/lib.es2015.promise.d.ts'
npm warn tar TAR_ENTRY_ERROR ENOENT: no such file or directory, open '/home/kavia/workspace/code-generation/tictacplus-persistent-fullstack-tic-tac-toe-61826-a614edb6/tic_tac_toe_frontend/node_modules/core-js-pure/actual/symbol/iterator.js'
npm warn tar TAR_ENTRY_ERROR ENOENT: no such file or directory, open '/home/kavia/workspace/code-generation/tictacplus-persistent-fullstack-tic-tac-toe-61826-a614edb6/tic_tac_toe_frontend/node_modules/core-js/internals/iterator-create-proxy.js'
npm warn tar TAR_ENTRY_ERROR ENOENT: no such file or directory, open '/home/kavia/workspace/code-generation/tictacplus-persistent-fullstack-tic-tac-toe-61826-a614edb6/tic_tac_toe_frontend/node_modules/typescript/lib/lib.es2015.proxy.d.ts'
npm warn tar TAR_ENTRY_ERROR ENOENT: no such file or directory, open '/home/kavia/workspace/code-generation/tictacplus-persistent-fullstack-tic-tac-toe-61826-a614edb6/tic_tac_toe_frontend/node_modules/core-js/internals/iterator-define.js'
npm warn tar TAR_ENTRY_ERROR ENOENT: no such file or directory, open '/home/kavia/workspace/code-generation/tictacplus-persistent-fullstack-tic-tac-toe-61826-a614edb6/tic_tac_toe_frontend/node_modules/typescript/lib/lib.es2015.reflect.d.ts'
npm warn tar TAR_ENTRY_ERROR ENOENT: no such file or directory, open '/home/kavia/workspace/code-generation/tictacplus-persistent-fullstack-tic-tac-toe-61826-a614edb6/tic_tac_toe_frontend/node_modules/core-js/proposals/iterator-helpers-stage-3-2.js'
npm warn tar TAR_ENTRY_ERROR ENOENT: no such file or directory, open '/home/kavia/workspace/code-generation/tictacplus-persistent-fullstack-tic-tac-toe-61826-a614edb6/tic_tac_toe_frontend/node_modules/typescript/lib/lib.es2015.symbol.d.ts'
npm warn tar TAR_ENTRY_ERROR ENOENT: no such file or directory, open '/home/kavia/workspace/code-generation/tictacplus-persistent-fullstack-tic-tac-toe-61826-a614edb6/tic_tac_toe_frontend/node_modules/core-js/proposals/iterator-helpers-stage-3.js'
npm warn tar TAR_ENTRY_ERROR ENOENT: no such file or directory, open '/home/kavia/workspace/code-generation/tictacplus-persistent-fullstack-tic-tac-toe-61826-a614edb6/tic_tac_toe_frontend/node_modules/typescript/lib/lib.es2015.symbol.wellknown.d.ts'
npm warn tar TAR_ENTRY_ERROR ENOENT: no such file or directory, open '/home/kavia/workspace/code-generation/tictacplus-persistent-fullstack-tic-tac-toe-61826-a614edb6/tic_tac_toe_frontend/node_modules/core-js/proposals/iterator-helpers.js'
npm warn tar TAR_ENTRY_ERROR ENOENT: no such file or directory, open '/home/kavia/workspace/code-generation/tictacplus-persistent-fullstack-tic-tac-toe-61826-a614edb6/tic_tac_toe_frontend/node_modules/typescript/lib/lib.es2016.array.include.d.ts'
npm warn tar TAR_ENTRY_ERROR ENOENT: no such file or directory, open '/home/kavia/workspace/code-generation/tictacplus-persistent-fullstack-tic-tac-toe-61826-a614edb6/tic_tac_toe_frontend/node_modules/core-js/internals/iterator-indexed.js'
npm warn tar TAR_ENTRY_ERROR ENOENT: no such file or directory, open '/home/kavia/workspace/code-generation/tictacplus-persistent-fullstack-tic-tac-toe-61826-a614edb6/tic_tac_toe_frontend/node_modules/core-js-pure/es/symbol/iterator.js'
npm warn tar TAR_ENTRY_ERROR ENOENT: no such file or directory, open '/home/kavia/workspace/code-generation/tictacplus-persistent-fullstack-tic-tac-toe-61826-a614edb6/tic_tac_toe_frontend/node_modules/core-js/internals/iterator-map.js'
npm warn tar TAR_ENTRY_ERROR ENOENT: no such file or directory, open '/home/kavia/workspace/code-generation/tictacplus-persistent-fullstack-tic-tac-toe-61826-a614edb6/tic_tac_toe_frontend/node_modules/typescript/lib/lib.es2016.d.ts'
npm warn tar TAR_ENTRY_ERROR ENOENT: no such file or directory, open '/home/kavia/workspace/code-generation/tictacplus-persistent-fullstack-tic-tac-toe-61826-a614edb6/tic_tac_toe_frontend/node_modules/core-js/proposals/iterator-range.js'
npm warn tar TAR_ENTRY_ERROR ENOENT: no such file or directory, open '/home/kavia/workspace/code-generation/tictacplus-persistent-fullstack-tic-tac-toe-61826-a614edb6/tic_tac_toe_frontend/node_modules/typescript/lib/lib.es2016.full.d.ts'
npm warn tar TAR_ENTRY_ERROR ENOENT: no such file or directory, open '/home/kavia/workspace/code-generation/tictacplus-persistent-fullstack-tic-tac-toe-61826-a614edb6/tic_tac_toe_frontend/node_modules/core-js/proposals/iterator-sequencing.js'
npm warn tar TAR_ENTRY_ERROR ENOENT: no such file or directory, open '/home/kavia/workspace/code-generation/tictacplus-persistent-fullstack-tic-tac-toe-61826-a614edb6/tic_tac_toe_frontend/node_modules/typescript/lib/lib.es2017.d.ts'
npm warn tar TAR_ENTRY_ERROR ENOENT: no such file or directory, open '/home/kavia/workspace/code-generation/tictacplus-persistent-fullstack-tic-tac-toe-61826-a614edb6/tic_tac_toe_frontend/node_modules/typescript/lib/lib.es2017.full.d.ts'
npm warn tar TAR_ENTRY_ERROR ENOENT: no such file or directory, open '/home/kavia/workspace/code-generation/tictacplus-persistent-fullstack-tic-tac-toe-61826-a614edb6/tic_tac_toe_frontend/node_modules/typescript/lib/lib.es2017.intl.d.ts'
npm warn tar TAR_ENTRY_ERROR ENOENT: no such file or directory, open '/home/kavia/workspace/code-generation/tictacplus-persistent-fullstack-tic-tac-toe-61826-a614edb6/tic_tac_toe_frontend/node_modules/typescript/lib/lib.es2017.object.d.ts'
npm warn tar TAR_ENTRY_ERROR ENOENT: no such file or directory, open '/home/kavia/workspace/code-generation/tictacplus-persistent-fullstack-tic-tac-toe-61826-a614edb6/tic_tac_toe_frontend/node_modules/typescript/lib/lib.es2017.sharedmemory.d.ts'
npm warn tar TAR_ENTRY_ERROR ENOENT: no such file or directory, open '/home/kavia/workspace/code-generation/tictacplus-persistent-fullstack-tic-tac-toe-61826-a614edb6/tic_tac_toe_frontend/node_modules/core-js-pure/features/symbol/iterator.js'
npm warn tar TAR_ENTRY_ERROR ENOENT: no such file or directory, open '/home/kavia/workspace/code-generation/tictacplus-persistent-fullstack-tic-tac-toe-61826-a614edb6/tic_tac_toe_frontend/node_modules/core-js/actual/symbol/iterator.js'
npm warn tar TAR_ENTRY_ERROR ENOENT: no such file or directory, open '/home/kavia/workspace/code-generation/tictacplus-persistent-fullstack-tic-tac-toe-61826-a614edb6/tic_tac_toe_frontend/node_modules/typescript/lib/lib.es2017.string.d.ts'
npm warn tar TAR_ENTRY_ERROR ENOENT: no such file or directory, open '/home/kavia/workspace/code-generation/tictacplus-persistent-fullstack-tic-tac-toe-61826-a614edb6/tic_tac_toe_frontend/node_modules/es-abstract/operations/build-unicode.mjs'
npm warn tar TAR_ENTRY_ERROR ENOENT: no such file or directory, open '/home/kavia/workspace/code-generation/tictacplus-persistent-fullstack-tic-tac-toe-61826-a614edb6/tic_tac_toe_frontend/node_modules/typescript/lib/lib.es2017.typedarrays.d.ts'
npm warn tar TAR_ENTRY_ERROR ENOENT: no such file or directory, open '/home/kavia/workspace/code-generation/tictacplus-persistent-fullstack-tic-tac-toe-61826-a614edb6/tic_tac_toe_frontend/node_modules/typescript/lib/lib.es2018.asyncgenerator.d.ts'
npm warn tar TAR_ENTRY_ERROR ENOENT: no such file or directory, open '/home/kavia/workspace/code-generation/tictacplus-persistent-fullstack-tic-tac-toe-61826-a614edb6/tic_tac_toe_frontend/node_modules/typescript/lib/lib.es2018.asynciterable.d.ts'
npm warn tar TAR_ENTRY_ERROR ENOENT: no such file or directory, open '/home/kavia/workspace/code-generation/tictacplus-persistent-fullstack-tic-tac-toe-61826-a614edb6/tic_tac_toe_frontend/node_modules/typescript/lib/lib.es2018.d.ts'
npm warn tar TAR_ENTRY_ERROR ENOENT: no such file or directory, open '/home/kavia/workspace/code-generation/tictacplus-persistent-fullstack-tic-tac-toe-61826-a614edb6/tic_tac_toe_frontend/node_modules/typescript/lib/lib.es2018.full.d.ts'
npm warn tar TAR_ENTRY_ERROR ENOENT: no such file or directory, open '/home/kavia/workspace/code-generation/tictacplus-persistent-fullstack-tic-tac-toe-61826-a614edb6/tic_tac_toe_frontend/node_modules/core-js-pure/full/symbol/iterator.js'
npm warn tar TAR_ENTRY_ERROR ENOENT: no such file or directory, open '/home/kavia/workspace/code-generation/tictacplus-persistent-fullstack-tic-tac-toe-61826-a614edb6/tic_tac_toe_frontend/node_modules/core-js/es/symbol/iterator.js'
npm warn tar TAR_ENTRY_ERROR ENOENT: no such file or directory, open '/home/kavia/workspace/code-generation/tictacplus-persistent-fullstack-tic-tac-toe-61826-a614edb6/tic_tac_toe_frontend/node_modules/typescript/lib/lib.es2018.intl.d.ts'
npm warn tar TAR_ENTRY_ERROR ENOENT: no such file or directory, open '/home/kavia/workspace/code-generation/tictacplus-persistent-fullstack-tic-tac-toe-61826-a614edb6/tic_tac_toe_frontend/node_modules/typescript/lib/lib.es2018.promise.d.ts'
npm warn tar TAR_ENTRY_ERROR ENOENT: no such file or directory, open '/home/kavia/workspace/code-generation/tictacplus-persistent-fullstack-tic-tac-toe-61826-a614edb6/tic_tac_toe_frontend/node_modules/typescript/lib/lib.es2018.regexp.d.ts'
npm warn tar TAR_ENTRY_ERROR ENOENT: no such file or directory, open '/home/kavia/workspace/code-generation/tictacplus-persistent-fullstack-tic-tac-toe-61826-a614edb6/tic_tac_toe_frontend/node_modules/typescript/lib/lib.es2019.array.d.ts'
npm warn tar TAR_ENTRY_ERROR ENOENT: no such file or directory, open '/home/kavia/workspace/code-generation/tictacplus-persistent-fullstack-tic-tac-toe-61826-a614edb6/tic_tac_toe_frontend/node_modules/typescript/lib/lib.es2019.d.ts'
npm warn tar TAR_ENTRY_ERROR ENOENT: no such file or directory, open '/home/kavia/workspace/code-generation/tictacplus-persistent-fullstack-tic-tac-toe-61826-a614edb6/tic_tac_toe_frontend/node_modules/typescript/lib/lib.es2019.full.d.ts'
npm warn tar TAR_ENTRY_ERROR ENOENT: no such file or directory, open '/home/kavia/workspace/code-generation/tictacplus-persistent-fullstack-tic-tac-toe-61826-a614edb6/tic_tac_toe_frontend/node_modules/typescript/lib/lib.es2019.intl.d.ts'
npm warn tar TAR_ENTRY_ERROR ENOENT: no such file or directory, open '/home/kavia/workspace/code-generation/tictacplus-persistent-fullstack-tic-tac-toe-61826-a614edb6/tic_tac_toe_frontend/node_modules/core-js-pure/stable/symbol/iterator.js'
npm warn tar TAR_ENTRY_ERROR ENOENT: no such file or directory, open '/home/kavia/workspace/code-generation/tictacplus-persistent-fullstack-tic-tac-toe-61826-a614edb6/tic_tac_toe_frontend/node_modules/core-js/features/symbol/iterator.js'
npm warn tar TAR_ENTRY_ERROR ENOENT: no such file or directory, open '/home/kavia/workspace/code-generation/tictacplus-persistent-fullstack-tic-tac-toe-61826-a614edb6/tic_tac_toe_frontend/node_modules/typescript/lib/lib.es2019.object.d.ts'
npm warn tar TAR_ENTRY_ERROR ENOENT: no such file or directory, open '/home/kavia/workspace/code-generation/tictacplus-persistent-fullstack-tic-tac-toe-61826-a614edb6/tic_tac_toe_frontend/node_modules/typescript/lib/lib.es2019.string.d.ts'
npm warn tar TAR_ENTRY_ERROR ENOENT: no such file or directory, open '/home/kavia/workspace/code-generation/tictacplus-persistent-fullstack-tic-tac-toe-61826-a614edb6/tic_tac_toe_frontend/node_modules/core-js-pure/internals/iterators-core.js'
npm warn tar TAR_ENTRY_ERROR ENOENT: no such file or directory, open '/home/kavia/workspace/code-generation/tictacplus-persistent-fullstack-tic-tac-toe-61826-a614edb6/tic_tac_toe_frontend/node_modules/typescript/lib/lib.es2019.symbol.d.ts'
npm warn tar TAR_ENTRY_ERROR ENOENT: no such file or directory, open '/home/kavia/workspace/code-generation/tictacplus-persistent-fullstack-tic-tac-toe-61826-a614edb6/tic_tac_toe_frontend/node_modules/core-js-pure/internals/iterators.js'
npm warn tar TAR_ENTRY_ERROR ENOENT: no such file or directory, open '/home/kavia/workspace/code-generation/tictacplus-persistent-fullstack-tic-tac-toe-61826-a614edb6/tic_tac_toe_frontend/node_modules/typescript/lib/lib.es2020.bigint.d.ts'
npm warn tar TAR_ENTRY_ERROR ENOENT: no such file or directory, open '/home/kavia/workspace/code-generation/tictacplus-persistent-fullstack-tic-tac-toe-61826-a614edb6/tic_tac_toe_frontend/node_modules/typescript/lib/lib.es2020.d.ts'
npm warn tar TAR_ENTRY_ERROR ENOENT: no such file or directory, open '/home/kavia/workspace/code-generation/tictacplus-persistent-fullstack-tic-tac-toe-61826-a614edb6/tic_tac_toe_frontend/node_modules/typescript/lib/lib.es2020.date.d.ts'
npm warn tar TAR_ENTRY_ERROR ENOENT: no such file or directory, open '/home/kavia/workspace/code-generation/tictacplus-persistent-fullstack-tic-tac-toe-61826-a614edb6/tic_tac_toe_frontend/node_modules/core-js/full/symbol/iterator.js'
npm warn tar TAR_ENTRY_ERROR ENOENT: no such file or directory, open '/home/kavia/workspace/code-generation/tictacplus-persistent-fullstack-tic-tac-toe-61826-a614edb6/tic_tac_toe_frontend/node_modules/typescript/lib/lib.es2020.full.d.ts'
npm warn tar TAR_ENTRY_ERROR ENOENT: no such file or directory, open '/home/kavia/workspace/code-generation/tictacplus-persistent-fullstack-tic-tac-toe-61826-a614edb6/tic_tac_toe_frontend/node_modules/typescript/lib/lib.es2020.intl.d.ts'
npm warn tar TAR_ENTRY_ERROR ENOENT: no such file or directory, open '/home/kavia/workspace/code-generation/tictacplus-persistent-fullstack-tic-tac-toe-61826-a614edb6/tic_tac_toe_frontend/node_modules/typescript/lib/lib.es2020.number.d.ts'
npm warn tar TAR_ENTRY_ERROR ENOENT: no such file or directory, open '/home/kavia/workspace/code-generation/tictacplus-persistent-fullstack-tic-tac-toe-61826-a614edb6/tic_tac_toe_frontend/node_modules/typescript/lib/lib.es2020.promise.d.ts'
npm warn tar TAR_ENTRY_ERROR ENOENT: no such file or directory, open '/home/kavia/workspace/code-generation/tictacplus-persistent-fullstack-tic-tac-toe-61826-a614edb6/tic_tac_toe_frontend/node_modules/core-js-pure/features/set/join.js'
npm warn tar TAR_ENTRY_ERROR ENOENT: no such file or directory, open '/home/kavia/workspace/code-generation/tictacplus-persistent-fullstack-tic-tac-toe-61826-a614edb6/tic_tac_toe_frontend/node_modules/typescript/lib/lib.es2020.sharedmemory.d.ts'
npm warn tar TAR_ENTRY_ERROR ENOENT: no such file or directory, open '/home/kavia/workspace/code-generation/tictacplus-persistent-fullstack-tic-tac-toe-61826-a614edb6/tic_tac_toe_frontend/node_modules/core-js/stable/symbol/iterator.js'
npm warn tar TAR_ENTRY_ERROR ENOENT: no such file or directory, open '/home/kavia/workspace/code-generation/tictacplus-persistent-fullstack-tic-tac-toe-61826-a614edb6/tic_tac_toe_frontend/node_modules/typescript/lib/lib.es2020.string.d.ts'
npm warn tar TAR_ENTRY_ERROR ENOENT: no such file or directory, open '/home/kavia/workspace/code-generation/tictacplus-persistent-fullstack-tic-tac-toe-61826-a614edb6/tic_tac_toe_frontend/node_modules/typescript/lib/lib.es2020.symbol.wellknown.d.ts'
npm warn tar TAR_ENTRY_ERROR ENOENT: no such file or directory, open '/home/kavia/workspace/code-generation/tictacplus-persistent-fullstack-tic-tac-toe-61826-a614edb6/tic_tac_toe_frontend/node_modules/core-js/internals/iterators-core.js'
npm warn tar TAR_ENTRY_ERROR ENOENT: no such file or directory, open '/home/kavia/workspace/code-generation/tictacplus-persistent-fullstack-tic-tac-toe-61826-a614edb6/tic_tac_toe_frontend/node_modules/typescript/lib/lib.es2021.d.ts'
npm warn tar TAR_ENTRY_ERROR ENOENT: no such file or directory, open '/home/kavia/workspace/code-generation/tictacplus-persistent-fullstack-tic-tac-toe-61826-a614edb6/tic_tac_toe_frontend/node_modules/core-js/internals/iterators.js'
npm warn tar TAR_ENTRY_ERROR ENOENT: no such file or directory, open '/home/kavia/workspace/code-generation/tictacplus-persistent-fullstack-tic-tac-toe-61826-a614edb6/tic_tac_toe_frontend/node_modules/typescript/lib/lib.es2021.full.d.ts'
npm warn tar TAR_ENTRY_ERROR ENOENT: no such file or directory, open '/home/kavia/workspace/code-generation/tictacplus-persistent-fullstack-tic-tac-toe-61826-a614edb6/tic_tac_toe_frontend/node_modules/typescript/lib/lib.es2021.intl.d.ts'
npm warn tar TAR_ENTRY_ERROR ENOENT: no such file or directory, open '/home/kavia/workspace/code-generation/tictacplus-persistent-fullstack-tic-tac-toe-61826-a614edb6/tic_tac_toe_frontend/node_modules/typescript/lib/lib.es2021.promise.d.ts'
npm warn tar TAR_ENTRY_ERROR ENOENT: no such file or directory, open '/home/kavia/workspace/code-generation/tictacplus-persistent-fullstack-tic-tac-toe-61826-a614edb6/tic_tac_toe_frontend/node_modules/core-js-pure/proposals/json-parse-with-source.js'
npm warn tar TAR_ENTRY_ERROR ENOENT: no such file or directory, open '/home/kavia/workspace/code-generation/tictacplus-persistent-fullstack-tic-tac-toe-61826-a614edb6/tic_tac_toe_frontend/node_modules/typescript/lib/lib.es2021.string.d.ts'
npm warn tar TAR_ENTRY_ERROR ENOENT: no such file or directory, open '/home/kavia/workspace/code-generation/tictacplus-persistent-fullstack-tic-tac-toe-61826-a614edb6/tic_tac_toe_frontend/node_modules/typescript/lib/lib.es2021.weakref.d.ts'
npm warn tar TAR_ENTRY_ERROR ENOENT: no such file or directory, open '/home/kavia/workspace/code-generation/tictacplus-persistent-fullstack-tic-tac-toe-61826-a614edb6/tic_tac_toe_frontend/node_modules/typescript/lib/lib.es2022.array.d.ts'
npm warn tar TAR_ENTRY_ERROR ENOENT: no such file or directory, open '/home/kavia/workspace/code-generation/tictacplus-persistent-fullstack-tic-tac-toe-61826-a614edb6/tic_tac_toe_frontend/node_modules/core-js-pure/actual/symbol/key-for.js'
npm warn tar TAR_ENTRY_ERROR ENOENT: no such file or directory, open '/home/kavia/workspace/code-generation/tictacplus-persistent-fullstack-tic-tac-toe-61826-a614edb6/tic_tac_toe_frontend/node_modules/core-js-pure/es/symbol/key-for.js'
npm warn tar TAR_ENTRY_ERROR ENOENT: no such file or directory, open '/home/kavia/workspace/code-generation/tictacplus-persistent-fullstack-tic-tac-toe-61826-a614edb6/tic_tac_toe_frontend/node_modules/typescript/lib/lib.es2022.d.ts'
npm warn tar TAR_ENTRY_ERROR ENOENT: no such file or directory, open '/home/kavia/workspace/code-generation/tictacplus-persistent-fullstack-tic-tac-toe-61826-a614edb6/tic_tac_toe_frontend/node_modules/core-js-pure/features/symbol/key-for.js'
npm warn tar TAR_ENTRY_ERROR ENOENT: no such file or directory, open '/home/kavia/workspace/code-generation/tictacplus-persistent-fullstack-tic-tac-toe-61826-a614edb6/tic_tac_toe_frontend/node_modules/core-js/features/set/join.js'
npm warn tar TAR_ENTRY_ERROR ENOENT: no such file or directory, open '/home/kavia/workspace/code-generation/tictacplus-persistent-fullstack-tic-tac-toe-61826-a614edb6/tic_tac_toe_frontend/node_modules/typescript/lib/lib.es2022.error.d.ts'
npm warn tar TAR_ENTRY_ERROR ENOENT: no such file or directory, open '/home/kavia/workspace/code-generation/tictacplus-persistent-fullstack-tic-tac-toe-61826-a614edb6/tic_tac_toe_frontend/node_modules/core-js-pure/full/symbol/key-for.js'
npm warn tar TAR_ENTRY_ERROR ENOENT: no such file or directory, open '/home/kavia/workspace/code-generation/tictacplus-persistent-fullstack-tic-tac-toe-61826-a614edb6/tic_tac_toe_frontend/node_modules/typescript/lib/lib.es2022.full.d.ts'
npm warn tar TAR_ENTRY_ERROR ENOENT: no such file or directory, open '/home/kavia/workspace/code-generation/tictacplus-persistent-fullstack-tic-tac-toe-61826-a614edb6/tic_tac_toe_frontend/node_modules/core-js-pure/stable/symbol/key-for.js'
npm warn tar TAR_ENTRY_ERROR ENOENT: no such file or directory, open '/home/kavia/workspace/code-generation/tictacplus-persistent-fullstack-tic-tac-toe-61826-a614edb6/tic_tac_toe_frontend/node_modules/typescript/lib/lib.es2022.intl.d.ts'
npm warn tar TAR_ENTRY_ERROR ENOENT: no such file or directory, open '/home/kavia/workspace/code-generation/tictacplus-persistent-fullstack-tic-tac-toe-61826-a614edb6/tic_tac_toe_frontend/node_modules/typescript/lib/lib.es2022.object.d.ts'
npm warn tar TAR_ENTRY_ERROR ENOENT: no such file or directory, open '/home/kavia/workspace/code-generation/tictacplus-persistent-fullstack-tic-tac-toe-61826-a614edb6/tic_tac_toe_frontend/node_modules/typescript/lib/lib.es2022.sharedmemory.d.ts'
npm warn tar TAR_ENTRY_ERROR ENOENT: no such file or directory, open '/home/kavia/workspace/code-generation/tictacplus-persistent-fullstack-tic-tac-toe-61826-a614edb6/tic_tac_toe_frontend/node_modules/core-js-pure/proposals/keys-composition.js'
npm warn tar TAR_ENTRY_ERROR ENOENT: no such file or directory, open '/home/kavia/workspace/code-generation/tictacplus-persistent-fullstack-tic-tac-toe-61826-a614edb6/tic_tac_toe_frontend/node_modules/typescript/lib/lib.es2022.string.d.ts'
npm warn tar TAR_ENTRY_ERROR ENOENT: no such file or directory, open '/home/kavia/workspace/code-generation/tictacplus-persistent-fullstack-tic-tac-toe-61826-a614edb6/tic_tac_toe_frontend/node_modules/typescript/lib/lib.es5.d.ts'
npm warn tar TAR_ENTRY_ERROR ENOENT: no such file or directory, open '/home/kavia/workspace/code-generation/tictacplus-persistent-fullstack-tic-tac-toe-61826-a614edb6/tic_tac_toe_frontend/node_modules/typescript/lib/lib.es6.d.ts'
npm warn tar TAR_ENTRY_ERROR ENOENT: no such file or directory, open '/home/kavia/workspace/code-generation/tictacplus-persistent-fullstack-tic-tac-toe-61826-a614edb6/tic_tac_toe_frontend/node_modules/core-js-pure/actual/object/keys.js'
npm warn tar TAR_ENTRY_ERROR ENOENT: no such file or directory, open '/home/kavia/workspace/code-generation/tictacplus-persistent-fullstack-tic-tac-toe-61826-a614edb6/tic_tac_toe_frontend/node_modules/core-js/proposals/json-parse-with-source.js'
npm warn tar TAR_ENTRY_ERROR ENOENT: no such file or directory, open '/home/kavia/workspace/code-generation/tictacplus-persistent-fullstack-tic-tac-toe-61826-a614edb6/tic_tac_toe_frontend/node_modules/typescript/lib/lib.esnext.d.ts'
npm warn tar TAR_ENTRY_ERROR ENOENT: no such file or directory, open '/home/kavia/workspace/code-generation/tictacplus-persistent-fullstack-tic-tac-toe-61826-a614edb6/tic_tac_toe_frontend/node_modules/typescript/lib/lib.esnext.full.d.ts'
npm warn tar TAR_ENTRY_ERROR ENOENT: no such file or directory, open '/home/kavia/workspace/code-generation/tictacplus-persistent-fullstack-tic-tac-toe-61826-a614edb6/tic_tac_toe_frontend/node_modules/typescript/lib/lib.esnext.intl.d.ts'
npm warn tar TAR_ENTRY_ERROR ENOENT: no such file or directory, open '/home/kavia/workspace/code-generation/tictacplus-persistent-fullstack-tic-tac-toe-61826-a614edb6/tic_tac_toe_frontend/node_modules/core-js/actual/symbol/key-for.js'
npm warn tar TAR_ENTRY_ERROR ENOENT: no such file or directory, open '/home/kavia/workspace/code-generation/tictacplus-persistent-fullstack-tic-tac-toe-61826-a614edb6/tic_tac_toe_frontend/node_modules/typescript/lib/lib.esnext.promise.d.ts'
npm warn tar TAR_ENTRY_ERROR ENOENT: no such file or directory, open '/home/kavia/workspace/code-generation/tictacplus-persistent-fullstack-tic-tac-toe-61826-a614edb6/tic_tac_toe_frontend/node_modules/core-js/es/symbol/key-for.js'
npm warn tar TAR_ENTRY_ERROR ENOENT: no such file or directory, open '/home/kavia/workspace/code-generation/tictacplus-persistent-fullstack-tic-tac-toe-61826-a614edb6/tic_tac_toe_frontend/node_modules/typescript/lib/lib.esnext.string.d.ts'
npm warn tar TAR_ENTRY_ERROR ENOENT: no such file or directory, open '/home/kavia/workspace/code-generation/tictacplus-persistent-fullstack-tic-tac-toe-61826-a614edb6/tic_tac_toe_frontend/node_modules/core-js-pure/es/object/keys.js'
npm warn tar TAR_ENTRY_ERROR ENOENT: no such file or directory, open '/home/kavia/workspace/code-generation/tictacplus-persistent-fullstack-tic-tac-toe-61826-a614edb6/tic_tac_toe_frontend/node_modules/core-js/features/symbol/key-for.js'
npm warn tar TAR_ENTRY_ERROR ENOENT: no such file or directory, open '/home/kavia/workspace/code-generation/tictacplus-persistent-fullstack-tic-tac-toe-61826-a614edb6/tic_tac_toe_frontend/node_modules/typescript/lib/lib.esnext.weakref.d.ts'
npm warn tar TAR_ENTRY_ERROR ENOENT: no such file or directory, open '/home/kavia/workspace/code-generation/tictacplus-persistent-fullstack-tic-tac-toe-61826-a614edb6/tic_tac_toe_frontend/node_modules/core-js/full/symbol/key-for.js'
npm warn tar TAR_ENTRY_ERROR ENOENT: no such file or directory, open '/home/kavia/workspace/code-generation/tictacplus-persistent-fullstack-tic-tac-toe-61826-a614edb6/tic_tac_toe_frontend/node_modules/typescript/lib/lib.scripthost.d.ts'
npm warn tar TAR_ENTRY_ERROR ENOENT: no such file or directory, open '/home/kavia/workspace/code-generation/tictacplus-persistent-fullstack-tic-tac-toe-61826-a614edb6/tic_tac_toe_frontend/node_modules/core-js/stable/symbol/key-for.js'
npm warn tar TAR_ENTRY_ERROR ENOENT: no such file or directory, open '/home/kavia/workspace/code-generation/tictacplus-persistent-fullstack-tic-tac-toe-61826-a614edb6/tic_tac_toe_frontend/node_modules/typescript/lib/lib.webworker.d.ts'
npm warn tar TAR_ENTRY_ERROR ENOENT: no such file or directory, open '/home/kavia/workspace/code-generation/tictacplus-persistent-fullstack-tic-tac-toe-61826-a614edb6/tic_tac_toe_frontend/node_modules/typescript/lib/lib.webworker.importscripts.d.ts'
npm warn tar TAR_ENTRY_ERROR ENOENT: no such file or directory, open '/home/kavia/workspace/code-generation/tictacplus-persistent-fullstack-tic-tac-toe-61826-a614edb6/tic_tac_toe_frontend/node_modules/core-js-pure/features/object/keys.js'
npm warn tar TAR_ENTRY_ERROR ENOENT: no such file or directory, open '/home/kavia/workspace/code-generation/tictacplus-persistent-fullstack-tic-tac-toe-61826-a614edb6/tic_tac_toe_frontend/node_modules/core-js/proposals/keys-composition.js'
npm warn tar TAR_ENTRY_ERROR ENOENT: no such file or directory, open '/home/kavia/workspace/code-generation/tictacplus-persistent-fullstack-tic-tac-toe-61826-a614edb6/tic_tac_toe_frontend/node_modules/typescript/lib/lib.webworker.iterable.d.ts'
npm warn tar TAR_ENTRY_ERROR ENOENT: no such file or directory, open '/home/kavia/workspace/code-generation/tictacplus-persistent-fullstack-tic-tac-toe-61826-a614edb6/tic_tac_toe_frontend/node_modules/typescript/lib/protocol.d.ts'
npm warn tar TAR_ENTRY_ERROR ENOENT: no such file or directory, open '/home/kavia/workspace/code-generation/tictacplus-persistent-fullstack-tic-tac-toe-61826-a614edb6/tic_tac_toe_frontend/node_modules/core-js/actual/object/keys.js'
npm warn tar TAR_ENTRY_ERROR ENOENT: no such file or directory, open '/home/kavia/workspace/code-generation/tictacplus-persistent-fullstack-tic-tac-toe-61826-a614edb6/tic_tac_toe_frontend/node_modules/typescript/lib/tsserverlibrary.d.ts'
npm warn tar TAR_ENTRY_ERROR ENOENT: no such file or directory, open '/home/kavia/workspace/code-generation/tictacplus-persistent-fullstack-tic-tac-toe-61826-a614edb6/tic_tac_toe_frontend/node_modules/core-js-pure/full/object/keys.js'
npm warn tar TAR_ENTRY_ERROR ENOENT: no such file or directory, open '/home/kavia/workspace/code-generation/tictacplus-persistent-fullstack-tic-tac-toe-61826-a614edb6/tic_tac_toe_frontend/node_modules/core-js/es/object/keys.js'
npm warn tar TAR_ENTRY_ERROR ENOENT: no such file or directory, open '/home/kavia/workspace/code-generation/tictacplus-persistent-fullstack-tic-tac-toe-61826-a614edb6/tic_tac_toe_frontend/node_modules/typescript/lib/typescript.d.ts'
npm warn tar TAR_ENTRY_ERROR ENOENT: no such file or directory, open '/home/kavia/workspace/code-generation/tictacplus-persistent-fullstack-tic-tac-toe-61826-a614edb6/tic_tac_toe_frontend/node_modules/core-js-pure/stable/object/keys.js'
npm warn tar TAR_ENTRY_ERROR ENOENT: no such file or directory, open '/home/kavia/workspace/code-generation/tictacplus-persistent-fullstack-tic-tac-toe-61826-a614edb6/tic_tac_toe_frontend/node_modules/core-js/features/object/keys.js'
npm warn tar TAR_ENTRY_ERROR ENOENT: no such file or directory, open '/home/kavia/workspace/code-generation/tictacplus-persistent-fullstack-tic-tac-toe-61826-a614edb6/tic_tac_toe_frontend/node_modules/typescript/lib/typescriptServices.d.ts'
npm warn tar TAR_ENTRY_ERROR ENOENT: no such file or directory, open '/home/kavia/workspace/code-generation/tictacplus-persistent-fullstack-tic-tac-toe-61826-a614edb6/tic_tac_toe_frontend/node_modules/core-js/full/object/keys.js'
npm warn tar TAR_ENTRY_ERROR ENOENT: no such file or directory, open '/home/kavia/workspace/code-generation/tictacplus-persistent-fullstack-tic-tac-toe-61826-a614edb6/tic_tac_toe_frontend/node_modules/typescript/LICENSE.txt'
npm warn tar TAR_ENTRY_ERROR ENOENT: no such file or directory, open '/home/kavia/workspace/code-generation/tictacplus-persistent-fullstack-tic-tac-toe-61826-a614edb6/tic_tac_toe_frontend/node_modules/typescript/ThirdPartyNoticeText.txt'
npm warn tar TAR_ENTRY_ERROR ENOENT: no such file or directory, open '/home/kavia/workspace/code-generation/tictacplus-persistent-fullstack-tic-tac-toe-61826-a614edb6/tic_tac_toe_frontend/node_modules/core-js/stable/object/keys.js'
npm warn tar TAR_ENTRY_ERROR ENOENT: no such file or directory, open '/home/kavia/workspace/code-generation/tictacplus-persistent-fullstack-tic-tac-toe-61826-a614edb6/tic_tac_toe_frontend/node_modules/core-js-pure/internals/length-of-array-like.js'
npm warn tar TAR_ENTRY_ERROR ENOENT: no such file or directory, open '/home/kavia/workspace/code-generation/tictacplus-persistent-fullstack-tic-tac-toe-61826-a614edb6/tic_tac_toe_frontend/node_modules/core-js-pure/actual/math/log10.js'
npm warn tar TAR_ENTRY_ERROR ENOENT: no such file or directory, open '/home/kavia/workspace/code-generation/tictacplus-persistent-fullstack-tic-tac-toe-61826-a614edb6/tic_tac_toe_frontend/node_modules/core-js-pure/es/math/log10.js'
npm warn tar TAR_ENTRY_ERROR ENOENT: no such file or directory, open '/home/kavia/workspace/code-generation/tictacplus-persistent-fullstack-tic-tac-toe-61826-a614edb6/tic_tac_toe_frontend/node_modules/core-js-pure/features/math/log10.js'
npm warn tar TAR_ENTRY_ERROR ENOENT: no such file or directory, open '/home/kavia/workspace/code-generation/tictacplus-persistent-fullstack-tic-tac-toe-61826-a614edb6/tic_tac_toe_frontend/node_modules/core-js-pure/full/math/log10.js'
npm warn tar TAR_ENTRY_ERROR ENOENT: no such file or directory, open '/home/kavia/workspace/code-generation/tictacplus-persistent-fullstack-tic-tac-toe-61826-a614edb6/tic_tac_toe_frontend/node_modules/core-js/internals/length-of-array-like.js'
npm warn tar TAR_ENTRY_ERROR ENOENT: no such file or directory, open '/home/kavia/workspace/code-generation/tictacplus-persistent-fullstack-tic-tac-toe-61826-a614edb6/tic_tac_toe_frontend/node_modules/core-js-pure/stable/math/log10.js'
npm warn tar TAR_ENTRY_ERROR ENOENT: no such file or directory, open '/home/kavia/workspace/code-generation/tictacplus-persistent-fullstack-tic-tac-toe-61826-a614edb6/tic_tac_toe_frontend/node_modules/core-js-pure/actual/math/log1p.js'
npm warn tar TAR_ENTRY_ERROR ENOENT: no such file or directory, open '/home/kavia/workspace/code-generation/tictacplus-persistent-fullstack-tic-tac-toe-61826-a614edb6/tic_tac_toe_frontend/node_modules/core-js-pure/es/math/log1p.js'
npm warn tar TAR_ENTRY_ERROR ENOENT: no such file or directory, open '/home/kavia/workspace/code-generation/tictacplus-persistent-fullstack-tic-tac-toe-61826-a614edb6/tic_tac_toe_frontend/node_modules/core-js-pure/features/math/log1p.js'
npm warn tar TAR_ENTRY_ERROR ENOENT: no such file or directory, open '/home/kavia/workspace/code-generation/tictacplus-persistent-fullstack-tic-tac-toe-61826-a614edb6/tic_tac_toe_frontend/node_modules/core-js-pure/full/math/log1p.js'
npm warn tar TAR_ENTRY_ERROR ENOENT: no such file or directory, open '/home/kavia/workspace/code-generation/tictacplus-persistent-fullstack-tic-tac-toe-61826-a614edb6/tic_tac_toe_frontend/node_modules/core-js-pure/stable/math/log1p.js'
npm warn tar TAR_ENTRY_ERROR ENOENT: no such file or directory, open '/home/kavia/workspace/code-generation/tictacplus-persistent-fullstack-tic-tac-toe-61826-a614edb6/tic_tac_toe_frontend/node_modules/core-js-pure/actual/math/log2.js'
npm warn tar TAR_ENTRY_ERROR ENOENT: no such file or directory, open '/home/kavia/workspace/code-generation/tictacplus-persistent-fullstack-tic-tac-toe-61826-a614edb6/tic_tac_toe_frontend/node_modules/core-js-pure/es/math/log2.js'
npm warn tar TAR_ENTRY_ERROR ENOENT: no such file or directory, open '/home/kavia/workspace/code-generation/tictacplus-persistent-fullstack-tic-tac-toe-61826-a614edb6/tic_tac_toe_frontend/node_modules/core-js-pure/features/math/log2.js'
npm warn tar TAR_ENTRY_ERROR ENOENT: no such file or directory, open '/home/kavia/workspace/code-generation/tictacplus-persistent-fullstack-tic-tac-toe-61826-a614edb6/tic_tac_toe_frontend/node_modules/core-js-pure/full/math/log2.js'
npm warn tar TAR_ENTRY_ERROR ENOENT: no such file or directory, open '/home/kavia/workspace/code-generation/tictacplus-persistent-fullstack-tic-tac-toe-61826-a614edb6/tic_tac_toe_frontend/node_modules/core-js-pure/stable/math/log2.js'
npm warn tar TAR_ENTRY_ERROR ENOENT: no such file or directory, open '/home/kavia/workspace/code-generation/tictacplus-persistent-fullstack-tic-tac-toe-61826-a614edb6/tic_tac_toe_frontend/node_modules/core-js/actual/math/log10.js'
npm warn tar TAR_ENTRY_ERROR ENOENT: no such file or directory, open '/home/kavia/workspace/code-generation/tictacplus-persistent-fullstack-tic-tac-toe-61826-a614edb6/tic_tac_toe_frontend/node_modules/core-js-pure/actual/object/lookup-getter.js'
npm warn tar TAR_ENTRY_ERROR ENOENT: no such file or directory, open '/home/kavia/workspace/code-generation/tictacplus-persistent-fullstack-tic-tac-toe-61826-a614edb6/tic_tac_toe_frontend/node_modules/core-js/es/math/log10.js'
npm warn tar TAR_ENTRY_ERROR ENOENT: no such file or directory, open '/home/kavia/workspace/code-generation/tictacplus-persistent-fullstack-tic-tac-toe-61826-a614edb6/tic_tac_toe_frontend/node_modules/core-js-pure/es/object/lookup-getter.js'
npm warn tar TAR_ENTRY_ERROR ENOENT: no such file or directory, open '/home/kavia/workspace/code-generation/tictacplus-persistent-fullstack-tic-tac-toe-61826-a614edb6/tic_tac_toe_frontend/node_modules/core-js/features/math/log10.js'
npm warn tar TAR_ENTRY_ERROR ENOENT: no such file or directory, open '/home/kavia/workspace/code-generation/tictacplus-persistent-fullstack-tic-tac-toe-61826-a614edb6/tic_tac_toe_frontend/node_modules/core-js-pure/features/object/lookup-getter.js'
npm warn tar TAR_ENTRY_ERROR ENOENT: no such file or directory, open '/home/kavia/workspace/code-generation/tictacplus-persistent-fullstack-tic-tac-toe-61826-a614edb6/tic_tac_toe_frontend/node_modules/core-js/full/math/log10.js'
npm warn tar TAR_ENTRY_ERROR ENOENT: no such file or directory, open '/home/kavia/workspace/code-generation/tictacplus-persistent-fullstack-tic-tac-toe-61826-a614edb6/tic_tac_toe_frontend/node_modules/core-js-pure/full/object/lookup-getter.js'
npm warn tar TAR_ENTRY_ERROR ENOENT: no such file or directory, open '/home/kavia/workspace/code-generation/tictacplus-persistent-fullstack-tic-tac-toe-61826-a614edb6/tic_tac_toe_frontend/node_modules/core-js/stable/math/log10.js'
npm warn tar TAR_ENTRY_ERROR ENOENT: no such file or directory, open '/home/kavia/workspace/code-generation/tictacplus-persistent-fullstack-tic-tac-toe-61826-a614edb6/tic_tac_toe_frontend/node_modules/core-js-pure/stable/object/lookup-getter.js'
npm warn tar TAR_ENTRY_ERROR ENOENT: no such file or directory, open '/home/kavia/workspace/code-generation/tictacplus-persistent-fullstack-tic-tac-toe-61826-a614edb6/tic_tac_toe_frontend/node_modules/core-js/actual/math/log1p.js'
npm warn tar TAR_ENTRY_ERROR ENOENT: no such file or directory, open '/home/kavia/workspace/code-generation/tictacplus-persistent-fullstack-tic-tac-toe-61826-a614edb6/tic_tac_toe_frontend/node_modules/core-js-pure/actual/object/lookup-setter.js'
npm warn tar TAR_ENTRY_ERROR ENOENT: no such file or directory, open '/home/kavia/workspace/code-generation/tictacplus-persistent-fullstack-tic-tac-toe-61826-a614edb6/tic_tac_toe_frontend/node_modules/core-js/es/math/log1p.js'
npm warn tar TAR_ENTRY_ERROR ENOENT: no such file or directory, open '/home/kavia/workspace/code-generation/tictacplus-persistent-fullstack-tic-tac-toe-61826-a614edb6/tic_tac_toe_frontend/node_modules/core-js-pure/es/object/lookup-setter.js'
npm warn tar TAR_ENTRY_ERROR ENOENT: no such file or directory, open '/home/kavia/workspace/code-generation/tictacplus-persistent-fullstack-tic-tac-toe-61826-a614edb6/tic_tac_toe_frontend/node_modules/core-js/features/math/log1p.js'
npm warn tar TAR_ENTRY_ERROR ENOENT: no such file or directory, open '/home/kavia/workspace/code-generation/tictacplus-persistent-fullstack-tic-tac-toe-61826-a614edb6/tic_tac_toe_frontend/node_modules/core-js-pure/features/object/lookup-setter.js'
npm warn tar TAR_ENTRY_ERROR ENOENT: no such file or directory, open '/home/kavia/workspace/code-generation/tictacplus-persistent-fullstack-tic-tac-toe-61826-a614edb6/tic_tac_toe_frontend/node_modules/core-js/full/math/log1p.js'
npm warn tar TAR_ENTRY_ERROR ENOENT: no such file or directory, open '/home/kavia/workspace/code-generation/tictacplus-persistent-fullstack-tic-tac-toe-61826-a614edb6/tic_tac_toe_frontend/node_modules/core-js-pure/full/object/lookup-setter.js'
npm warn tar TAR_ENTRY_ERROR ENOENT: no such file or directory, open '/home/kavia/workspace/code-generation/tictacplus-persistent-fullstack-tic-tac-toe-61826-a614edb6/tic_tac_toe_frontend/node_modules/core-js/stable/math/log1p.js'
npm warn tar TAR_ENTRY_ERROR ENOENT: no such file or directory, open '/home/kavia/workspace/code-generation/tictacplus-persistent-fullstack-tic-tac-toe-61826-a614edb6/tic_tac_toe_frontend/node_modules/core-js-pure/stable/object/lookup-setter.js'
npm warn tar TAR_ENTRY_ERROR ENOENT: no such file or directory, open '/home/kavia/workspace/code-generation/tictacplus-persistent-fullstack-tic-tac-toe-61826-a614edb6/tic_tac_toe_frontend/node_modules/core-js/actual/math/log2.js'
npm warn tar TAR_ENTRY_ERROR ENOENT: no such file or directory, open '/home/kavia/workspace/code-generation/tictacplus-persistent-fullstack-tic-tac-toe-61826-a614edb6/tic_tac_toe_frontend/node_modules/core-js-pure/internals/make-built-in.js'
npm warn tar TAR_ENTRY_ERROR ENOENT: no such file or directory, open '/home/kavia/workspace/code-generation/tictacplus-persistent-fullstack-tic-tac-toe-61826-a614edb6/tic_tac_toe_frontend/node_modules/core-js/es/math/log2.js'
npm warn tar TAR_ENTRY_ERROR ENOENT: no such file or directory, open '/home/kavia/workspace/code-generation/tictacplus-persistent-fullstack-tic-tac-toe-61826-a614edb6/tic_tac_toe_frontend/node_modules/core-js-pure/internals/map-helpers.js'
npm warn tar TAR_ENTRY_ERROR ENOENT: no such file or directory, open '/home/kavia/workspace/code-generation/tictacplus-persistent-fullstack-tic-tac-toe-61826-a614edb6/tic_tac_toe_frontend/node_modules/core-js/features/math/log2.js'
npm warn tar TAR_ENTRY_ERROR ENOENT: no such file or directory, open '/home/kavia/workspace/code-generation/tictacplus-persistent-fullstack-tic-tac-toe-61826-a614edb6/tic_tac_toe_frontend/node_modules/core-js-pure/internals/map-iterate.js'
npm warn tar TAR_ENTRY_ERROR ENOENT: no such file or directory, open '/home/kavia/workspace/code-generation/tictacplus-persistent-fullstack-tic-tac-toe-61826-a614edb6/tic_tac_toe_frontend/node_modules/core-js/full/math/log2.js'
npm warn tar TAR_ENTRY_ERROR ENOENT: no such file or directory, open '/home/kavia/workspace/code-generation/tictacplus-persistent-fullstack-tic-tac-toe-61826-a614edb6/tic_tac_toe_frontend/node_modules/core-js/stable/math/log2.js'
npm warn tar TAR_ENTRY_ERROR ENOENT: no such file or directory, open '/home/kavia/workspace/code-generation/tictacplus-persistent-fullstack-tic-tac-toe-61826-a614edb6/tic_tac_toe_frontend/node_modules/core-js/actual/object/lookup-getter.js'
npm warn tar TAR_ENTRY_ERROR ENOENT: no such file or directory, open '/home/kavia/workspace/code-generation/tictacplus-persistent-fullstack-tic-tac-toe-61826-a614edb6/tic_tac_toe_frontend/node_modules/core-js-pure/proposals/map-update-or-insert.js'
npm warn tar TAR_ENTRY_ERROR ENOENT: no such file or directory, open '/home/kavia/workspace/code-generation/tictacplus-persistent-fullstack-tic-tac-toe-61826-a614edb6/tic_tac_toe_frontend/node_modules/core-js/es/object/lookup-getter.js'
npm warn tar TAR_ENTRY_ERROR ENOENT: no such file or directory, open '/home/kavia/workspace/code-generation/tictacplus-persistent-fullstack-tic-tac-toe-61826-a614edb6/tic_tac_toe_frontend/node_modules/core-js-pure/proposals/map-upsert-stage-2.js'
npm warn tar TAR_ENTRY_ERROR ENOENT: no such file or directory, open '/home/kavia/workspace/code-generation/tictacplus-persistent-fullstack-tic-tac-toe-61826-a614edb6/tic_tac_toe_frontend/node_modules/core-js/features/object/lookup-getter.js'
npm warn tar TAR_ENTRY_ERROR ENOENT: no such file or directory, open '/home/kavia/workspace/code-generation/tictacplus-persistent-fullstack-tic-tac-toe-61826-a614edb6/tic_tac_toe_frontend/node_modules/core-js-pure/proposals/map-upsert-v4.js'
npm warn tar TAR_ENTRY_ERROR ENOENT: no such file or directory, open '/home/kavia/workspace/code-generation/tictacplus-persistent-fullstack-tic-tac-toe-61826-a614edb6/tic_tac_toe_frontend/node_modules/core-js/full/object/lookup-getter.js'
npm warn tar TAR_ENTRY_ERROR ENOENT: no such file or directory, open '/home/kavia/workspace/code-generation/tictacplus-persistent-fullstack-tic-tac-toe-61826-a614edb6/tic_tac_toe_frontend/node_modules/core-js-pure/internals/map-upsert.js'
npm warn tar TAR_ENTRY_ERROR ENOENT: no such file or directory, open '/home/kavia/workspace/code-generation/tictacplus-persistent-fullstack-tic-tac-toe-61826-a614edb6/tic_tac_toe_frontend/node_modules/core-js/stable/object/lookup-getter.js'
npm warn tar TAR_ENTRY_ERROR ENOENT: no such file or directory, open '/home/kavia/workspace/code-generation/tictacplus-persistent-fullstack-tic-tac-toe-61826-a614edb6/tic_tac_toe_frontend/node_modules/core-js-pure/proposals/map-upsert.js'
npm warn tar TAR_ENTRY_ERROR ENOENT: no such file or directory, open '/home/kavia/workspace/code-generation/tictacplus-persistent-fullstack-tic-tac-toe-61826-a614edb6/tic_tac_toe_frontend/node_modules/core-js/actual/object/lookup-setter.js'
npm warn tar TAR_ENTRY_ERROR ENOENT: no such file or directory, open '/home/kavia/workspace/code-generation/tictacplus-persistent-fullstack-tic-tac-toe-61826-a614edb6/tic_tac_toe_frontend/node_modules/core-js/es/object/lookup-setter.js'
npm warn tar TAR_ENTRY_ERROR ENOENT: no such file or directory, open '/home/kavia/workspace/code-generation/tictacplus-persistent-fullstack-tic-tac-toe-61826-a614edb6/tic_tac_toe_frontend/node_modules/core-js/features/object/lookup-setter.js'
npm warn tar TAR_ENTRY_ERROR ENOENT: no such file or directory, open '/home/kavia/workspace/code-generation/tictacplus-persistent-fullstack-tic-tac-toe-61826-a614edb6/tic_tac_toe_frontend/node_modules/core-js/full/object/lookup-setter.js'
npm warn tar TAR_ENTRY_ERROR ENOENT: no such file or directory, open '/home/kavia/workspace/code-generation/tictacplus-persistent-fullstack-tic-tac-toe-61826-a614edb6/tic_tac_toe_frontend/node_modules/core-js/stable/object/lookup-setter.js'
npm warn tar TAR_ENTRY_ERROR ENOENT: no such file or directory, open '/home/kavia/workspace/code-generation/tictacplus-persistent-fullstack-tic-tac-toe-61826-a614edb6/tic_tac_toe_frontend/node_modules/core-js/internals/make-built-in.js'
npm warn tar TAR_ENTRY_ERROR ENOENT: no such file or directory, open '/home/kavia/workspace/code-generation/tictacplus-persistent-fullstack-tic-tac-toe-61826-a614edb6/tic_tac_toe_frontend/node_modules/core-js/internals/map-helpers.js'
npm warn tar TAR_ENTRY_ERROR ENOENT: no such file or directory, open '/home/kavia/workspace/code-generation/tictacplus-persistent-fullstack-tic-tac-toe-61826-a614edb6/tic_tac_toe_frontend/node_modules/core-js/internals/map-iterate.js'
npm warn tar TAR_ENTRY_ERROR ENOENT: no such file or directory, open '/home/kavia/workspace/code-generation/tictacplus-persistent-fullstack-tic-tac-toe-61826-a614edb6/tic_tac_toe_frontend/node_modules/core-js/proposals/map-update-or-insert.js'
npm warn tar TAR_ENTRY_ERROR ENOENT: no such file or directory, open '/home/kavia/workspace/code-generation/tictacplus-persistent-fullstack-tic-tac-toe-61826-a614edb6/tic_tac_toe_frontend/node_modules/core-js/proposals/map-upsert-stage-2.js'
npm warn tar TAR_ENTRY_ERROR ENOENT: no such file or directory, open '/home/kavia/workspace/code-generation/tictacplus-persistent-fullstack-tic-tac-toe-61826-a614edb6/tic_tac_toe_frontend/node_modules/core-js/proposals/map-upsert-v4.js'
npm warn tar TAR_ENTRY_ERROR ENOENT: no such file or directory, open '/home/kavia/workspace/code-generation/tictacplus-persistent-fullstack-tic-tac-toe-61826-a614edb6/tic_tac_toe_frontend/node_modules/core-js/internals/map-upsert.js'
npm warn tar TAR_ENTRY_ERROR ENOENT: no such file or directory, open '/home/kavia/workspace/code-generation/tictacplus-persistent-fullstack-tic-tac-toe-61826-a614edb6/tic_tac_toe_frontend/node_modules/core-js/proposals/map-upsert.js'
npm warn tar TAR_ENTRY_ERROR ENOENT: no such file or directory, open '/home/kavia/workspace/code-generation/tictacplus-persistent-fullstack-tic-tac-toe-61826-a614edb6/tic_tac_toe_frontend/node_modules/core-js-pure/features/set/map.js'
npm warn tar TAR_ENTRY_ERROR ENOENT: no such file or directory, open '/home/kavia/workspace/code-generation/tictacplus-persistent-fullstack-tic-tac-toe-61826-a614edb6/tic_tac_toe_frontend/node_modules/core-js/features/set/map.js'
npm warn tar TAR_ENTRY_ERROR ENOENT: no such file or directory, open '/home/kavia/workspace/code-generation/tictacplus-persistent-fullstack-tic-tac-toe-61826-a614edb6/tic_tac_toe_frontend/node_modules/core-js-pure/actual/symbol/match-all.js'
npm warn tar TAR_ENTRY_ERROR ENOENT: no such file or directory, open '/home/kavia/workspace/code-generation/tictacplus-persistent-fullstack-tic-tac-toe-61826-a614edb6/tic_tac_toe_frontend/node_modules/core-js-pure/es/symbol/match-all.js'
npm warn tar TAR_ENTRY_ERROR ENOENT: no such file or directory, open '/home/kavia/workspace/code-generation/tictacplus-persistent-fullstack-tic-tac-toe-61826-a614edb6/tic_tac_toe_frontend/node_modules/core-js-pure/features/symbol/match-all.js'
npm warn tar TAR_ENTRY_ERROR ENOENT: no such file or directory, open '/home/kavia/workspace/code-generation/tictacplus-persistent-fullstack-tic-tac-toe-61826-a614edb6/tic_tac_toe_frontend/node_modules/core-js-pure/full/symbol/match-all.js'
npm warn tar TAR_ENTRY_ERROR ENOENT: no such file or directory, open '/home/kavia/workspace/code-generation/tictacplus-persistent-fullstack-tic-tac-toe-61826-a614edb6/tic_tac_toe_frontend/node_modules/core-js/actual/symbol/match-all.js'
npm warn tar TAR_ENTRY_ERROR ENOENT: no such file or directory, open '/home/kavia/workspace/code-generation/tictacplus-persistent-fullstack-tic-tac-toe-61826-a614edb6/tic_tac_toe_frontend/node_modules/core-js-pure/stable/symbol/match-all.js'
npm warn tar TAR_ENTRY_ERROR ENOENT: no such file or directory, open '/home/kavia/workspace/code-generation/tictacplus-persistent-fullstack-tic-tac-toe-61826-a614edb6/tic_tac_toe_frontend/node_modules/core-js-pure/actual/symbol/match.js'
npm warn tar TAR_ENTRY_ERROR ENOENT: no such file or directory, open '/home/kavia/workspace/code-generation/tictacplus-persistent-fullstack-tic-tac-toe-61826-a614edb6/tic_tac_toe_frontend/node_modules/core-js/es/symbol/match-all.js'
npm warn tar TAR_ENTRY_ERROR ENOENT: no such file or directory, open '/home/kavia/workspace/code-generation/tictacplus-persistent-fullstack-tic-tac-toe-61826-a614edb6/tic_tac_toe_frontend/node_modules/core-js-pure/es/symbol/match.js'
npm warn tar TAR_ENTRY_ERROR ENOENT: no such file or directory, open '/home/kavia/workspace/code-generation/tictacplus-persistent-fullstack-tic-tac-toe-61826-a614edb6/tic_tac_toe_frontend/node_modules/core-js/features/symbol/match-all.js'
npm warn tar TAR_ENTRY_ERROR ENOENT: no such file or directory, open '/home/kavia/workspace/code-generation/tictacplus-persistent-fullstack-tic-tac-toe-61826-a614edb6/tic_tac_toe_frontend/node_modules/core-js-pure/features/symbol/match.js'
npm warn tar TAR_ENTRY_ERROR ENOENT: no such file or directory, open '/home/kavia/workspace/code-generation/tictacplus-persistent-fullstack-tic-tac-toe-61826-a614edb6/tic_tac_toe_frontend/node_modules/core-js/full/symbol/match-all.js'
npm warn tar TAR_ENTRY_ERROR ENOENT: no such file or directory, open '/home/kavia/workspace/code-generation/tictacplus-persistent-fullstack-tic-tac-toe-61826-a614edb6/tic_tac_toe_frontend/node_modules/core-js-pure/full/symbol/match.js'
npm warn tar TAR_ENTRY_ERROR ENOENT: no such file or directory, open '/home/kavia/workspace/code-generation/tictacplus-persistent-fullstack-tic-tac-toe-61826-a614edb6/tic_tac_toe_frontend/node_modules/core-js-pure/stable/symbol/match.js'
npm warn tar TAR_ENTRY_ERROR ENOENT: no such file or directory, open '/home/kavia/workspace/code-generation/tictacplus-persistent-fullstack-tic-tac-toe-61826-a614edb6/tic_tac_toe_frontend/node_modules/core-js/stable/symbol/match-all.js'
npm warn tar TAR_ENTRY_ERROR ENOENT: no such file or directory, open '/home/kavia/workspace/code-generation/tictacplus-persistent-fullstack-tic-tac-toe-61826-a614edb6/tic_tac_toe_frontend/node_modules/core-js-pure/features/symbol/matcher.js'
npm warn tar TAR_ENTRY_ERROR ENOENT: no such file or directory, open '/home/kavia/workspace/code-generation/tictacplus-persistent-fullstack-tic-tac-toe-61826-a614edb6/tic_tac_toe_frontend/node_modules/core-js-pure/full/symbol/matcher.js'
npm warn tar TAR_ENTRY_ERROR ENOENT: no such file or directory, open '/home/kavia/workspace/code-generation/tictacplus-persistent-fullstack-tic-tac-toe-61826-a614edb6/tic_tac_toe_frontend/node_modules/core-js-pure/internals/math-expm1.js'
npm warn tar TAR_ENTRY_ERROR ENOENT: no such file or directory, open '/home/kavia/workspace/code-generation/tictacplus-persistent-fullstack-tic-tac-toe-61826-a614edb6/tic_tac_toe_frontend/node_modules/core-js/actual/symbol/match.js'
npm warn tar TAR_ENTRY_ERROR ENOENT: no such file or directory, open '/home/kavia/workspace/code-generation/tictacplus-persistent-fullstack-tic-tac-toe-61826-a614edb6/tic_tac_toe_frontend/node_modules/core-js-pure/proposals/math-extensions.js'
npm warn tar TAR_ENTRY_ERROR ENOENT: no such file or directory, open '/home/kavia/workspace/code-generation/tictacplus-persistent-fullstack-tic-tac-toe-61826-a614edb6/tic_tac_toe_frontend/node_modules/core-js/es/regexp/match.js'
npm warn tar TAR_ENTRY_ERROR ENOENT: no such file or directory, open '/home/kavia/workspace/code-generation/tictacplus-persistent-fullstack-tic-tac-toe-61826-a614edb6/tic_tac_toe_frontend/node_modules/core-js-pure/internals/math-float-round.js'
npm warn tar TAR_ENTRY_ERROR ENOENT: no such file or directory, open '/home/kavia/workspace/code-generation/tictacplus-persistent-fullstack-tic-tac-toe-61826-a614edb6/tic_tac_toe_frontend/node_modules/core-js-pure/internals/math-fround.js'
npm warn tar TAR_ENTRY_ERROR ENOENT: no such file or directory, open '/home/kavia/workspace/code-generation/tictacplus-persistent-fullstack-tic-tac-toe-61826-a614edb6/tic_tac_toe_frontend/node_modules/core-js/es/symbol/match.js'
npm warn tar TAR_ENTRY_ERROR ENOENT: no such file or directory, open '/home/kavia/workspace/code-generation/tictacplus-persistent-fullstack-tic-tac-toe-61826-a614edb6/tic_tac_toe_frontend/node_modules/core-js-pure/internals/math-log10.js'
npm warn tar TAR_ENTRY_ERROR ENOENT: no such file or directory, open '/home/kavia/workspace/code-generation/tictacplus-persistent-fullstack-tic-tac-toe-61826-a614edb6/tic_tac_toe_frontend/node_modules/core-js/features/regexp/match.js'
npm warn tar TAR_ENTRY_ERROR ENOENT: no such file or directory, open '/home/kavia/workspace/code-generation/tictacplus-persistent-fullstack-tic-tac-toe-61826-a614edb6/tic_tac_toe_frontend/node_modules/core-js-pure/internals/math-log1p.js'
npm warn tar TAR_ENTRY_ERROR ENOENT: no such file or directory, open '/home/kavia/workspace/code-generation/tictacplus-persistent-fullstack-tic-tac-toe-61826-a614edb6/tic_tac_toe_frontend/node_modules/core-js-pure/internals/math-log2.js'
npm warn tar TAR_ENTRY_ERROR ENOENT: no such file or directory, open '/home/kavia/workspace/code-generation/tictacplus-persistent-fullstack-tic-tac-toe-61826-a614edb6/tic_tac_toe_frontend/node_modules/core-js/features/symbol/match.js'
npm warn tar TAR_ENTRY_ERROR ENOENT: no such file or directory, open '/home/kavia/workspace/code-generation/tictacplus-persistent-fullstack-tic-tac-toe-61826-a614edb6/tic_tac_toe_frontend/node_modules/core-js-pure/internals/math-round-ties-to-even.js'
npm warn tar TAR_ENTRY_ERROR ENOENT: no such file or directory, open '/home/kavia/workspace/code-generation/tictacplus-persistent-fullstack-tic-tac-toe-61826-a614edb6/tic_tac_toe_frontend/node_modules/core-js/full/regexp/match.js'
npm warn tar TAR_ENTRY_ERROR ENOENT: no such file or directory, open '/home/kavia/workspace/code-generation/tictacplus-persistent-fullstack-tic-tac-toe-61826-a614edb6/tic_tac_toe_frontend/node_modules/core-js-pure/internals/math-scale.js'
npm warn tar TAR_ENTRY_ERROR ENOENT: no such file or directory, open '/home/kavia/workspace/code-generation/tictacplus-persistent-fullstack-tic-tac-toe-61826-a614edb6/tic_tac_toe_frontend/node_modules/core-js-pure/internals/math-sign.js'
npm warn tar TAR_ENTRY_ERROR ENOENT: no such file or directory, open '/home/kavia/workspace/code-generation/tictacplus-persistent-fullstack-tic-tac-toe-61826-a614edb6/tic_tac_toe_frontend/node_modules/core-js/full/symbol/match.js'
npm warn tar TAR_ENTRY_ERROR ENOENT: no such file or directory, open '/home/kavia/workspace/code-generation/tictacplus-persistent-fullstack-tic-tac-toe-61826-a614edb6/tic_tac_toe_frontend/node_modules/core-js-pure/proposals/math-signbit.js'
npm warn tar TAR_ENTRY_ERROR ENOENT: no such file or directory, open '/home/kavia/workspace/code-generation/tictacplus-persistent-fullstack-tic-tac-toe-61826-a614edb6/tic_tac_toe_frontend/node_modules/core-js/stable/regexp/match.js'
npm warn tar TAR_ENTRY_ERROR ENOENT: no such file or directory, open '/home/kavia/workspace/code-generation/tictacplus-persistent-fullstack-tic-tac-toe-61826-a614edb6/tic_tac_toe_frontend/node_modules/core-js-pure/proposals/math-sum.js'
npm warn tar TAR_ENTRY_ERROR ENOENT: no such file or directory, open '/home/kavia/workspace/code-generation/tictacplus-persistent-fullstack-tic-tac-toe-61826-a614edb6/tic_tac_toe_frontend/node_modules/core-js-pure/internals/math-trunc.js'
npm warn tar TAR_ENTRY_ERROR ENOENT: no such file or directory, open '/home/kavia/workspace/code-generation/tictacplus-persistent-fullstack-tic-tac-toe-61826-a614edb6/tic_tac_toe_frontend/node_modules/core-js/stable/symbol/match.js'
npm warn tar TAR_ENTRY_ERROR ENOENT: no such file or directory, open '/home/kavia/workspace/code-generation/tictacplus-persistent-fullstack-tic-tac-toe-61826-a614edb6/tic_tac_toe_frontend/node_modules/core-js-pure/actual/number/max-safe-integer.js'
npm warn tar TAR_ENTRY_ERROR ENOENT: no such file or directory, open '/home/kavia/workspace/code-generation/tictacplus-persistent-fullstack-tic-tac-toe-61826-a614edb6/tic_tac_toe_frontend/node_modules/core-js/features/symbol/matcher.js'
npm warn tar TAR_ENTRY_ERROR ENOENT: no such file or directory, open '/home/kavia/workspace/code-generation/tictacplus-persistent-fullstack-tic-tac-toe-61826-a614edb6/tic_tac_toe_frontend/node_modules/core-js-pure/es/number/max-safe-integer.js'
npm warn tar TAR_ENTRY_ERROR ENOENT: no such file or directory, open '/home/kavia/workspace/code-generation/tictacplus-persistent-fullstack-tic-tac-toe-61826-a614edb6/tic_tac_toe_frontend/node_modules/core-js/full/symbol/matcher.js'
npm warn tar TAR_ENTRY_ERROR ENOENT: no such file or directory, open '/home/kavia/workspace/code-generation/tictacplus-persistent-fullstack-tic-tac-toe-61826-a614edb6/tic_tac_toe_frontend/node_modules/core-js-pure/features/number/max-safe-integer.js'
npm warn tar TAR_ENTRY_ERROR ENOENT: no such file or directory, open '/home/kavia/workspace/code-generation/tictacplus-persistent-fullstack-tic-tac-toe-61826-a614edb6/tic_tac_toe_frontend/node_modules/core-js/internals/math-expm1.js'
npm warn tar TAR_ENTRY_ERROR ENOENT: no such file or directory, open '/home/kavia/workspace/code-generation/tictacplus-persistent-fullstack-tic-tac-toe-61826-a614edb6/tic_tac_toe_frontend/node_modules/core-js-pure/full/number/max-safe-integer.js'
npm warn tar TAR_ENTRY_ERROR ENOENT: no such file or directory, open '/home/kavia/workspace/code-generation/tictacplus-persistent-fullstack-tic-tac-toe-61826-a614edb6/tic_tac_toe_frontend/node_modules/core-js/proposals/math-extensions.js'
npm warn tar TAR_ENTRY_ERROR ENOENT: no such file or directory, open '/home/kavia/workspace/code-generation/tictacplus-persistent-fullstack-tic-tac-toe-61826-a614edb6/tic_tac_toe_frontend/node_modules/core-js-pure/stable/number/max-safe-integer.js'
npm warn tar TAR_ENTRY_ERROR ENOENT: no such file or directory, open '/home/kavia/workspace/code-generation/tictacplus-persistent-fullstack-tic-tac-toe-61826-a614edb6/tic_tac_toe_frontend/node_modules/core-js/internals/math-float-round.js'
npm warn tar TAR_ENTRY_ERROR ENOENT: no such file or directory, open '/home/kavia/workspace/code-generation/tictacplus-persistent-fullstack-tic-tac-toe-61826-a614edb6/tic_tac_toe_frontend/node_modules/core-js/internals/math-fround.js'
npm warn tar TAR_ENTRY_ERROR ENOENT: no such file or directory, open '/home/kavia/workspace/code-generation/tictacplus-persistent-fullstack-tic-tac-toe-61826-a614edb6/tic_tac_toe_frontend/node_modules/core-js/internals/math-log10.js'
npm warn tar TAR_ENTRY_ERROR ENOENT: no such file or directory, open '/home/kavia/workspace/code-generation/tictacplus-persistent-fullstack-tic-tac-toe-61826-a614edb6/tic_tac_toe_frontend/node_modules/core-js-pure/features/symbol/metadata-key.js'
npm warn tar TAR_ENTRY_ERROR ENOENT: no such file or directory, open '/home/kavia/workspace/code-generation/tictacplus-persistent-fullstack-tic-tac-toe-61826-a614edb6/tic_tac_toe_frontend/node_modules/core-js/internals/math-log1p.js'
npm warn tar TAR_ENTRY_ERROR ENOENT: no such file or directory, open '/home/kavia/workspace/code-generation/tictacplus-persistent-fullstack-tic-tac-toe-61826-a614edb6/tic_tac_toe_frontend/node_modules/core-js-pure/full/symbol/metadata-key.js'
npm warn tar TAR_ENTRY_ERROR ENOENT: no such file or directory, open '/home/kavia/workspace/code-generation/tictacplus-persistent-fullstack-tic-tac-toe-61826-a614edb6/tic_tac_toe_frontend/node_modules/core-js/internals/math-log2.js'
npm warn tar TAR_ENTRY_ERROR ENOENT: no such file or directory, open '/home/kavia/workspace/code-generation/tictacplus-persistent-fullstack-tic-tac-toe-61826-a614edb6/tic_tac_toe_frontend/node_modules/core-js-pure/actual/function/metadata.js'
npm warn tar TAR_ENTRY_ERROR ENOENT: no such file or directory, open '/home/kavia/workspace/code-generation/tictacplus-persistent-fullstack-tic-tac-toe-61826-a614edb6/tic_tac_toe_frontend/node_modules/core-js/internals/math-round-ties-to-even.js'
npm warn tar TAR_ENTRY_ERROR ENOENT: no such file or directory, open '/home/kavia/workspace/code-generation/tictacplus-persistent-fullstack-tic-tac-toe-61826-a614edb6/tic_tac_toe_frontend/node_modules/core-js-pure/actual/symbol/metadata.js'
npm warn tar TAR_ENTRY_ERROR ENOENT: no such file or directory, open '/home/kavia/workspace/code-generation/tictacplus-persistent-fullstack-tic-tac-toe-61826-a614edb6/tic_tac_toe_frontend/node_modules/core-js/internals/math-scale.js'
npm warn tar TAR_ENTRY_ERROR ENOENT: no such file or directory, open '/home/kavia/workspace/code-generation/tictacplus-persistent-fullstack-tic-tac-toe-61826-a614edb6/tic_tac_toe_frontend/node_modules/core-js-pure/features/function/metadata.js'
npm warn tar TAR_ENTRY_ERROR ENOENT: no such file or directory, open '/home/kavia/workspace/code-generation/tictacplus-persistent-fullstack-tic-tac-toe-61826-a614edb6/tic_tac_toe_frontend/node_modules/core-js/internals/math-sign.js'
npm warn tar TAR_ENTRY_ERROR ENOENT: no such file or directory, open '/home/kavia/workspace/code-generation/tictacplus-persistent-fullstack-tic-tac-toe-61826-a614edb6/tic_tac_toe_frontend/node_modules/core-js-pure/features/reflect/metadata.js'
npm warn tar TAR_ENTRY_ERROR ENOENT: no such file or directory, open '/home/kavia/workspace/code-generation/tictacplus-persistent-fullstack-tic-tac-toe-61826-a614edb6/tic_tac_toe_frontend/node_modules/core-js/proposals/math-signbit.js'
npm warn tar TAR_ENTRY_ERROR ENOENT: no such file or directory, open '/home/kavia/workspace/code-generation/tictacplus-persistent-fullstack-tic-tac-toe-61826-a614edb6/tic_tac_toe_frontend/node_modules/core-js-pure/features/symbol/metadata.js'
npm warn tar TAR_ENTRY_ERROR ENOENT: no such file or directory, open '/home/kavia/workspace/code-generation/tictacplus-persistent-fullstack-tic-tac-toe-61826-a614edb6/tic_tac_toe_frontend/node_modules/core-js/proposals/math-sum.js'
npm warn tar TAR_ENTRY_ERROR ENOENT: no such file or directory, open '/home/kavia/workspace/code-generation/tictacplus-persistent-fullstack-tic-tac-toe-61826-a614edb6/tic_tac_toe_frontend/node_modules/core-js-pure/full/function/metadata.js'
npm warn tar TAR_ENTRY_ERROR ENOENT: no such file or directory, open '/home/kavia/workspace/code-generation/tictacplus-persistent-fullstack-tic-tac-toe-61826-a614edb6/tic_tac_toe_frontend/node_modules/core-js/internals/math-trunc.js'
npm warn tar TAR_ENTRY_ERROR ENOENT: no such file or directory, open '/home/kavia/workspace/code-generation/tictacplus-persistent-fullstack-tic-tac-toe-61826-a614edb6/tic_tac_toe_frontend/node_modules/core-js-pure/full/reflect/metadata.js'
npm warn tar TAR_ENTRY_ERROR ENOENT: no such file or directory, open '/home/kavia/workspace/code-generation/tictacplus-persistent-fullstack-tic-tac-toe-61826-a614edb6/tic_tac_toe_frontend/node_modules/core-js/actual/number/max-safe-integer.js'
npm warn tar TAR_ENTRY_ERROR ENOENT: no such file or directory, open '/home/kavia/workspace/code-generation/tictacplus-persistent-fullstack-tic-tac-toe-61826-a614edb6/tic_tac_toe_frontend/node_modules/core-js-pure/full/symbol/metadata.js'
npm warn tar TAR_ENTRY_ERROR ENOENT: no such file or directory, open '/home/kavia/workspace/code-generation/tictacplus-persistent-fullstack-tic-tac-toe-61826-a614edb6/tic_tac_toe_frontend/node_modules/core-js/es/number/max-safe-integer.js'
npm warn tar TAR_ENTRY_ERROR ENOENT: no such file or directory, open '/home/kavia/workspace/code-generation/tictacplus-persistent-fullstack-tic-tac-toe-61826-a614edb6/tic_tac_toe_frontend/node_modules/core-js/features/number/max-safe-integer.js'
npm warn tar TAR_ENTRY_ERROR ENOENT: no such file or directory, open '/home/kavia/workspace/code-generation/tictacplus-persistent-fullstack-tic-tac-toe-61826-a614edb6/tic_tac_toe_frontend/node_modules/core-js/full/number/max-safe-integer.js'
npm warn tar TAR_ENTRY_ERROR ENOENT: no such file or directory, open '/home/kavia/workspace/code-generation/tictacplus-persistent-fullstack-tic-tac-toe-61826-a614edb6/tic_tac_toe_frontend/node_modules/core-js/stable/number/max-safe-integer.js'
npm warn tar TAR_ENTRY_ERROR ENOENT: no such file or directory, open '/home/kavia/workspace/code-generation/tictacplus-persistent-fullstack-tic-tac-toe-61826-a614edb6/tic_tac_toe_frontend/node_modules/core-js-pure/internals/microtask.js'
npm warn tar TAR_ENTRY_ERROR ENOENT: no such file or directory, open '/home/kavia/workspace/code-generation/tictacplus-persistent-fullstack-tic-tac-toe-61826-a614edb6/tic_tac_toe_frontend/node_modules/core-js/features/symbol/metadata-key.js'
npm warn tar TAR_ENTRY_ERROR ENOENT: no such file or directory, open '/home/kavia/workspace/code-generation/tictacplus-persistent-fullstack-tic-tac-toe-61826-a614edb6/tic_tac_toe_frontend/node_modules/core-js-pure/actual/number/min-safe-integer.js'
npm warn tar TAR_ENTRY_ERROR ENOENT: no such file or directory, open '/home/kavia/workspace/code-generation/tictacplus-persistent-fullstack-tic-tac-toe-61826-a614edb6/tic_tac_toe_frontend/node_modules/core-js/full/symbol/metadata-key.js'
npm warn tar TAR_ENTRY_ERROR ENOENT: no such file or directory, open '/home/kavia/workspace/code-generation/tictacplus-persistent-fullstack-tic-tac-toe-61826-a614edb6/tic_tac_toe_frontend/node_modules/core-js-pure/es/number/min-safe-integer.js'
npm warn tar TAR_ENTRY_ERROR ENOENT: no such file or directory, open '/home/kavia/workspace/code-generation/tictacplus-persistent-fullstack-tic-tac-toe-61826-a614edb6/tic_tac_toe_frontend/node_modules/core-js/actual/function/metadata.js'
npm warn tar TAR_ENTRY_ERROR ENOENT: no such file or directory, open '/home/kavia/workspace/code-generation/tictacplus-persistent-fullstack-tic-tac-toe-61826-a614edb6/tic_tac_toe_frontend/node_modules/core-js-pure/features/number/min-safe-integer.js'
npm warn tar TAR_ENTRY_ERROR ENOENT: no such file or directory, open '/home/kavia/workspace/code-generation/tictacplus-persistent-fullstack-tic-tac-toe-61826-a614edb6/tic_tac_toe_frontend/node_modules/core-js/actual/symbol/metadata.js'
npm warn tar TAR_ENTRY_ERROR ENOENT: no such file or directory, open '/home/kavia/workspace/code-generation/tictacplus-persistent-fullstack-tic-tac-toe-61826-a614edb6/tic_tac_toe_frontend/node_modules/core-js-pure/full/number/min-safe-integer.js'
npm warn tar TAR_ENTRY_ERROR ENOENT: no such file or directory, open '/home/kavia/workspace/code-generation/tictacplus-persistent-fullstack-tic-tac-toe-61826-a614edb6/tic_tac_toe_frontend/node_modules/core-js/features/function/metadata.js'
npm warn tar TAR_ENTRY_ERROR ENOENT: no such file or directory, open '/home/kavia/workspace/code-generation/tictacplus-persistent-fullstack-tic-tac-toe-61826-a614edb6/tic_tac_toe_frontend/node_modules/core-js-pure/stable/number/min-safe-integer.js'
npm warn tar TAR_ENTRY_ERROR ENOENT: no such file or directory, open '/home/kavia/workspace/code-generation/tictacplus-persistent-fullstack-tic-tac-toe-61826-a614edb6/tic_tac_toe_frontend/node_modules/core-js/features/reflect/metadata.js'
npm warn tar TAR_ENTRY_ERROR ENOENT: no such file or directory, open '/home/kavia/workspace/code-generation/tictacplus-persistent-fullstack-tic-tac-toe-61826-a614edb6/tic_tac_toe_frontend/node_modules/core-js-pure/actual/function/name.js'
npm warn tar TAR_ENTRY_ERROR ENOENT: no such file or directory, open '/home/kavia/workspace/code-generation/tictacplus-persistent-fullstack-tic-tac-toe-61826-a614edb6/tic_tac_toe_frontend/node_modules/core-js/features/symbol/metadata.js'
npm warn tar TAR_ENTRY_ERROR ENOENT: no such file or directory, open '/home/kavia/workspace/code-generation/tictacplus-persistent-fullstack-tic-tac-toe-61826-a614edb6/tic_tac_toe_frontend/node_modules/core-js-pure/es/function/name.js'
npm warn tar TAR_ENTRY_ERROR ENOENT: no such file or directory, open '/home/kavia/workspace/code-generation/tictacplus-persistent-fullstack-tic-tac-toe-61826-a614edb6/tic_tac_toe_frontend/node_modules/core-js/full/function/metadata.js'
npm warn tar TAR_ENTRY_ERROR ENOENT: no such file or directory, open '/home/kavia/workspace/code-generation/tictacplus-persistent-fullstack-tic-tac-toe-61826-a614edb6/tic_tac_toe_frontend/node_modules/core-js-pure/features/function/name.js'
npm warn tar TAR_ENTRY_ERROR ENOENT: no such file or directory, open '/home/kavia/workspace/code-generation/tictacplus-persistent-fullstack-tic-tac-toe-61826-a614edb6/tic_tac_toe_frontend/node_modules/core-js/full/reflect/metadata.js'
npm warn tar TAR_ENTRY_ERROR ENOENT: no such file or directory, open '/home/kavia/workspace/code-generation/tictacplus-persistent-fullstack-tic-tac-toe-61826-a614edb6/tic_tac_toe_frontend/node_modules/core-js-pure/full/function/name.js'
npm warn tar TAR_ENTRY_ERROR ENOENT: no such file or directory, open '/home/kavia/workspace/code-generation/tictacplus-persistent-fullstack-tic-tac-toe-61826-a614edb6/tic_tac_toe_frontend/node_modules/core-js/full/symbol/metadata.js'
npm warn tar TAR_ENTRY_ERROR ENOENT: no such file or directory, open '/home/kavia/workspace/code-generation/tictacplus-persistent-fullstack-tic-tac-toe-61826-a614edb6/tic_tac_toe_frontend/node_modules/core-js-pure/stable/function/name.js'
npm warn tar TAR_ENTRY_ERROR ENOENT: no such file or directory, open '/home/kavia/workspace/code-generation/tictacplus-persistent-fullstack-tic-tac-toe-61826-a614edb6/tic_tac_toe_frontend/node_modules/core-js-pure/internals/native-raw-json.js'
npm warn tar TAR_ENTRY_ERROR ENOENT: no such file or directory, open '/home/kavia/workspace/code-generation/tictacplus-persistent-fullstack-tic-tac-toe-61826-a614edb6/tic_tac_toe_frontend/node_modules/core-js-pure/internals/new-promise-capability.js'
npm warn tar TAR_ENTRY_ERROR ENOENT: no such file or directory, open '/home/kavia/workspace/code-generation/tictacplus-persistent-fullstack-tic-tac-toe-61826-a614edb6/tic_tac_toe_frontend/node_modules/core-js-pure/internals/normalize-string-argument.js'
npm warn tar TAR_ENTRY_ERROR ENOENT: no such file or directory, open '/home/kavia/workspace/code-generation/tictacplus-persistent-fullstack-tic-tac-toe-61826-a614edb6/tic_tac_toe_frontend/node_modules/core-js-pure/internals/not-a-nan.js'
npm warn tar TAR_ENTRY_ERROR ENOENT: no such file or directory, open '/home/kavia/workspace/code-generation/tictacplus-persistent-fullstack-tic-tac-toe-61826-a614edb6/tic_tac_toe_frontend/node_modules/core-js-pure/internals/not-a-regexp.js'
npm warn tar TAR_ENTRY_ERROR ENOENT: no such file or directory, open '/home/kavia/workspace/code-generation/tictacplus-persistent-fullstack-tic-tac-toe-61826-a614edb6/tic_tac_toe_frontend/node_modules/core-js/internals/microtask.js'
npm warn tar TAR_ENTRY_ERROR ENOENT: no such file or directory, open '/home/kavia/workspace/code-generation/tictacplus-persistent-fullstack-tic-tac-toe-61826-a614edb6/tic_tac_toe_frontend/node_modules/core-js/actual/number/min-safe-integer.js'
npm warn tar TAR_ENTRY_ERROR ENOENT: no such file or directory, open '/home/kavia/workspace/code-generation/tictacplus-persistent-fullstack-tic-tac-toe-61826-a614edb6/tic_tac_toe_frontend/node_modules/core-js/es/number/min-safe-integer.js'
npm warn tar TAR_ENTRY_ERROR ENOENT: no such file or directory, open '/home/kavia/workspace/code-generation/tictacplus-persistent-fullstack-tic-tac-toe-61826-a614edb6/tic_tac_toe_frontend/node_modules/core-js/features/number/min-safe-integer.js'
npm warn tar TAR_ENTRY_ERROR ENOENT: no such file or directory, open '/home/kavia/workspace/code-generation/tictacplus-persistent-fullstack-tic-tac-toe-61826-a614edb6/tic_tac_toe_frontend/node_modules/core-js-pure/proposals/number-from-string.js'
npm warn tar TAR_ENTRY_ERROR ENOENT: no such file or directory, open '/home/kavia/workspace/code-generation/tictacplus-persistent-fullstack-tic-tac-toe-61826-a614edb6/tic_tac_toe_frontend/node_modules/core-js/full/number/min-safe-integer.js'
npm warn tar TAR_ENTRY_ERROR ENOENT: no such file or directory, open '/home/kavia/workspace/code-generation/tictacplus-persistent-fullstack-tic-tac-toe-61826-a614edb6/tic_tac_toe_frontend/node_modules/core-js-pure/internals/number-is-finite.js'
npm warn tar TAR_ENTRY_ERROR ENOENT: no such file or directory, open '/home/kavia/workspace/code-generation/tictacplus-persistent-fullstack-tic-tac-toe-61826-a614edb6/tic_tac_toe_frontend/node_modules/core-js/stable/number/min-safe-integer.js'
npm warn tar TAR_ENTRY_ERROR ENOENT: no such file or directory, open '/home/kavia/workspace/code-generation/tictacplus-persistent-fullstack-tic-tac-toe-61826-a614edb6/tic_tac_toe_frontend/node_modules/core-js-pure/internals/number-parse-float.js'
npm warn tar TAR_ENTRY_ERROR ENOENT: no such file or directory, open '/home/kavia/workspace/code-generation/tictacplus-persistent-fullstack-tic-tac-toe-61826-a614edb6/tic_tac_toe_frontend/node_modules/core-js/actual/function/name.js'
npm warn tar TAR_ENTRY_ERROR ENOENT: no such file or directory, open '/home/kavia/workspace/code-generation/tictacplus-persistent-fullstack-tic-tac-toe-61826-a614edb6/tic_tac_toe_frontend/node_modules/core-js-pure/internals/number-parse-int.js'
npm warn tar TAR_ENTRY_ERROR ENOENT: no such file or directory, open '/home/kavia/workspace/code-generation/tictacplus-persistent-fullstack-tic-tac-toe-61826-a614edb6/tic_tac_toe_frontend/node_modules/core-js/es/function/name.js'
npm warn tar TAR_ENTRY_ERROR ENOENT: no such file or directory, open '/home/kavia/workspace/code-generation/tictacplus-persistent-fullstack-tic-tac-toe-61826-a614edb6/tic_tac_toe_frontend/node_modules/core-js/features/function/name.js'
npm warn tar TAR_ENTRY_ERROR ENOENT: no such file or directory, open '/home/kavia/workspace/code-generation/tictacplus-persistent-fullstack-tic-tac-toe-61826-a614edb6/tic_tac_toe_frontend/node_modules/core-js-pure/proposals/number-range.js'
npm warn tar TAR_ENTRY_ERROR ENOENT: no such file or directory, open '/home/kavia/workspace/code-generation/tictacplus-persistent-fullstack-tic-tac-toe-61826-a614edb6/tic_tac_toe_frontend/node_modules/core-js/full/function/name.js'
npm warn tar TAR_ENTRY_ERROR ENOENT: no such file or directory, open '/home/kavia/workspace/code-generation/tictacplus-persistent-fullstack-tic-tac-toe-61826-a614edb6/tic_tac_toe_frontend/node_modules/core-js-pure/internals/numeric-range-iterator.js'
npm warn tar TAR_ENTRY_ERROR ENOENT: no such file or directory, open '/home/kavia/workspace/code-generation/tictacplus-persistent-fullstack-tic-tac-toe-61826-a614edb6/tic_tac_toe_frontend/node_modules/core-js/stable/function/name.js'
npm warn tar TAR_ENTRY_ERROR ENOENT: no such file or directory, open '/home/kavia/workspace/code-generation/tictacplus-persistent-fullstack-tic-tac-toe-61826-a614edb6/tic_tac_toe_frontend/node_modules/core-js-pure/internals/object-assign.js'
npm warn tar TAR_ENTRY_ERROR ENOENT: no such file or directory, open '/home/kavia/workspace/code-generation/tictacplus-persistent-fullstack-tic-tac-toe-61826-a614edb6/tic_tac_toe_frontend/node_modules/core-js/internals/native-raw-json.js'
npm warn tar TAR_ENTRY_ERROR ENOENT: no such file or directory, open '/home/kavia/workspace/code-generation/tictacplus-persistent-fullstack-tic-tac-toe-61826-a614edb6/tic_tac_toe_frontend/node_modules/core-js-pure/internals/object-create.js'
npm warn tar TAR_ENTRY_ERROR ENOENT: no such file or directory, open '/home/kavia/workspace/code-generation/tictacplus-persistent-fullstack-tic-tac-toe-61826-a614edb6/tic_tac_toe_frontend/node_modules/core-js/internals/new-promise-capability.js'
npm warn tar TAR_ENTRY_ERROR ENOENT: no such file or directory, open '/home/kavia/workspace/code-generation/tictacplus-persistent-fullstack-tic-tac-toe-61826-a614edb6/tic_tac_toe_frontend/node_modules/core-js-pure/internals/object-define-properties.js'
npm warn tar TAR_ENTRY_ERROR ENOENT: no such file or directory, open '/home/kavia/workspace/code-generation/tictacplus-persistent-fullstack-tic-tac-toe-61826-a614edb6/tic_tac_toe_frontend/node_modules/core-js/internals/normalize-string-argument.js'
npm warn tar TAR_ENTRY_ERROR ENOENT: no such file or directory, open '/home/kavia/workspace/code-generation/tictacplus-persistent-fullstack-tic-tac-toe-61826-a614edb6/tic_tac_toe_frontend/node_modules/core-js-pure/internals/object-define-property.js'
npm warn tar TAR_ENTRY_ERROR ENOENT: no such file or directory, open '/home/kavia/workspace/code-generation/tictacplus-persistent-fullstack-tic-tac-toe-61826-a614edb6/tic_tac_toe_frontend/node_modules/core-js/internals/not-a-nan.js'
npm warn tar TAR_ENTRY_ERROR ENOENT: no such file or directory, open '/home/kavia/workspace/code-generation/tictacplus-persistent-fullstack-tic-tac-toe-61826-a614edb6/tic_tac_toe_frontend/node_modules/core-js/internals/not-a-regexp.js'
npm warn tar TAR_ENTRY_ERROR ENOENT: no such file or directory, open '/home/kavia/workspace/code-generation/tictacplus-persistent-fullstack-tic-tac-toe-61826-a614edb6/tic_tac_toe_frontend/node_modules/core-js-pure/proposals/object-from-entries.js'
npm warn tar TAR_ENTRY_ERROR ENOENT: no such file or directory, open '/home/kavia/workspace/code-generation/tictacplus-persistent-fullstack-tic-tac-toe-61826-a614edb6/tic_tac_toe_frontend/node_modules/core-js-pure/internals/object-get-own-property-descriptor.js'
npm warn tar TAR_ENTRY_ERROR ENOENT: no such file or directory, open '/home/kavia/workspace/code-generation/tictacplus-persistent-fullstack-tic-tac-toe-61826-a614edb6/tic_tac_toe_frontend/node_modules/core-js-pure/internals/object-get-own-property-names-external.js'
npm warn tar TAR_ENTRY_ERROR ENOENT: no such file or directory, open '/home/kavia/workspace/code-generation/tictacplus-persistent-fullstack-tic-tac-toe-61826-a614edb6/tic_tac_toe_frontend/node_modules/core-js-pure/internals/object-get-own-property-names.js'
npm warn tar TAR_ENTRY_ERROR ENOENT: no such file or directory, open '/home/kavia/workspace/code-generation/tictacplus-persistent-fullstack-tic-tac-toe-61826-a614edb6/tic_tac_toe_frontend/node_modules/core-js-pure/internals/object-get-own-property-symbols.js'
npm warn tar TAR_ENTRY_ERROR ENOENT: no such file or directory, open '/home/kavia/workspace/code-generation/tictacplus-persistent-fullstack-tic-tac-toe-61826-a614edb6/tic_tac_toe_frontend/node_modules/core-js-pure/internals/object-get-prototype-of.js'
npm warn tar TAR_ENTRY_ERROR ENOENT: no such file or directory, open '/home/kavia/workspace/code-generation/tictacplus-persistent-fullstack-tic-tac-toe-61826-a614edb6/tic_tac_toe_frontend/node_modules/core-js/proposals/number-from-string.js'
npm warn tar TAR_ENTRY_ERROR ENOENT: no such file or directory, open '/home/kavia/workspace/code-generation/tictacplus-persistent-fullstack-tic-tac-toe-61826-a614edb6/tic_tac_toe_frontend/node_modules/core-js-pure/proposals/object-getownpropertydescriptors.js'
npm warn tar TAR_ENTRY_ERROR ENOENT: no such file or directory, open '/home/kavia/workspace/code-generation/tictacplus-persistent-fullstack-tic-tac-toe-61826-a614edb6/tic_tac_toe_frontend/node_modules/core-js/internals/number-is-finite.js'
npm warn tar TAR_ENTRY_ERROR ENOENT: no such file or directory, open '/home/kavia/workspace/code-generation/tictacplus-persistent-fullstack-tic-tac-toe-61826-a614edb6/tic_tac_toe_frontend/node_modules/core-js-pure/internals/object-is-extensible.js'
npm warn tar TAR_ENTRY_ERROR ENOENT: no such file or directory, open '/home/kavia/workspace/code-generation/tictacplus-persistent-fullstack-tic-tac-toe-61826-a614edb6/tic_tac_toe_frontend/node_modules/core-js/internals/number-parse-float.js'
npm warn tar TAR_ENTRY_ERROR ENOENT: no such file or directory, open '/home/kavia/workspace/code-generation/tictacplus-persistent-fullstack-tic-tac-toe-61826-a614edb6/tic_tac_toe_frontend/node_modules/core-js-pure/internals/object-is-prototype-of.js'
npm warn tar TAR_ENTRY_ERROR ENOENT: no such file or directory, open '/home/kavia/workspace/code-generation/tictacplus-persistent-fullstack-tic-tac-toe-61826-a614edb6/tic_tac_toe_frontend/node_modules/core-js/internals/number-parse-int.js'
npm warn tar TAR_ENTRY_ERROR ENOENT: no such file or directory, open '/home/kavia/workspace/code-generation/tictacplus-persistent-fullstack-tic-tac-toe-61826-a614edb6/tic_tac_toe_frontend/node_modules/core-js/proposals/number-range.js'
npm warn tar TAR_ENTRY_ERROR ENOENT: no such file or directory, open '/home/kavia/workspace/code-generation/tictacplus-persistent-fullstack-tic-tac-toe-61826-a614edb6/tic_tac_toe_frontend/node_modules/core-js-pure/proposals/object-iteration.js'
npm warn tar TAR_ENTRY_ERROR ENOENT: no such file or directory, open '/home/kavia/workspace/code-generation/tictacplus-persistent-fullstack-tic-tac-toe-61826-a614edb6/tic_tac_toe_frontend/node_modules/core-js-pure/internals/object-iterator.js'
npm warn tar TAR_ENTRY_ERROR ENOENT: no such file or directory, open '/home/kavia/workspace/code-generation/tictacplus-persistent-fullstack-tic-tac-toe-61826-a614edb6/tic_tac_toe_frontend/node_modules/core-js/internals/numeric-range-iterator.js'
npm warn tar TAR_ENTRY_ERROR ENOENT: no such file or directory, open '/home/kavia/workspace/code-generation/tictacplus-persistent-fullstack-tic-tac-toe-61826-a614edb6/tic_tac_toe_frontend/node_modules/core-js-pure/internals/object-keys-internal.js'
npm warn tar TAR_ENTRY_ERROR ENOENT: no such file or directory, open '/home/kavia/workspace/code-generation/tictacplus-persistent-fullstack-tic-tac-toe-61826-a614edb6/tic_tac_toe_frontend/node_modules/core-js/internals/object-assign.js'
npm warn tar TAR_ENTRY_ERROR ENOENT: no such file or directory, open '/home/kavia/workspace/code-generation/tictacplus-persistent-fullstack-tic-tac-toe-61826-a614edb6/tic_tac_toe_frontend/node_modules/core-js/internals/object-create.js'
npm warn tar TAR_ENTRY_ERROR ENOENT: no such file or directory, open '/home/kavia/workspace/code-generation/tictacplus-persistent-fullstack-tic-tac-toe-61826-a614edb6/tic_tac_toe_frontend/node_modules/core-js-pure/internals/object-keys.js'
npm warn tar TAR_ENTRY_ERROR ENOENT: no such file or directory, open '/home/kavia/workspace/code-generation/tictacplus-persistent-fullstack-tic-tac-toe-61826-a614edb6/tic_tac_toe_frontend/node_modules/core-js/internals/object-define-properties.js'
npm warn tar TAR_ENTRY_ERROR ENOENT: no such file or directory, open '/home/kavia/workspace/code-generation/tictacplus-persistent-fullstack-tic-tac-toe-61826-a614edb6/tic_tac_toe_frontend/node_modules/core-js-pure/internals/object-property-is-enumerable.js'
npm warn tar TAR_ENTRY_ERROR ENOENT: no such file or directory, open '/home/kavia/workspace/code-generation/tictacplus-persistent-fullstack-tic-tac-toe-61826-a614edb6/tic_tac_toe_frontend/node_modules/core-js/internals/object-define-property.js'
npm warn tar TAR_ENTRY_ERROR ENOENT: no such file or directory, open '/home/kavia/workspace/code-generation/tictacplus-persistent-fullstack-tic-tac-toe-61826-a614edb6/tic_tac_toe_frontend/node_modules/core-js-pure/internals/object-prototype-accessors-forced.js'
npm warn tar TAR_ENTRY_ERROR ENOENT: no such file or directory, open '/home/kavia/workspace/code-generation/tictacplus-persistent-fullstack-tic-tac-toe-61826-a614edb6/tic_tac_toe_frontend/node_modules/core-js-pure/internals/object-set-prototype-of.js'
npm warn tar TAR_ENTRY_ERROR ENOENT: no such file or directory, open '/home/kavia/workspace/code-generation/tictacplus-persistent-fullstack-tic-tac-toe-61826-a614edb6/tic_tac_toe_frontend/node_modules/core-js/proposals/object-from-entries.js'
npm warn tar TAR_ENTRY_ERROR ENOENT: no such file or directory, open '/home/kavia/workspace/code-generation/tictacplus-persistent-fullstack-tic-tac-toe-61826-a614edb6/tic_tac_toe_frontend/node_modules/core-js-pure/internals/object-to-array.js'
npm warn tar TAR_ENTRY_ERROR ENOENT: no such file or directory, open '/home/kavia/workspace/code-generation/tictacplus-persistent-fullstack-tic-tac-toe-61826-a614edb6/tic_tac_toe_frontend/node_modules/core-js/internals/object-get-own-property-descriptor.js'
npm warn tar TAR_ENTRY_ERROR ENOENT: no such file or directory, open '/home/kavia/workspace/code-generation/tictacplus-persistent-fullstack-tic-tac-toe-61826-a614edb6/tic_tac_toe_frontend/node_modules/core-js-pure/internals/object-to-string.js'
npm warn tar TAR_ENTRY_ERROR ENOENT: no such file or directory, open '/home/kavia/workspace/code-generation/tictacplus-persistent-fullstack-tic-tac-toe-61826-a614edb6/tic_tac_toe_frontend/node_modules/core-js/internals/object-get-own-property-names-external.js'
npm warn tar TAR_ENTRY_ERROR ENOENT: no such file or directory, open '/home/kavia/workspace/code-generation/tictacplus-persistent-fullstack-tic-tac-toe-61826-a614edb6/tic_tac_toe_frontend/node_modules/core-js-pure/proposals/object-values-entries.js'
npm warn tar TAR_ENTRY_ERROR ENOENT: no such file or directory, open '/home/kavia/workspace/code-generation/tictacplus-persistent-fullstack-tic-tac-toe-61826-a614edb6/tic_tac_toe_frontend/node_modules/core-js/internals/object-get-own-property-names.js'
npm warn tar TAR_ENTRY_ERROR ENOENT: no such file or directory, open '/home/kavia/workspace/code-generation/tictacplus-persistent-fullstack-tic-tac-toe-61826-a614edb6/tic_tac_toe_frontend/node_modules/core-js-pure/features/symbol/observable.js'
npm warn tar TAR_ENTRY_ERROR ENOENT: no such file or directory, open '/home/kavia/workspace/code-generation/tictacplus-persistent-fullstack-tic-tac-toe-61826-a614edb6/tic_tac_toe_frontend/node_modules/core-js/internals/object-get-own-property-symbols.js'
npm warn tar TAR_ENTRY_ERROR ENOENT: no such file or directory, open '/home/kavia/workspace/code-generation/tictacplus-persistent-fullstack-tic-tac-toe-61826-a614edb6/tic_tac_toe_frontend/node_modules/core-js-pure/full/symbol/observable.js'
npm warn tar TAR_ENTRY_ERROR ENOENT: no such file or directory, open '/home/kavia/workspace/code-generation/tictacplus-persistent-fullstack-tic-tac-toe-61826-a614edb6/tic_tac_toe_frontend/node_modules/core-js/internals/object-get-prototype-of.js'
npm warn tar TAR_ENTRY_ERROR ENOENT: no such file or directory, open '/home/kavia/workspace/code-generation/tictacplus-persistent-fullstack-tic-tac-toe-61826-a614edb6/tic_tac_toe_frontend/node_modules/core-js-pure/proposals/observable.js'
npm warn tar TAR_ENTRY_ERROR ENOENT: no such file or directory, open '/home/kavia/workspace/code-generation/tictacplus-persistent-fullstack-tic-tac-toe-61826-a614edb6/tic_tac_toe_frontend/node_modules/core-js/proposals/object-getownpropertydescriptors.js'
npm warn tar TAR_ENTRY_ERROR ENOENT: no such file or directory, open '/home/kavia/workspace/code-generation/tictacplus-persistent-fullstack-tic-tac-toe-61826-a614edb6/tic_tac_toe_frontend/node_modules/core-js/internals/object-is-extensible.js'
npm warn tar TAR_ENTRY_ERROR ENOENT: no such file or directory, open '/home/kavia/workspace/code-generation/tictacplus-persistent-fullstack-tic-tac-toe-61826-a614edb6/tic_tac_toe_frontend/node_modules/core-js/internals/object-is-prototype-of.js'
npm warn tar TAR_ENTRY_ERROR ENOENT: no such file or directory, open '/home/kavia/workspace/code-generation/tictacplus-persistent-fullstack-tic-tac-toe-61826-a614edb6/tic_tac_toe_frontend/node_modules/core-js/proposals/object-iteration.js'
npm warn tar TAR_ENTRY_ERROR ENOENT: no such file or directory, open '/home/kavia/workspace/code-generation/tictacplus-persistent-fullstack-tic-tac-toe-61826-a614edb6/tic_tac_toe_frontend/node_modules/core-js/internals/object-iterator.js'
npm warn tar TAR_ENTRY_ERROR ENOENT: no such file or directory, open '/home/kavia/workspace/code-generation/tictacplus-persistent-fullstack-tic-tac-toe-61826-a614edb6/tic_tac_toe_frontend/node_modules/core-js/internals/object-keys-internal.js'
npm warn tar TAR_ENTRY_ERROR ENOENT: no such file or directory, open '/home/kavia/workspace/code-generation/tictacplus-persistent-fullstack-tic-tac-toe-61826-a614edb6/tic_tac_toe_frontend/node_modules/core-js/internals/object-keys.js'
npm warn tar TAR_ENTRY_ERROR ENOENT: no such file or directory, open '/home/kavia/workspace/code-generation/tictacplus-persistent-fullstack-tic-tac-toe-61826-a614edb6/tic_tac_toe_frontend/node_modules/core-js-pure/features/set/of.js'
npm warn tar TAR_ENTRY_ERROR ENOENT: no such file or directory, open '/home/kavia/workspace/code-generation/tictacplus-persistent-fullstack-tic-tac-toe-61826-a614edb6/tic_tac_toe_frontend/node_modules/core-js/internals/object-property-is-enumerable.js'
npm warn tar TAR_ENTRY_ERROR ENOENT: no such file or directory, open '/home/kavia/workspace/code-generation/tictacplus-persistent-fullstack-tic-tac-toe-61826-a614edb6/tic_tac_toe_frontend/node_modules/core-js/internals/object-prototype-accessors-forced.js'
npm warn tar TAR_ENTRY_ERROR ENOENT: no such file or directory, open '/home/kavia/workspace/code-generation/tictacplus-persistent-fullstack-tic-tac-toe-61826-a614edb6/tic_tac_toe_frontend/node_modules/core-js-pure/features/weak-map/of.js'
npm warn tar TAR_ENTRY_ERROR ENOENT: no such file or directory, open '/home/kavia/workspace/code-generation/tictacplus-persistent-fullstack-tic-tac-toe-61826-a614edb6/tic_tac_toe_frontend/node_modules/core-js/internals/object-set-prototype-of.js'
npm warn tar TAR_ENTRY_ERROR ENOENT: no such file or directory, open '/home/kavia/workspace/code-generation/tictacplus-persistent-fullstack-tic-tac-toe-61826-a614edb6/tic_tac_toe_frontend/node_modules/core-js-pure/features/weak-set/of.js'
npm warn tar TAR_ENTRY_ERROR ENOENT: no such file or directory, open '/home/kavia/workspace/code-generation/tictacplus-persistent-fullstack-tic-tac-toe-61826-a614edb6/tic_tac_toe_frontend/node_modules/core-js/internals/object-to-array.js'
npm warn tar TAR_ENTRY_ERROR ENOENT: no such file or directory, open '/home/kavia/workspace/code-generation/tictacplus-persistent-fullstack-tic-tac-toe-61826-a614edb6/tic_tac_toe_frontend/node_modules/core-js/internals/object-to-string.js'
npm warn tar TAR_ENTRY_ERROR ENOENT: no such file or directory, open '/home/kavia/workspace/code-generation/tictacplus-persistent-fullstack-tic-tac-toe-61826-a614edb6/tic_tac_toe_frontend/node_modules/core-js/proposals/object-values-entries.js'
npm warn tar TAR_ENTRY_ERROR ENOENT: no such file or directory, open '/home/kavia/workspace/code-generation/tictacplus-persistent-fullstack-tic-tac-toe-61826-a614edb6/tic_tac_toe_frontend/node_modules/core-js/features/symbol/observable.js'
npm warn tar TAR_ENTRY_ERROR ENOENT: no such file or directory, open '/home/kavia/workspace/code-generation/tictacplus-persistent-fullstack-tic-tac-toe-61826-a614edb6/tic_tac_toe_frontend/node_modules/core-js/full/symbol/observable.js'
npm warn tar TAR_ENTRY_ERROR ENOENT: no such file or directory, open '/home/kavia/workspace/code-generation/tictacplus-persistent-fullstack-tic-tac-toe-61826-a614edb6/tic_tac_toe_frontend/node_modules/core-js-pure/full/weak-map/of.js'
npm warn tar TAR_ENTRY_ERROR ENOENT: no such file or directory, open '/home/kavia/workspace/code-generation/tictacplus-persistent-fullstack-tic-tac-toe-61826-a614edb6/tic_tac_toe_frontend/node_modules/core-js/proposals/observable.js'
npm warn tar TAR_ENTRY_ERROR ENOENT: no such file or directory, open '/home/kavia/workspace/code-generation/tictacplus-persistent-fullstack-tic-tac-toe-61826-a614edb6/tic_tac_toe_frontend/node_modules/core-js-pure/full/weak-set/of.js'
npm warn tar TAR_ENTRY_ERROR ENOENT: no such file or directory, open '/home/kavia/workspace/code-generation/tictacplus-persistent-fullstack-tic-tac-toe-61826-a614edb6/tic_tac_toe_frontend/node_modules/core-js-pure/internals/ordinary-to-primitive.js'
npm warn tar TAR_ENTRY_ERROR ENOENT: no such file or directory, open '/home/kavia/workspace/code-generation/tictacplus-persistent-fullstack-tic-tac-toe-61826-a614edb6/tic_tac_toe_frontend/node_modules/core-js-pure/actual/reflect/own-keys.js'
npm warn tar TAR_ENTRY_ERROR ENOENT: no such file or directory, open '/home/kavia/workspace/code-generation/tictacplus-persistent-fullstack-tic-tac-toe-61826-a614edb6/tic_tac_toe_frontend/node_modules/core-js-pure/es/reflect/own-keys.js'
npm warn tar TAR_ENTRY_ERROR ENOENT: no such file or directory, open '/home/kavia/workspace/code-generation/tictacplus-persistent-fullstack-tic-tac-toe-61826-a614edb6/tic_tac_toe_frontend/node_modules/core-js-pure/features/reflect/own-keys.js'
npm warn tar TAR_ENTRY_ERROR ENOENT: no such file or directory, open '/home/kavia/workspace/code-generation/tictacplus-persistent-fullstack-tic-tac-toe-61826-a614edb6/tic_tac_toe_frontend/node_modules/core-js/features/set/of.js'
npm warn tar TAR_ENTRY_ERROR ENOENT: no such file or directory, open '/home/kavia/workspace/code-generation/tictacplus-persistent-fullstack-tic-tac-toe-61826-a614edb6/tic_tac_toe_frontend/node_modules/core-js-pure/full/reflect/own-keys.js'
npm warn tar TAR_ENTRY_ERROR ENOENT: no such file or directory, open '/home/kavia/workspace/code-generation/tictacplus-persistent-fullstack-tic-tac-toe-61826-a614edb6/tic_tac_toe_frontend/node_modules/core-js-pure/internals/own-keys.js'
npm warn tar TAR_ENTRY_ERROR ENOENT: no such file or directory, open '/home/kavia/workspace/code-generation/tictacplus-persistent-fullstack-tic-tac-toe-61826-a614edb6/tic_tac_toe_frontend/node_modules/core-js/features/weak-map/of.js'
npm warn tar TAR_ENTRY_ERROR ENOENT: no such file or directory, open '/home/kavia/workspace/code-generation/tictacplus-persistent-fullstack-tic-tac-toe-61826-a614edb6/tic_tac_toe_frontend/node_modules/core-js-pure/stable/reflect/own-keys.js'
npm warn tar TAR_ENTRY_ERROR ENOENT: no such file or directory, open '/home/kavia/workspace/code-generation/tictacplus-persistent-fullstack-tic-tac-toe-61826-a614edb6/tic_tac_toe_frontend/node_modules/core-js/features/weak-set/of.js'
npm warn tar TAR_ENTRY_ERROR ENOENT: no such file or directory, open '/home/kavia/workspace/code-generation/tictacplus-persistent-fullstack-tic-tac-toe-61826-a614edb6/tic_tac_toe_frontend/node_modules/core-js/full/weak-map/of.js'
npm warn tar TAR_ENTRY_ERROR ENOENT: no such file or directory, open '/home/kavia/workspace/code-generation/tictacplus-persistent-fullstack-tic-tac-toe-61826-a614edb6/tic_tac_toe_frontend/node_modules/core-js/full/weak-set/of.js'
npm warn tar TAR_ENTRY_ERROR ENOENT: no such file or directory, open '/home/kavia/workspace/code-generation/tictacplus-persistent-fullstack-tic-tac-toe-61826-a614edb6/tic_tac_toe_frontend/node_modules/core-js/internals/ordinary-to-primitive.js'
npm warn tar TAR_ENTRY_ERROR ENOENT: no such file or directory, open '/home/kavia/workspace/code-generation/tictacplus-persistent-fullstack-tic-tac-toe-61826-a614edb6/tic_tac_toe_frontend/node_modules/core-js/actual/reflect/own-keys.js'
npm warn tar TAR_ENTRY_ERROR ENOENT: no such file or directory, open '/home/kavia/workspace/code-generation/tictacplus-persistent-fullstack-tic-tac-toe-61826-a614edb6/tic_tac_toe_frontend/node_modules/core-js/es/reflect/own-keys.js'
npm warn tar TAR_ENTRY_ERROR ENOENT: no such file or directory, open '/home/kavia/workspace/code-generation/tictacplus-persistent-fullstack-tic-tac-toe-61826-a614edb6/tic_tac_toe_frontend/node_modules/core-js/features/reflect/own-keys.js'
npm warn tar TAR_ENTRY_ERROR ENOENT: no such file or directory, open '/home/kavia/workspace/code-generation/tictacplus-persistent-fullstack-tic-tac-toe-61826-a614edb6/tic_tac_toe_frontend/node_modules/core-js/full/reflect/own-keys.js'
npm warn tar TAR_ENTRY_ERROR ENOENT: no such file or directory, open '/home/kavia/workspace/code-generation/tictacplus-persistent-fullstack-tic-tac-toe-61826-a614edb6/tic_tac_toe_frontend/node_modules/core-js/internals/own-keys.js'
npm warn tar TAR_ENTRY_ERROR ENOENT: no such file or directory, open '/home/kavia/workspace/code-generation/tictacplus-persistent-fullstack-tic-tac-toe-61826-a614edb6/tic_tac_toe_frontend/node_modules/core-js/stable/reflect/own-keys.js'
npm warn tar TAR_ENTRY_ERROR ENOENT: no such file or directory, open '/home/kavia/workspace/code-generation/tictacplus-persistent-fullstack-tic-tac-toe-61826-a614edb6/tic_tac_toe_frontend/node_modules/core-js-pure/actual/number/parse-float.js'
npm warn tar TAR_ENTRY_ERROR ENOENT: no such file or directory, open '/home/kavia/workspace/code-generation/tictacplus-persistent-fullstack-tic-tac-toe-61826-a614edb6/tic_tac_toe_frontend/node_modules/core-js-pure/es/number/parse-float.js'
npm warn tar TAR_ENTRY_ERROR ENOENT: no such file or directory, open '/home/kavia/workspace/code-generation/tictacplus-persistent-fullstack-tic-tac-toe-61826-a614edb6/tic_tac_toe_frontend/node_modules/core-js-pure/features/number/parse-float.js'
npm warn tar TAR_ENTRY_ERROR ENOENT: no such file or directory, open '/home/kavia/workspace/code-generation/tictacplus-persistent-fullstack-tic-tac-toe-61826-a614edb6/tic_tac_toe_frontend/node_modules/core-js-pure/full/number/parse-float.js'
npm warn tar TAR_ENTRY_ERROR ENOENT: no such file or directory, open '/home/kavia/workspace/code-generation/tictacplus-persistent-fullstack-tic-tac-toe-61826-a614edb6/tic_tac_toe_frontend/node_modules/core-js-pure/stable/number/parse-float.js'
npm warn tar TAR_ENTRY_ERROR ENOENT: no such file or directory, open '/home/kavia/workspace/code-generation/tictacplus-persistent-fullstack-tic-tac-toe-61826-a614edb6/tic_tac_toe_frontend/node_modules/core-js-pure/actual/number/parse-int.js'
npm warn tar TAR_ENTRY_ERROR ENOENT: no such file or directory, open '/home/kavia/workspace/code-generation/tictacplus-persistent-fullstack-tic-tac-toe-61826-a614edb6/tic_tac_toe_frontend/node_modules/core-js-pure/es/number/parse-int.js'
npm warn tar TAR_ENTRY_ERROR ENOENT: no such file or directory, open '/home/kavia/workspace/code-generation/tictacplus-persistent-fullstack-tic-tac-toe-61826-a614edb6/tic_tac_toe_frontend/node_modules/core-js-pure/features/number/parse-int.js'
npm warn tar TAR_ENTRY_ERROR ENOENT: no such file or directory, open '/home/kavia/workspace/code-generation/tictacplus-persistent-fullstack-tic-tac-toe-61826-a614edb6/tic_tac_toe_frontend/node_modules/core-js/actual/number/parse-float.js'
npm warn tar TAR_ENTRY_ERROR ENOENT: no such file or directory, open '/home/kavia/workspace/code-generation/tictacplus-persistent-fullstack-tic-tac-toe-61826-a614edb6/tic_tac_toe_frontend/node_modules/core-js-pure/full/number/parse-int.js'
npm warn tar TAR_ENTRY_ERROR ENOENT: no such file or directory, open '/home/kavia/workspace/code-generation/tictacplus-persistent-fullstack-tic-tac-toe-61826-a614edb6/tic_tac_toe_frontend/node_modules/core-js/es/number/parse-float.js'
npm warn tar TAR_ENTRY_ERROR ENOENT: no such file or directory, open '/home/kavia/workspace/code-generation/tictacplus-persistent-fullstack-tic-tac-toe-61826-a614edb6/tic_tac_toe_frontend/node_modules/core-js-pure/stable/number/parse-int.js'
npm warn tar TAR_ENTRY_ERROR ENOENT: no such file or directory, open '/home/kavia/workspace/code-generation/tictacplus-persistent-fullstack-tic-tac-toe-61826-a614edb6/tic_tac_toe_frontend/node_modules/core-js/features/number/parse-float.js'
npm warn tar TAR_ENTRY_ERROR ENOENT: no such file or directory, open '/home/kavia/workspace/code-generation/tictacplus-persistent-fullstack-tic-tac-toe-61826-a614edb6/tic_tac_toe_frontend/node_modules/core-js-pure/internals/parse-json-string.js'
npm warn tar TAR_ENTRY_ERROR ENOENT: no such file or directory, open '/home/kavia/workspace/code-generation/tictacplus-persistent-fullstack-tic-tac-toe-61826-a614edb6/tic_tac_toe_frontend/node_modules/core-js/full/number/parse-float.js'
npm warn tar TAR_ENTRY_ERROR ENOENT: no such file or directory, open '/home/kavia/workspace/code-generation/tictacplus-persistent-fullstack-tic-tac-toe-61826-a614edb6/tic_tac_toe_frontend/node_modules/core-js-pure/actual/url/parse.js'
npm warn tar TAR_ENTRY_ERROR ENOENT: no such file or directory, open '/home/kavia/workspace/code-generation/tictacplus-persistent-fullstack-tic-tac-toe-61826-a614edb6/tic_tac_toe_frontend/node_modules/core-js/stable/number/parse-float.js'
npm warn tar TAR_ENTRY_ERROR ENOENT: no such file or directory, open '/home/kavia/workspace/code-generation/tictacplus-persistent-fullstack-tic-tac-toe-61826-a614edb6/tic_tac_toe_frontend/node_modules/core-js-pure/features/url/parse.js'
npm warn tar TAR_ENTRY_ERROR ENOENT: no such file or directory, open '/home/kavia/workspace/code-generation/tictacplus-persistent-fullstack-tic-tac-toe-61826-a614edb6/tic_tac_toe_frontend/node_modules/core-js/actual/number/parse-int.js'
npm warn tar TAR_ENTRY_ERROR ENOENT: no such file or directory, open '/home/kavia/workspace/code-generation/tictacplus-persistent-fullstack-tic-tac-toe-61826-a614edb6/tic_tac_toe_frontend/node_modules/core-js-pure/full/url/parse.js'
npm warn tar TAR_ENTRY_ERROR ENOENT: no such file or directory, open '/home/kavia/workspace/code-generation/tictacplus-persistent-fullstack-tic-tac-toe-61826-a614edb6/tic_tac_toe_frontend/node_modules/core-js-pure/stable/url/parse.js'
npm warn tar TAR_ENTRY_ERROR ENOENT: no such file or directory, open '/home/kavia/workspace/code-generation/tictacplus-persistent-fullstack-tic-tac-toe-61826-a614edb6/tic_tac_toe_frontend/node_modules/core-js/es/number/parse-int.js'
npm warn tar TAR_ENTRY_ERROR ENOENT: no such file or directory, open '/home/kavia/workspace/code-generation/tictacplus-persistent-fullstack-tic-tac-toe-61826-a614edb6/tic_tac_toe_frontend/node_modules/core-js-pure/internals/path.js'
npm warn tar TAR_ENTRY_ERROR ENOENT: no such file or directory, open '/home/kavia/workspace/code-generation/tictacplus-persistent-fullstack-tic-tac-toe-61826-a614edb6/tic_tac_toe_frontend/node_modules/core-js-pure/features/symbol/pattern-match.js'
npm warn tar TAR_ENTRY_ERROR ENOENT: no such file or directory, open '/home/kavia/workspace/code-generation/tictacplus-persistent-fullstack-tic-tac-toe-61826-a614edb6/tic_tac_toe_frontend/node_modules/core-js/features/number/parse-int.js'
npm warn tar TAR_ENTRY_ERROR ENOENT: no such file or directory, open '/home/kavia/workspace/code-generation/tictacplus-persistent-fullstack-tic-tac-toe-61826-a614edb6/tic_tac_toe_frontend/node_modules/core-js-pure/full/symbol/pattern-match.js'
npm warn tar TAR_ENTRY_ERROR ENOENT: no such file or directory, open '/home/kavia/workspace/code-generation/tictacplus-persistent-fullstack-tic-tac-toe-61826-a614edb6/tic_tac_toe_frontend/node_modules/core-js-pure/proposals/pattern-matching-v2.js'
npm warn tar TAR_ENTRY_ERROR ENOENT: no such file or directory, open '/home/kavia/workspace/code-generation/tictacplus-persistent-fullstack-tic-tac-toe-61826-a614edb6/tic_tac_toe_frontend/node_modules/core-js/full/number/parse-int.js'
npm warn tar TAR_ENTRY_ERROR ENOENT: no such file or directory, open '/home/kavia/workspace/code-generation/tictacplus-persistent-fullstack-tic-tac-toe-61826-a614edb6/tic_tac_toe_frontend/node_modules/core-js-pure/proposals/pattern-matching.js'
npm warn tar TAR_ENTRY_ERROR ENOENT: no such file or directory, open '/home/kavia/workspace/code-generation/tictacplus-persistent-fullstack-tic-tac-toe-61826-a614edb6/tic_tac_toe_frontend/node_modules/core-js-pure/internals/perform.js'
npm warn tar TAR_ENTRY_ERROR ENOENT: no such file or directory, open '/home/kavia/workspace/code-generation/tictacplus-persistent-fullstack-tic-tac-toe-61826-a614edb6/tic_tac_toe_frontend/node_modules/core-js/stable/number/parse-int.js'
npm warn tar TAR_ENTRY_ERROR ENOENT: no such file or directory, open '/home/kavia/workspace/code-generation/tictacplus-persistent-fullstack-tic-tac-toe-61826-a614edb6/tic_tac_toe_frontend/node_modules/core-js-pure/stage/pre.js'
npm warn tar TAR_ENTRY_ERROR ENOENT: no such file or directory, open '/home/kavia/workspace/code-generation/tictacplus-persistent-fullstack-tic-tac-toe-61826-a614edb6/tic_tac_toe_frontend/node_modules/core-js/internals/parse-json-string.js'
npm warn tar TAR_ENTRY_ERROR ENOENT: no such file or directory, open '/home/kavia/workspace/code-generation/tictacplus-persistent-fullstack-tic-tac-toe-61826-a614edb6/tic_tac_toe_frontend/node_modules/core-js-pure/actual/object/prevent-extensions.js'
npm warn tar TAR_ENTRY_ERROR ENOENT: no such file or directory, open '/home/kavia/workspace/code-generation/tictacplus-persistent-fullstack-tic-tac-toe-61826-a614edb6/tic_tac_toe_frontend/node_modules/core-js-pure/actual/reflect/prevent-extensions.js'
npm warn tar TAR_ENTRY_ERROR ENOENT: no such file or directory, open '/home/kavia/workspace/code-generation/tictacplus-persistent-fullstack-tic-tac-toe-61826-a614edb6/tic_tac_toe_frontend/node_modules/core-js/actual/url/parse.js'
npm warn tar TAR_ENTRY_ERROR ENOENT: no such file or directory, open '/home/kavia/workspace/code-generation/tictacplus-persistent-fullstack-tic-tac-toe-61826-a614edb6/tic_tac_toe_frontend/node_modules/core-js-pure/es/object/prevent-extensions.js'
npm warn tar TAR_ENTRY_ERROR ENOENT: no such file or directory, open '/home/kavia/workspace/code-generation/tictacplus-persistent-fullstack-tic-tac-toe-61826-a614edb6/tic_tac_toe_frontend/node_modules/core-js-pure/es/reflect/prevent-extensions.js'
npm warn tar TAR_ENTRY_ERROR ENOENT: no such file or directory, open '/home/kavia/workspace/code-generation/tictacplus-persistent-fullstack-tic-tac-toe-61826-a614edb6/tic_tac_toe_frontend/node_modules/core-js/features/url/parse.js'
npm warn tar TAR_ENTRY_ERROR ENOENT: no such file or directory, open '/home/kavia/workspace/code-generation/tictacplus-persistent-fullstack-tic-tac-toe-61826-a614edb6/tic_tac_toe_frontend/node_modules/core-js-pure/features/object/prevent-extensions.js'
npm warn tar TAR_ENTRY_ERROR ENOENT: no such file or directory, open '/home/kavia/workspace/code-generation/tictacplus-persistent-fullstack-tic-tac-toe-61826-a614edb6/tic_tac_toe_frontend/node_modules/core-js-pure/features/reflect/prevent-extensions.js'
npm warn tar TAR_ENTRY_ERROR ENOENT: no such file or directory, open '/home/kavia/workspace/code-generation/tictacplus-persistent-fullstack-tic-tac-toe-61826-a614edb6/tic_tac_toe_frontend/node_modules/core-js/full/url/parse.js'
npm warn tar TAR_ENTRY_ERROR ENOENT: no such file or directory, open '/home/kavia/workspace/code-generation/tictacplus-persistent-fullstack-tic-tac-toe-61826-a614edb6/tic_tac_toe_frontend/node_modules/core-js-pure/full/object/prevent-extensions.js'
npm warn tar TAR_ENTRY_ERROR ENOENT: no such file or directory, open '/home/kavia/workspace/code-generation/tictacplus-persistent-fullstack-tic-tac-toe-61826-a614edb6/tic_tac_toe_frontend/node_modules/core-js/stable/url/parse.js'
npm warn tar TAR_ENTRY_ERROR ENOENT: no such file or directory, open '/home/kavia/workspace/code-generation/tictacplus-persistent-fullstack-tic-tac-toe-61826-a614edb6/tic_tac_toe_frontend/node_modules/core-js-pure/full/reflect/prevent-extensions.js'
npm warn tar TAR_ENTRY_ERROR ENOENT: no such file or directory, open '/home/kavia/workspace/code-generation/tictacplus-persistent-fullstack-tic-tac-toe-61826-a614edb6/tic_tac_toe_frontend/node_modules/core-js/internals/path.js'
npm warn tar TAR_ENTRY_ERROR ENOENT: no such file or directory, open '/home/kavia/workspace/code-generation/tictacplus-persistent-fullstack-tic-tac-toe-61826-a614edb6/tic_tac_toe_frontend/node_modules/core-js-pure/stable/object/prevent-extensions.js'
npm warn tar TAR_ENTRY_ERROR ENOENT: no such file or directory, open '/home/kavia/workspace/code-generation/tictacplus-persistent-fullstack-tic-tac-toe-61826-a614edb6/tic_tac_toe_frontend/node_modules/core-js/features/symbol/pattern-match.js'
npm warn tar TAR_ENTRY_ERROR ENOENT: no such file or directory, open '/home/kavia/workspace/code-generation/tictacplus-persistent-fullstack-tic-tac-toe-61826-a614edb6/tic_tac_toe_frontend/node_modules/core-js-pure/stable/reflect/prevent-extensions.js'
npm warn tar TAR_ENTRY_ERROR ENOENT: no such file or directory, open '/home/kavia/workspace/code-generation/tictacplus-persistent-fullstack-tic-tac-toe-61826-a614edb6/tic_tac_toe_frontend/node_modules/core-js/full/symbol/pattern-match.js'
npm warn tar TAR_ENTRY_ERROR ENOENT: no such file or directory, open '/home/kavia/workspace/code-generation/tictacplus-persistent-fullstack-tic-tac-toe-61826-a614edb6/tic_tac_toe_frontend/node_modules/core-js-pure/proposals/promise-all-settled.js'
npm warn tar TAR_ENTRY_ERROR ENOENT: no such file or directory, open '/home/kavia/workspace/code-generation/tictacplus-persistent-fullstack-tic-tac-toe-61826-a614edb6/tic_tac_toe_frontend/node_modules/core-js/proposals/pattern-matching-v2.js'
npm warn tar TAR_ENTRY_ERROR ENOENT: no such file or directory, open '/home/kavia/workspace/code-generation/tictacplus-persistent-fullstack-tic-tac-toe-61826-a614edb6/tic_tac_toe_frontend/node_modules/core-js-pure/proposals/promise-any.js'
npm warn tar TAR_ENTRY_ERROR ENOENT: no such file or directory, open '/home/kavia/workspace/code-generation/tictacplus-persistent-fullstack-tic-tac-toe-61826-a614edb6/tic_tac_toe_frontend/node_modules/core-js/proposals/pattern-matching.js'
npm warn tar TAR_ENTRY_ERROR ENOENT: no such file or directory, open '/home/kavia/workspace/code-generation/tictacplus-persistent-fullstack-tic-tac-toe-61826-a614edb6/tic_tac_toe_frontend/node_modules/core-js-pure/internals/promise-constructor-detection.js'
npm warn tar TAR_ENTRY_ERROR ENOENT: no such file or directory, open '/home/kavia/workspace/code-generation/tictacplus-persistent-fullstack-tic-tac-toe-61826-a614edb6/tic_tac_toe_frontend/node_modules/core-js/internals/perform.js'
npm warn tar TAR_ENTRY_ERROR ENOENT: no such file or directory, open '/home/kavia/workspace/code-generation/tictacplus-persistent-fullstack-tic-tac-toe-61826-a614edb6/tic_tac_toe_frontend/node_modules/core-js-pure/proposals/promise-finally.js'
npm warn tar TAR_ENTRY_ERROR ENOENT: no such file or directory, open '/home/kavia/workspace/code-generation/tictacplus-persistent-fullstack-tic-tac-toe-61826-a614edb6/tic_tac_toe_frontend/node_modules/core-js-pure/internals/promise-native-constructor.js'
npm warn tar TAR_ENTRY_ERROR ENOENT: no such file or directory, open '/home/kavia/workspace/code-generation/tictacplus-persistent-fullstack-tic-tac-toe-61826-a614edb6/tic_tac_toe_frontend/node_modules/core-js/stage/pre.js'
npm warn tar TAR_ENTRY_ERROR ENOENT: no such file or directory, open '/home/kavia/workspace/code-generation/tictacplus-persistent-fullstack-tic-tac-toe-61826-a614edb6/tic_tac_toe_frontend/node_modules/core-js-pure/internals/promise-resolve.js'
npm warn tar TAR_ENTRY_ERROR ENOENT: no such file or directory, open '/home/kavia/workspace/code-generation/tictacplus-persistent-fullstack-tic-tac-toe-61826-a614edb6/tic_tac_toe_frontend/node_modules/core-js/actual/object/prevent-extensions.js'
npm warn tar TAR_ENTRY_ERROR ENOENT: no such file or directory, open '/home/kavia/workspace/code-generation/tictacplus-persistent-fullstack-tic-tac-toe-61826-a614edb6/tic_tac_toe_frontend/node_modules/core-js-pure/internals/promise-statics-incorrect-iteration.js'
npm warn tar TAR_ENTRY_ERROR ENOENT: no such file or directory, open '/home/kavia/workspace/code-generation/tictacplus-persistent-fullstack-tic-tac-toe-61826-a614edb6/tic_tac_toe_frontend/node_modules/core-js/actual/reflect/prevent-extensions.js'
npm warn tar TAR_ENTRY_ERROR ENOENT: no such file or directory, open '/home/kavia/workspace/code-generation/tictacplus-persistent-fullstack-tic-tac-toe-61826-a614edb6/tic_tac_toe_frontend/node_modules/core-js-pure/proposals/promise-try.js'
npm warn tar TAR_ENTRY_ERROR ENOENT: no such file or directory, open '/home/kavia/workspace/code-generation/tictacplus-persistent-fullstack-tic-tac-toe-61826-a614edb6/tic_tac_toe_frontend/node_modules/core-js/es/object/prevent-extensions.js'
npm warn tar TAR_ENTRY_ERROR ENOENT: no such file or directory, open '/home/kavia/workspace/code-generation/tictacplus-persistent-fullstack-tic-tac-toe-61826-a614edb6/tic_tac_toe_frontend/node_modules/core-js-pure/proposals/promise-with-resolvers.js'
npm warn tar TAR_ENTRY_ERROR ENOENT: no such file or directory, open '/home/kavia/workspace/code-generation/tictacplus-persistent-fullstack-tic-tac-toe-61826-a614edb6/tic_tac_toe_frontend/node_modules/core-js/es/reflect/prevent-extensions.js'
npm warn tar TAR_ENTRY_ERROR ENOENT: no such file or directory, open '/home/kavia/workspace/code-generation/tictacplus-persistent-fullstack-tic-tac-toe-61826-a614edb6/tic_tac_toe_frontend/node_modules/core-js-pure/actual/object/proto.js'
npm warn tar TAR_ENTRY_ERROR ENOENT: no such file or directory, open '/home/kavia/workspace/code-generation/tictacplus-persistent-fullstack-tic-tac-toe-61826-a614edb6/tic_tac_toe_frontend/node_modules/core-js/features/object/prevent-extensions.js'
npm warn tar TAR_ENTRY_ERROR ENOENT: no such file or directory, open '/home/kavia/workspace/code-generation/tictacplus-persistent-fullstack-tic-tac-toe-61826-a614edb6/tic_tac_toe_frontend/node_modules/core-js-pure/es/object/proto.js'
npm warn tar TAR_ENTRY_ERROR ENOENT: no such file or directory, open '/home/kavia/workspace/code-generation/tictacplus-persistent-fullstack-tic-tac-toe-61826-a614edb6/tic_tac_toe_frontend/node_modules/core-js/features/reflect/prevent-extensions.js'
npm warn tar TAR_ENTRY_ERROR ENOENT: no such file or directory, open '/home/kavia/workspace/code-generation/tictacplus-persistent-fullstack-tic-tac-toe-61826-a614edb6/tic_tac_toe_frontend/node_modules/core-js-pure/features/object/proto.js'
npm warn tar TAR_ENTRY_ERROR ENOENT: no such file or directory, open '/home/kavia/workspace/code-generation/tictacplus-persistent-fullstack-tic-tac-toe-61826-a614edb6/tic_tac_toe_frontend/node_modules/core-js/full/object/prevent-extensions.js'
npm warn tar TAR_ENTRY_ERROR ENOENT: no such file or directory, open '/home/kavia/workspace/code-generation/tictacplus-persistent-fullstack-tic-tac-toe-61826-a614edb6/tic_tac_toe_frontend/node_modules/core-js-pure/full/object/proto.js'
npm warn tar TAR_ENTRY_ERROR ENOENT: no such file or directory, open '/home/kavia/workspace/code-generation/tictacplus-persistent-fullstack-tic-tac-toe-61826-a614edb6/tic_tac_toe_frontend/node_modules/core-js/full/reflect/prevent-extensions.js'
npm warn tar TAR_ENTRY_ERROR ENOENT: no such file or directory, open '/home/kavia/workspace/code-generation/tictacplus-persistent-fullstack-tic-tac-toe-61826-a614edb6/tic_tac_toe_frontend/node_modules/core-js-pure/stable/object/proto.js'
npm warn tar TAR_ENTRY_ERROR ENOENT: no such file or directory, open '/home/kavia/workspace/code-generation/tictacplus-persistent-fullstack-tic-tac-toe-61826-a614edb6/tic_tac_toe_frontend/node_modules/core-js/stable/object/prevent-extensions.js'
npm warn tar TAR_ENTRY_ERROR ENOENT: no such file or directory, open '/home/kavia/workspace/code-generation/tictacplus-persistent-fullstack-tic-tac-toe-61826-a614edb6/tic_tac_toe_frontend/node_modules/core-js-pure/internals/proxy-accessor.js'
npm warn tar TAR_ENTRY_ERROR ENOENT: no such file or directory, open '/home/kavia/workspace/code-generation/tictacplus-persistent-fullstack-tic-tac-toe-61826-a614edb6/tic_tac_toe_frontend/node_modules/core-js/stable/reflect/prevent-extensions.js'
npm warn tar TAR_ENTRY_ERROR ENOENT: no such file or directory, open '/home/kavia/workspace/code-generation/tictacplus-persistent-fullstack-tic-tac-toe-61826-a614edb6/tic_tac_toe_frontend/node_modules/core-js/proposals/promise-all-settled.js'
npm warn tar TAR_ENTRY_ERROR ENOENT: no such file or directory, open '/home/kavia/workspace/code-generation/tictacplus-persistent-fullstack-tic-tac-toe-61826-a614edb6/tic_tac_toe_frontend/node_modules/core-js/proposals/promise-any.js'
npm warn tar TAR_ENTRY_ERROR ENOENT: no such file or directory, open '/home/kavia/workspace/code-generation/tictacplus-persistent-fullstack-tic-tac-toe-61826-a614edb6/tic_tac_toe_frontend/node_modules/core-js/internals/promise-constructor-detection.js'
npm warn tar TAR_ENTRY_ERROR ENOENT: no such file or directory, open '/home/kavia/workspace/code-generation/tictacplus-persistent-fullstack-tic-tac-toe-61826-a614edb6/tic_tac_toe_frontend/node_modules/core-js/proposals/promise-finally.js'
npm warn tar TAR_ENTRY_ERROR ENOENT: no such file or directory, open '/home/kavia/workspace/code-generation/tictacplus-persistent-fullstack-tic-tac-toe-61826-a614edb6/tic_tac_toe_frontend/node_modules/core-js/internals/promise-native-constructor.js'
npm warn tar TAR_ENTRY_ERROR ENOENT: no such file or directory, open '/home/kavia/workspace/code-generation/tictacplus-persistent-fullstack-tic-tac-toe-61826-a614edb6/tic_tac_toe_frontend/node_modules/core-js/internals/promise-resolve.js'
npm warn tar TAR_ENTRY_ERROR ENOENT: no such file or directory, open '/home/kavia/workspace/code-generation/tictacplus-persistent-fullstack-tic-tac-toe-61826-a614edb6/tic_tac_toe_frontend/node_modules/core-js/internals/promise-statics-incorrect-iteration.js'
npm warn tar TAR_ENTRY_ERROR ENOENT: no such file or directory, open '/home/kavia/workspace/code-generation/tictacplus-persistent-fullstack-tic-tac-toe-61826-a614edb6/tic_tac_toe_frontend/node_modules/core-js/proposals/promise-try.js'
npm warn tar TAR_ENTRY_ERROR ENOENT: no such file or directory, open '/home/kavia/workspace/code-generation/tictacplus-persistent-fullstack-tic-tac-toe-61826-a614edb6/tic_tac_toe_frontend/node_modules/core-js/proposals/promise-with-resolvers.js'
npm warn tar TAR_ENTRY_ERROR ENOENT: no such file or directory, open '/home/kavia/workspace/code-generation/tictacplus-persistent-fullstack-tic-tac-toe-61826-a614edb6/tic_tac_toe_frontend/node_modules/core-js/actual/object/proto.js'
npm warn tar TAR_ENTRY_ERROR ENOENT: no such file or directory, open '/home/kavia/workspace/code-generation/tictacplus-persistent-fullstack-tic-tac-toe-61826-a614edb6/tic_tac_toe_frontend/node_modules/core-js/es/object/proto.js'
npm warn tar TAR_ENTRY_ERROR ENOENT: no such file or directory, open '/home/kavia/workspace/code-generation/tictacplus-persistent-fullstack-tic-tac-toe-61826-a614edb6/tic_tac_toe_frontend/node_modules/core-js/features/object/proto.js'
npm warn tar TAR_ENTRY_ERROR ENOENT: no such file or directory, open '/home/kavia/workspace/code-generation/tictacplus-persistent-fullstack-tic-tac-toe-61826-a614edb6/tic_tac_toe_frontend/node_modules/core-js/full/object/proto.js'
npm warn tar TAR_ENTRY_ERROR ENOENT: no such file or directory, open '/home/kavia/workspace/code-generation/tictacplus-persistent-fullstack-tic-tac-toe-61826-a614edb6/tic_tac_toe_frontend/node_modules/core-js/stable/object/proto.js'
npm warn tar TAR_ENTRY_ERROR ENOENT: no such file or directory, open '/home/kavia/workspace/code-generation/tictacplus-persistent-fullstack-tic-tac-toe-61826-a614edb6/tic_tac_toe_frontend/node_modules/core-js/internals/proxy-accessor.js'
npm warn tar TAR_ENTRY_ERROR ENOENT: no such file or directory, open '/home/kavia/workspace/code-generation/tictacplus-persistent-fullstack-tic-tac-toe-61826-a614edb6/tic_tac_toe_frontend/node_modules/core-js-pure/web/queue-microtask.js'
npm warn tar TAR_ENTRY_ERROR ENOENT: no such file or directory, open '/home/kavia/workspace/code-generation/tictacplus-persistent-fullstack-tic-tac-toe-61826-a614edb6/tic_tac_toe_frontend/node_modules/core-js-pure/internals/queue.js'
npm warn tar TAR_ENTRY_ERROR ENOENT: no such file or directory, open '/home/kavia/workspace/code-generation/tictacplus-persistent-fullstack-tic-tac-toe-61826-a614edb6/tic_tac_toe_frontend/node_modules/core-js-pure/features/math/rad-per-deg.js'
npm warn tar TAR_ENTRY_ERROR ENOENT: no such file or directory, open '/home/kavia/workspace/code-generation/tictacplus-persistent-fullstack-tic-tac-toe-61826-a614edb6/tic_tac_toe_frontend/node_modules/core-js-pure/full/math/rad-per-deg.js'
npm warn tar TAR_ENTRY_ERROR ENOENT: no such file or directory, open '/home/kavia/workspace/code-generation/tictacplus-persistent-fullstack-tic-tac-toe-61826-a614edb6/tic_tac_toe_frontend/node_modules/core-js-pure/features/math/radians.js'
npm warn tar TAR_ENTRY_ERROR ENOENT: no such file or directory, open '/home/kavia/workspace/code-generation/tictacplus-persistent-fullstack-tic-tac-toe-61826-a614edb6/tic_tac_toe_frontend/node_modules/core-js-pure/full/math/radians.js'
npm warn tar TAR_ENTRY_ERROR ENOENT: no such file or directory, open '/home/kavia/workspace/code-generation/tictacplus-persistent-fullstack-tic-tac-toe-61826-a614edb6/tic_tac_toe_frontend/node_modules/core-js-pure/features/number/range.js'
npm warn tar TAR_ENTRY_ERROR ENOENT: no such file or directory, open '/home/kavia/workspace/code-generation/tictacplus-persistent-fullstack-tic-tac-toe-61826-a614edb6/tic_tac_toe_frontend/node_modules/core-js-pure/full/number/range.js'
npm warn tar TAR_ENTRY_ERROR ENOENT: no such file or directory, open '/home/kavia/workspace/code-generation/tictacplus-persistent-fullstack-tic-tac-toe-61826-a614edb6/tic_tac_toe_frontend/node_modules/core-js/web/queue-microtask.js'
npm warn tar TAR_ENTRY_ERROR ENOENT: no such file or directory, open '/home/kavia/workspace/code-generation/tictacplus-persistent-fullstack-tic-tac-toe-61826-a614edb6/tic_tac_toe_frontend/node_modules/core-js/internals/queue.js'
npm warn tar TAR_ENTRY_ERROR ENOENT: no such file or directory, open '/home/kavia/workspace/code-generation/tictacplus-persistent-fullstack-tic-tac-toe-61826-a614edb6/tic_tac_toe_frontend/node_modules/core-js/features/math/rad-per-deg.js'
npm warn tar TAR_ENTRY_ERROR ENOENT: no such file or directory, open '/home/kavia/workspace/code-generation/tictacplus-persistent-fullstack-tic-tac-toe-61826-a614edb6/tic_tac_toe_frontend/node_modules/core-js/full/math/rad-per-deg.js'
npm warn tar TAR_ENTRY_ERROR ENOENT: no such file or directory, open '/home/kavia/workspace/code-generation/tictacplus-persistent-fullstack-tic-tac-toe-61826-a614edb6/tic_tac_toe_frontend/node_modules/core-js/features/math/radians.js'
npm warn tar TAR_ENTRY_ERROR ENOENT: no such file or directory, open '/home/kavia/workspace/code-generation/tictacplus-persistent-fullstack-tic-tac-toe-61826-a614edb6/tic_tac_toe_frontend/node_modules/core-js/full/math/radians.js'
npm warn tar TAR_ENTRY_ERROR ENOENT: no such file or directory, open '/home/kavia/workspace/code-generation/tictacplus-persistent-fullstack-tic-tac-toe-61826-a614edb6/tic_tac_toe_frontend/node_modules/core-js/features/number/range.js'
npm warn tar TAR_ENTRY_ERROR ENOENT: no such file or directory, open '/home/kavia/workspace/code-generation/tictacplus-persistent-fullstack-tic-tac-toe-61826-a614edb6/tic_tac_toe_frontend/node_modules/core-js/full/number/range.js'
npm warn tar TAR_ENTRY_ERROR ENOENT: no such file or directory, open '/home/kavia/workspace/code-generation/tictacplus-persistent-fullstack-tic-tac-toe-61826-a614edb6/tic_tac_toe_frontend/node_modules/core-js-pure/features/set/reduce.js'
npm warn tar TAR_ENTRY_ERROR ENOENT: no such file or directory, open '/home/kavia/workspace/code-generation/tictacplus-persistent-fullstack-tic-tac-toe-61826-a614edb6/tic_tac_toe_frontend/node_modules/core-js-pure/internals/reflect-metadata.js'
npm warn tar TAR_ENTRY_ERROR ENOENT: no such file or directory, open '/home/kavia/workspace/code-generation/tictacplus-persistent-fullstack-tic-tac-toe-61826-a614edb6/tic_tac_toe_frontend/node_modules/core-js/features/set/reduce.js'
npm warn tar TAR_ENTRY_ERROR ENOENT: no such file or directory, open '/home/kavia/workspace/code-generation/tictacplus-persistent-fullstack-tic-tac-toe-61826-a614edb6/tic_tac_toe_frontend/node_modules/core-js-pure/proposals/reflect-metadata.js'
npm warn tar TAR_ENTRY_ERROR ENOENT: no such file or directory, open '/home/kavia/workspace/code-generation/tictacplus-persistent-fullstack-tic-tac-toe-61826-a614edb6/tic_tac_toe_frontend/node_modules/core-js-pure/proposals/regexp-dotall-flag.js'
npm warn tar TAR_ENTRY_ERROR ENOENT: no such file or directory, open '/home/kavia/workspace/code-generation/tictacplus-persistent-fullstack-tic-tac-toe-61826-a614edb6/tic_tac_toe_frontend/node_modules/core-js-pure/proposals/regexp-escaping.js'
npm warn tar TAR_ENTRY_ERROR ENOENT: no such file or directory, open '/home/kavia/workspace/code-generation/tictacplus-persistent-fullstack-tic-tac-toe-61826-a614edb6/tic_tac_toe_frontend/node_modules/core-js-pure/internals/regexp-exec-abstract.js'
npm warn tar TAR_ENTRY_ERROR ENOENT: no such file or directory, open '/home/kavia/workspace/code-generation/tictacplus-persistent-fullstack-tic-tac-toe-61826-a614edb6/tic_tac_toe_frontend/node_modules/core-js-pure/internals/regexp-exec.js'
npm warn tar TAR_ENTRY_ERROR ENOENT: no such file or directory, open '/home/kavia/workspace/code-generation/tictacplus-persistent-fullstack-tic-tac-toe-61826-a614edb6/tic_tac_toe_frontend/node_modules/core-js-pure/internals/regexp-flags.js'
npm warn tar TAR_ENTRY_ERROR ENOENT: no such file or directory, open '/home/kavia/workspace/code-generation/tictacplus-persistent-fullstack-tic-tac-toe-61826-a614edb6/tic_tac_toe_frontend/node_modules/core-js-pure/internals/regexp-get-flags.js'
npm warn tar TAR_ENTRY_ERROR ENOENT: no such file or directory, open '/home/kavia/workspace/code-generation/tictacplus-persistent-fullstack-tic-tac-toe-61826-a614edb6/tic_tac_toe_frontend/node_modules/core-js-pure/proposals/regexp-named-groups.js'
npm warn tar TAR_ENTRY_ERROR ENOENT: no such file or directory, open '/home/kavia/workspace/code-generation/tictacplus-persistent-fullstack-tic-tac-toe-61826-a614edb6/tic_tac_toe_frontend/node_modules/core-js-pure/internals/regexp-sticky-helpers.js'
npm warn tar TAR_ENTRY_ERROR ENOENT: no such file or directory, open '/home/kavia/workspace/code-generation/tictacplus-persistent-fullstack-tic-tac-toe-61826-a614edb6/tic_tac_toe_frontend/node_modules/core-js-pure/internals/regexp-unsupported-dot-all.js'
npm warn tar TAR_ENTRY_ERROR ENOENT: no such file or directory, open '/home/kavia/workspace/code-generation/tictacplus-persistent-fullstack-tic-tac-toe-61826-a614edb6/tic_tac_toe_frontend/node_modules/core-js-pure/internals/regexp-unsupported-ncg.js'
npm warn tar TAR_ENTRY_ERROR ENOENT: no such file or directory, open '/home/kavia/workspace/code-generation/tictacplus-persistent-fullstack-tic-tac-toe-61826-a614edb6/tic_tac_toe_frontend/node_modules/core-js-pure/proposals/relative-indexing-method.js'
npm warn tar TAR_ENTRY_ERROR ENOENT: no such file or directory, open '/home/kavia/workspace/code-generation/tictacplus-persistent-fullstack-tic-tac-toe-61826-a614edb6/tic_tac_toe_frontend/node_modules/core-js/internals/reflect-metadata.js'
npm warn tar TAR_ENTRY_ERROR ENOENT: no such file or directory, open '/home/kavia/workspace/code-generation/tictacplus-persistent-fullstack-tic-tac-toe-61826-a614edb6/tic_tac_toe_frontend/node_modules/core-js/proposals/reflect-metadata.js'
npm warn tar TAR_ENTRY_ERROR ENOENT: no such file or directory, open '/home/kavia/workspace/code-generation/tictacplus-persistent-fullstack-tic-tac-toe-61826-a614edb6/tic_tac_toe_frontend/node_modules/core-js/proposals/regexp-dotall-flag.js'
npm warn tar TAR_ENTRY_ERROR ENOENT: no such file or directory, open '/home/kavia/workspace/code-generation/tictacplus-persistent-fullstack-tic-tac-toe-61826-a614edb6/tic_tac_toe_frontend/node_modules/core-js/proposals/regexp-escaping.js'
npm warn tar TAR_ENTRY_ERROR ENOENT: no such file or directory, open '/home/kavia/workspace/code-generation/tictacplus-persistent-fullstack-tic-tac-toe-61826-a614edb6/tic_tac_toe_frontend/node_modules/core-js/internals/regexp-exec-abstract.js'
npm warn tar TAR_ENTRY_ERROR ENOENT: no such file or directory, open '/home/kavia/workspace/code-generation/tictacplus-persistent-fullstack-tic-tac-toe-61826-a614edb6/tic_tac_toe_frontend/node_modules/core-js/internals/regexp-exec.js'
npm warn tar TAR_ENTRY_ERROR ENOENT: no such file or directory, open '/home/kavia/workspace/code-generation/tictacplus-persistent-fullstack-tic-tac-toe-61826-a614edb6/tic_tac_toe_frontend/node_modules/core-js/internals/regexp-flags.js'
npm warn tar TAR_ENTRY_ERROR ENOENT: no such file or directory, open '/home/kavia/workspace/code-generation/tictacplus-persistent-fullstack-tic-tac-toe-61826-a614edb6/tic_tac_toe_frontend/node_modules/core-js/internals/regexp-get-flags.js'
npm warn tar TAR_ENTRY_ERROR ENOENT: no such file or directory, open '/home/kavia/workspace/code-generation/tictacplus-persistent-fullstack-tic-tac-toe-61826-a614edb6/tic_tac_toe_frontend/node_modules/core-js/proposals/regexp-named-groups.js'
npm warn tar TAR_ENTRY_ERROR ENOENT: no such file or directory, open '/home/kavia/workspace/code-generation/tictacplus-persistent-fullstack-tic-tac-toe-61826-a614edb6/tic_tac_toe_frontend/node_modules/core-js/internals/regexp-sticky-helpers.js'
npm warn tar TAR_ENTRY_ERROR ENOENT: no such file or directory, open '/home/kavia/workspace/code-generation/tictacplus-persistent-fullstack-tic-tac-toe-61826-a614edb6/tic_tac_toe_frontend/node_modules/core-js/internals/regexp-unsupported-dot-all.js'
npm warn tar TAR_ENTRY_ERROR ENOENT: no such file or directory, open '/home/kavia/workspace/code-generation/tictacplus-persistent-fullstack-tic-tac-toe-61826-a614edb6/tic_tac_toe_frontend/node_modules/core-js/internals/regexp-unsupported-ncg.js'
npm warn tar TAR_ENTRY_ERROR ENOENT: no such file or directory, open '/home/kavia/workspace/code-generation/tictacplus-persistent-fullstack-tic-tac-toe-61826-a614edb6/tic_tac_toe_frontend/node_modules/core-js/proposals/relative-indexing-method.js'
npm warn tar TAR_ENTRY_ERROR ENOENT: no such file or directory, open '/home/kavia/workspace/code-generation/tictacplus-persistent-fullstack-tic-tac-toe-61826-a614edb6/tic_tac_toe_frontend/node_modules/core-js-pure/features/symbol/replace-all.js'
npm warn tar TAR_ENTRY_ERROR ENOENT: no such file or directory, open '/home/kavia/workspace/code-generation/tictacplus-persistent-fullstack-tic-tac-toe-61826-a614edb6/tic_tac_toe_frontend/node_modules/core-js-pure/full/symbol/replace-all.js'
npm warn tar TAR_ENTRY_ERROR ENOENT: no such file or directory, open '/home/kavia/workspace/code-generation/tictacplus-persistent-fullstack-tic-tac-toe-61826-a614edb6/tic_tac_toe_frontend/node_modules/core-js-pure/actual/symbol/replace.js'
npm warn tar TAR_ENTRY_ERROR ENOENT: no such file or directory, open '/home/kavia/workspace/code-generation/tictacplus-persistent-fullstack-tic-tac-toe-61826-a614edb6/tic_tac_toe_frontend/node_modules/core-js-pure/es/symbol/replace.js'
npm warn tar TAR_ENTRY_ERROR ENOENT: no such file or directory, open '/home/kavia/workspace/code-generation/tictacplus-persistent-fullstack-tic-tac-toe-61826-a614edb6/tic_tac_toe_frontend/node_modules/core-js/features/symbol/replace-all.js'
npm warn tar TAR_ENTRY_ERROR ENOENT: no such file or directory, open '/home/kavia/workspace/code-generation/tictacplus-persistent-fullstack-tic-tac-toe-61826-a614edb6/tic_tac_toe_frontend/node_modules/core-js-pure/features/symbol/replace.js'
npm warn tar TAR_ENTRY_ERROR ENOENT: no such file or directory, open '/home/kavia/workspace/code-generation/tictacplus-persistent-fullstack-tic-tac-toe-61826-a614edb6/tic_tac_toe_frontend/node_modules/core-js-pure/full/symbol/replace.js'
npm warn tar TAR_ENTRY_ERROR ENOENT: no such file or directory, open '/home/kavia/workspace/code-generation/tictacplus-persistent-fullstack-tic-tac-toe-61826-a614edb6/tic_tac_toe_frontend/node_modules/core-js/full/symbol/replace-all.js'
npm warn tar TAR_ENTRY_ERROR ENOENT: no such file or directory, open '/home/kavia/workspace/code-generation/tictacplus-persistent-fullstack-tic-tac-toe-61826-a614edb6/tic_tac_toe_frontend/node_modules/core-js-pure/stable/symbol/replace.js'
npm warn tar TAR_ENTRY_ERROR ENOENT: no such file or directory, open '/home/kavia/workspace/code-generation/tictacplus-persistent-fullstack-tic-tac-toe-61826-a614edb6/tic_tac_toe_frontend/node_modules/core-js-pure/internals/require-object-coercible.js'
npm warn tar TAR_ENTRY_ERROR ENOENT: no such file or directory, open '/home/kavia/workspace/code-generation/tictacplus-persistent-fullstack-tic-tac-toe-61826-a614edb6/tic_tac_toe_frontend/node_modules/core-js/actual/symbol/replace.js'
npm warn tar TAR_ENTRY_ERROR ENOENT: no such file or directory, open '/home/kavia/workspace/code-generation/tictacplus-persistent-fullstack-tic-tac-toe-61826-a614edb6/tic_tac_toe_frontend/node_modules/core-js/es/regexp/replace.js'
npm warn tar TAR_ENTRY_ERROR ENOENT: no such file or directory, open '/home/kavia/workspace/code-generation/tictacplus-persistent-fullstack-tic-tac-toe-61826-a614edb6/tic_tac_toe_frontend/node_modules/core-js/es/symbol/replace.js'
npm warn tar TAR_ENTRY_ERROR ENOENT: no such file or directory, open '/home/kavia/workspace/code-generation/tictacplus-persistent-fullstack-tic-tac-toe-61826-a614edb6/tic_tac_toe_frontend/node_modules/core-js/features/regexp/replace.js'
npm warn tar TAR_ENTRY_ERROR ENOENT: no such file or directory, open '/home/kavia/workspace/code-generation/tictacplus-persistent-fullstack-tic-tac-toe-61826-a614edb6/tic_tac_toe_frontend/node_modules/core-js/features/symbol/replace.js'
npm warn tar TAR_ENTRY_ERROR ENOENT: no such file or directory, open '/home/kavia/workspace/code-generation/tictacplus-persistent-fullstack-tic-tac-toe-61826-a614edb6/tic_tac_toe_frontend/node_modules/core-js/full/regexp/replace.js'
npm warn tar TAR_ENTRY_ERROR ENOENT: no such file or directory, open '/home/kavia/workspace/code-generation/tictacplus-persistent-fullstack-tic-tac-toe-61826-a614edb6/tic_tac_toe_frontend/node_modules/core-js/full/symbol/replace.js'
npm warn tar TAR_ENTRY_ERROR ENOENT: no such file or directory, open '/home/kavia/workspace/code-generation/tictacplus-persistent-fullstack-tic-tac-toe-61826-a614edb6/tic_tac_toe_frontend/node_modules/core-js/stable/regexp/replace.js'
npm warn tar TAR_ENTRY_ERROR ENOENT: no such file or directory, open '/home/kavia/workspace/code-generation/tictacplus-persistent-fullstack-tic-tac-toe-61826-a614edb6/tic_tac_toe_frontend/node_modules/core-js/stable/symbol/replace.js'
npm warn tar TAR_ENTRY_ERROR ENOENT: no such file or directory, open '/home/kavia/workspace/code-generation/tictacplus-persistent-fullstack-tic-tac-toe-61826-a614edb6/tic_tac_toe_frontend/node_modules/core-js/internals/require-object-coercible.js'
npm warn tar TAR_ENTRY_ERROR ENOENT: no such file or directory, open '/home/kavia/workspace/code-generation/tictacplus-persistent-fullstack-tic-tac-toe-61826-a614edb6/tic_tac_toe_frontend/node_modules/core-js-pure/internals/safe-get-built-in.js'
npm warn tar TAR_ENTRY_ERROR ENOENT: no such file or directory, open '/home/kavia/workspace/code-generation/tictacplus-persistent-fullstack-tic-tac-toe-61826-a614edb6/tic_tac_toe_frontend/node_modules/core-js-pure/internals/same-value-zero.js'
npm warn tar TAR_ENTRY_ERROR ENOENT: no such file or directory, open '/home/kavia/workspace/code-generation/tictacplus-persistent-fullstack-tic-tac-toe-61826-a614edb6/tic_tac_toe_frontend/node_modules/core-js-pure/internals/same-value.js'
npm warn tar TAR_ENTRY_ERROR ENOENT: no such file or directory, open '/home/kavia/workspace/code-generation/tictacplus-persistent-fullstack-tic-tac-toe-61826-a614edb6/tic_tac_toe_frontend/node_modules/core-js-pure/features/math/scale.js'
npm warn tar TAR_ENTRY_ERROR ENOENT: no such file or directory, open '/home/kavia/workspace/code-generation/tictacplus-persistent-fullstack-tic-tac-toe-61826-a614edb6/tic_tac_toe_frontend/node_modules/core-js-pure/full/math/scale.js'
npm warn tar TAR_ENTRY_ERROR ENOENT: no such file or directory, open '/home/kavia/workspace/code-generation/tictacplus-persistent-fullstack-tic-tac-toe-61826-a614edb6/tic_tac_toe_frontend/node_modules/core-js-pure/internals/schedulers-fix.js'
npm warn tar TAR_ENTRY_ERROR ENOENT: no such file or directory, open '/home/kavia/workspace/code-generation/tictacplus-persistent-fullstack-tic-tac-toe-61826-a614edb6/tic_tac_toe_frontend/node_modules/core-js-pure/actual/object/seal.js'
npm warn tar TAR_ENTRY_ERROR ENOENT: no such file or directory, open '/home/kavia/workspace/code-generation/tictacplus-persistent-fullstack-tic-tac-toe-61826-a614edb6/tic_tac_toe_frontend/node_modules/core-js-pure/es/object/seal.js'
npm warn tar TAR_ENTRY_ERROR ENOENT: no such file or directory, open '/home/kavia/workspace/code-generation/tictacplus-persistent-fullstack-tic-tac-toe-61826-a614edb6/tic_tac_toe_frontend/node_modules/core-js-pure/features/object/seal.js'
npm warn tar TAR_ENTRY_ERROR ENOENT: no such file or directory, open '/home/kavia/workspace/code-generation/tictacplus-persistent-fullstack-tic-tac-toe-61826-a614edb6/tic_tac_toe_frontend/node_modules/core-js-pure/full/object/seal.js'
npm warn tar TAR_ENTRY_ERROR ENOENT: no such file or directory, open '/home/kavia/workspace/code-generation/tictacplus-persistent-fullstack-tic-tac-toe-61826-a614edb6/tic_tac_toe_frontend/node_modules/core-js-pure/stable/object/seal.js'
npm warn tar TAR_ENTRY_ERROR ENOENT: no such file or directory, open '/home/kavia/workspace/code-generation/tictacplus-persistent-fullstack-tic-tac-toe-61826-a614edb6/tic_tac_toe_frontend/node_modules/core-js-pure/actual/symbol/search.js'
npm warn tar TAR_ENTRY_ERROR ENOENT: no such file or directory, open '/home/kavia/workspace/code-generation/tictacplus-persistent-fullstack-tic-tac-toe-61826-a614edb6/tic_tac_toe_frontend/node_modules/core-js/internals/safe-get-built-in.js'
npm warn tar TAR_ENTRY_ERROR ENOENT: no such file or directory, open '/home/kavia/workspace/code-generation/tictacplus-persistent-fullstack-tic-tac-toe-61826-a614edb6/tic_tac_toe_frontend/node_modules/core-js-pure/es/symbol/search.js'
npm warn tar TAR_ENTRY_ERROR ENOENT: no such file or directory, open '/home/kavia/workspace/code-generation/tictacplus-persistent-fullstack-tic-tac-toe-61826-a614edb6/tic_tac_toe_frontend/node_modules/core-js/internals/same-value-zero.js'
npm warn tar TAR_ENTRY_ERROR ENOENT: no such file or directory, open '/home/kavia/workspace/code-generation/tictacplus-persistent-fullstack-tic-tac-toe-61826-a614edb6/tic_tac_toe_frontend/node_modules/core-js/internals/same-value.js'
npm warn tar TAR_ENTRY_ERROR ENOENT: no such file or directory, open '/home/kavia/workspace/code-generation/tictacplus-persistent-fullstack-tic-tac-toe-61826-a614edb6/tic_tac_toe_frontend/node_modules/core-js/features/math/scale.js'
npm warn tar TAR_ENTRY_ERROR ENOENT: no such file or directory, open '/home/kavia/workspace/code-generation/tictacplus-persistent-fullstack-tic-tac-toe-61826-a614edb6/tic_tac_toe_frontend/node_modules/core-js-pure/features/symbol/search.js'
npm warn tar TAR_ENTRY_ERROR ENOENT: no such file or directory, open '/home/kavia/workspace/code-generation/tictacplus-persistent-fullstack-tic-tac-toe-61826-a614edb6/tic_tac_toe_frontend/node_modules/core-js/full/math/scale.js'
npm warn tar TAR_ENTRY_ERROR ENOENT: no such file or directory, open '/home/kavia/workspace/code-generation/tictacplus-persistent-fullstack-tic-tac-toe-61826-a614edb6/tic_tac_toe_frontend/node_modules/core-js/internals/schedulers-fix.js'
npm warn tar TAR_ENTRY_ERROR ENOENT: no such file or directory, open '/home/kavia/workspace/code-generation/tictacplus-persistent-fullstack-tic-tac-toe-61826-a614edb6/tic_tac_toe_frontend/node_modules/core-js/actual/object/seal.js'
npm warn tar TAR_ENTRY_ERROR ENOENT: no such file or directory, open '/home/kavia/workspace/code-generation/tictacplus-persistent-fullstack-tic-tac-toe-61826-a614edb6/tic_tac_toe_frontend/node_modules/core-js-pure/full/symbol/search.js'
npm warn tar TAR_ENTRY_ERROR ENOENT: no such file or directory, open '/home/kavia/workspace/code-generation/tictacplus-persistent-fullstack-tic-tac-toe-61826-a614edb6/tic_tac_toe_frontend/node_modules/core-js/es/object/seal.js'
npm warn tar TAR_ENTRY_ERROR ENOENT: no such file or directory, open '/home/kavia/workspace/code-generation/tictacplus-persistent-fullstack-tic-tac-toe-61826-a614edb6/tic_tac_toe_frontend/node_modules/core-js/features/object/seal.js'
npm warn tar TAR_ENTRY_ERROR ENOENT: no such file or directory, open '/home/kavia/workspace/code-generation/tictacplus-persistent-fullstack-tic-tac-toe-61826-a614edb6/tic_tac_toe_frontend/node_modules/core-js/full/object/seal.js'
npm warn tar TAR_ENTRY_ERROR ENOENT: no such file or directory, open '/home/kavia/workspace/code-generation/tictacplus-persistent-fullstack-tic-tac-toe-61826-a614edb6/tic_tac_toe_frontend/node_modules/core-js-pure/stable/symbol/search.js'
npm warn tar TAR_ENTRY_ERROR ENOENT: no such file or directory, open '/home/kavia/workspace/code-generation/tictacplus-persistent-fullstack-tic-tac-toe-61826-a614edb6/tic_tac_toe_frontend/node_modules/core-js/stable/object/seal.js'
npm warn tar TAR_ENTRY_ERROR ENOENT: no such file or directory, open '/home/kavia/workspace/code-generation/tictacplus-persistent-fullstack-tic-tac-toe-61826-a614edb6/tic_tac_toe_frontend/node_modules/core-js-pure/features/math/seeded-prng.js'
npm warn tar TAR_ENTRY_ERROR ENOENT: no such file or directory, open '/home/kavia/workspace/code-generation/tictacplus-persistent-fullstack-tic-tac-toe-61826-a614edb6/tic_tac_toe_frontend/node_modules/core-js-pure/full/math/seeded-prng.js'
npm warn tar TAR_ENTRY_ERROR ENOENT: no such file or directory, open '/home/kavia/workspace/code-generation/tictacplus-persistent-fullstack-tic-tac-toe-61826-a614edb6/tic_tac_toe_frontend/node_modules/core-js-pure/proposals/seeded-random.js'
npm warn tar TAR_ENTRY_ERROR ENOENT: no such file or directory, open '/home/kavia/workspace/code-generation/tictacplus-persistent-fullstack-tic-tac-toe-61826-a614edb6/tic_tac_toe_frontend/node_modules/core-js/actual/symbol/search.js'
npm warn tar TAR_ENTRY_ERROR ENOENT: no such file or directory, open '/home/kavia/workspace/code-generation/tictacplus-persistent-fullstack-tic-tac-toe-61826-a614edb6/tic_tac_toe_frontend/node_modules/core-js/es/regexp/search.js'
npm warn tar TAR_ENTRY_ERROR ENOENT: no such file or directory, open '/home/kavia/workspace/code-generation/tictacplus-persistent-fullstack-tic-tac-toe-61826-a614edb6/tic_tac_toe_frontend/node_modules/core-js/es/symbol/search.js'
npm warn tar TAR_ENTRY_ERROR ENOENT: no such file or directory, open '/home/kavia/workspace/code-generation/tictacplus-persistent-fullstack-tic-tac-toe-61826-a614edb6/tic_tac_toe_frontend/node_modules/core-js/features/regexp/search.js'
npm warn tar TAR_ENTRY_ERROR ENOENT: no such file or directory, open '/home/kavia/workspace/code-generation/tictacplus-persistent-fullstack-tic-tac-toe-61826-a614edb6/tic_tac_toe_frontend/node_modules/core-js-pure/internals/set-clone.js'
npm warn tar TAR_ENTRY_ERROR ENOENT: no such file or directory, open '/home/kavia/workspace/code-generation/tictacplus-persistent-fullstack-tic-tac-toe-61826-a614edb6/tic_tac_toe_frontend/node_modules/core-js-pure/internals/set-difference.js'
npm warn tar TAR_ENTRY_ERROR ENOENT: no such file or directory, open '/home/kavia/workspace/code-generation/tictacplus-persistent-fullstack-tic-tac-toe-61826-a614edb6/tic_tac_toe_frontend/node_modules/core-js/features/symbol/search.js'
npm warn tar TAR_ENTRY_ERROR ENOENT: no such file or directory, open '/home/kavia/workspace/code-generation/tictacplus-persistent-fullstack-tic-tac-toe-61826-a614edb6/tic_tac_toe_frontend/node_modules/core-js/full/regexp/search.js'
npm warn tar TAR_ENTRY_ERROR ENOENT: no such file or directory, open '/home/kavia/workspace/code-generation/tictacplus-persistent-fullstack-tic-tac-toe-61826-a614edb6/tic_tac_toe_frontend/node_modules/core-js/full/symbol/search.js'
npm warn tar TAR_ENTRY_ERROR ENOENT: no such file or directory, open '/home/kavia/workspace/code-generation/tictacplus-persistent-fullstack-tic-tac-toe-61826-a614edb6/tic_tac_toe_frontend/node_modules/core-js/stable/regexp/search.js'
npm warn tar TAR_ENTRY_ERROR ENOENT: no such file or directory, open '/home/kavia/workspace/code-generation/tictacplus-persistent-fullstack-tic-tac-toe-61826-a614edb6/tic_tac_toe_frontend/node_modules/core-js/stable/symbol/search.js'
npm warn tar TAR_ENTRY_ERROR ENOENT: no such file or directory, open '/home/kavia/workspace/code-generation/tictacplus-persistent-fullstack-tic-tac-toe-61826-a614edb6/tic_tac_toe_frontend/node_modules/core-js/features/math/seeded-prng.js'
npm warn tar TAR_ENTRY_ERROR ENOENT: no such file or directory, open '/home/kavia/workspace/code-generation/tictacplus-persistent-fullstack-tic-tac-toe-61826-a614edb6/tic_tac_toe_frontend/node_modules/core-js/full/math/seeded-prng.js'
npm warn tar TAR_ENTRY_ERROR ENOENT: no such file or directory, open '/home/kavia/workspace/code-generation/tictacplus-persistent-fullstack-tic-tac-toe-61826-a614edb6/tic_tac_toe_frontend/node_modules/core-js/proposals/seeded-random.js'
npm warn tar TAR_ENTRY_ERROR ENOENT: no such file or directory, open '/home/kavia/workspace/code-generation/tictacplus-persistent-fullstack-tic-tac-toe-61826-a614edb6/tic_tac_toe_frontend/node_modules/core-js-pure/internals/set-helpers.js'
npm warn tar TAR_ENTRY_ERROR ENOENT: no such file or directory, open '/home/kavia/workspace/code-generation/tictacplus-persistent-fullstack-tic-tac-toe-61826-a614edb6/tic_tac_toe_frontend/node_modules/core-js/internals/set-clone.js'
npm warn tar TAR_ENTRY_ERROR ENOENT: no such file or directory, open '/home/kavia/workspace/code-generation/tictacplus-persistent-fullstack-tic-tac-toe-61826-a614edb6/tic_tac_toe_frontend/node_modules/core-js-pure/internals/set-intersection.js'
npm warn tar TAR_ENTRY_ERROR ENOENT: no such file or directory, open '/home/kavia/workspace/code-generation/tictacplus-persistent-fullstack-tic-tac-toe-61826-a614edb6/tic_tac_toe_frontend/node_modules/core-js/internals/set-difference.js'
npm warn tar TAR_ENTRY_ERROR ENOENT: no such file or directory, open '/home/kavia/workspace/code-generation/tictacplus-persistent-fullstack-tic-tac-toe-61826-a614edb6/tic_tac_toe_frontend/node_modules/core-js-pure/internals/set-is-disjoint-from.js'
npm warn tar TAR_ENTRY_ERROR ENOENT: no such file or directory, open '/home/kavia/workspace/code-generation/tictacplus-persistent-fullstack-tic-tac-toe-61826-a614edb6/tic_tac_toe_frontend/node_modules/core-js-pure/internals/set-is-subset-of.js'
npm warn tar TAR_ENTRY_ERROR ENOENT: no such file or directory, open '/home/kavia/workspace/code-generation/tictacplus-persistent-fullstack-tic-tac-toe-61826-a614edb6/tic_tac_toe_frontend/node_modules/core-js-pure/internals/set-is-superset-of.js'
npm warn tar TAR_ENTRY_ERROR ENOENT: no such file or directory, open '/home/kavia/workspace/code-generation/tictacplus-persistent-fullstack-tic-tac-toe-61826-a614edb6/tic_tac_toe_frontend/node_modules/core-js-pure/internals/set-iterate.js'
npm warn tar TAR_ENTRY_ERROR ENOENT: no such file or directory, open '/home/kavia/workspace/code-generation/tictacplus-persistent-fullstack-tic-tac-toe-61826-a614edb6/tic_tac_toe_frontend/node_modules/core-js-pure/internals/set-method-accept-set-like.js'
npm warn tar TAR_ENTRY_ERROR ENOENT: no such file or directory, open '/home/kavia/workspace/code-generation/tictacplus-persistent-fullstack-tic-tac-toe-61826-a614edb6/tic_tac_toe_frontend/node_modules/core-js-pure/proposals/set-methods-v2.js'
npm warn tar TAR_ENTRY_ERROR ENOENT: no such file or directory, open '/home/kavia/workspace/code-generation/tictacplus-persistent-fullstack-tic-tac-toe-61826-a614edb6/tic_tac_toe_frontend/node_modules/core-js-pure/proposals/set-methods.js'
npm warn tar TAR_ENTRY_ERROR ENOENT: no such file or directory, open '/home/kavia/workspace/code-generation/tictacplus-persistent-fullstack-tic-tac-toe-61826-a614edb6/tic_tac_toe_frontend/node_modules/core-js/internals/set-helpers.js'
npm warn tar TAR_ENTRY_ERROR ENOENT: no such file or directory, open '/home/kavia/workspace/code-generation/tictacplus-persistent-fullstack-tic-tac-toe-61826-a614edb6/tic_tac_toe_frontend/node_modules/core-js-pure/actual/object/set-prototype-of.js'
npm warn tar TAR_ENTRY_ERROR ENOENT: no such file or directory, open '/home/kavia/workspace/code-generation/tictacplus-persistent-fullstack-tic-tac-toe-61826-a614edb6/tic_tac_toe_frontend/node_modules/core-js-pure/actual/reflect/set-prototype-of.js'
npm warn tar TAR_ENTRY_ERROR ENOENT: no such file or directory, open '/home/kavia/workspace/code-generation/tictacplus-persistent-fullstack-tic-tac-toe-61826-a614edb6/tic_tac_toe_frontend/node_modules/core-js-pure/es/object/set-prototype-of.js'
npm warn tar TAR_ENTRY_ERROR ENOENT: no such file or directory, open '/home/kavia/workspace/code-generation/tictacplus-persistent-fullstack-tic-tac-toe-61826-a614edb6/tic_tac_toe_frontend/node_modules/core-js-pure/es/reflect/set-prototype-of.js'
npm warn tar TAR_ENTRY_ERROR ENOENT: no such file or directory, open '/home/kavia/workspace/code-generation/tictacplus-persistent-fullstack-tic-tac-toe-61826-a614edb6/tic_tac_toe_frontend/node_modules/core-js-pure/features/object/set-prototype-of.js'
npm warn tar TAR_ENTRY_ERROR ENOENT: no such file or directory, open '/home/kavia/workspace/code-generation/tictacplus-persistent-fullstack-tic-tac-toe-61826-a614edb6/tic_tac_toe_frontend/node_modules/core-js/internals/set-intersection.js'
npm warn tar TAR_ENTRY_ERROR ENOENT: no such file or directory, open '/home/kavia/workspace/code-generation/tictacplus-persistent-fullstack-tic-tac-toe-61826-a614edb6/tic_tac_toe_frontend/node_modules/core-js-pure/features/reflect/set-prototype-of.js'
npm warn tar TAR_ENTRY_ERROR ENOENT: no such file or directory, open '/home/kavia/workspace/code-generation/tictacplus-persistent-fullstack-tic-tac-toe-61826-a614edb6/tic_tac_toe_frontend/node_modules/core-js-pure/full/object/set-prototype-of.js'
npm warn tar TAR_ENTRY_ERROR ENOENT: no such file or directory, open '/home/kavia/workspace/code-generation/tictacplus-persistent-fullstack-tic-tac-toe-61826-a614edb6/tic_tac_toe_frontend/node_modules/core-js-pure/full/reflect/set-prototype-of.js'
npm warn tar TAR_ENTRY_ERROR ENOENT: no such file or directory, open '/home/kavia/workspace/code-generation/tictacplus-persistent-fullstack-tic-tac-toe-61826-a614edb6/tic_tac_toe_frontend/node_modules/core-js-pure/stable/object/set-prototype-of.js'
npm warn tar TAR_ENTRY_ERROR ENOENT: no such file or directory, open '/home/kavia/workspace/code-generation/tictacplus-persistent-fullstack-tic-tac-toe-61826-a614edb6/tic_tac_toe_frontend/node_modules/core-js-pure/stable/reflect/set-prototype-of.js'
npm warn tar TAR_ENTRY_ERROR ENOENT: no such file or directory, open '/home/kavia/workspace/code-generation/tictacplus-persistent-fullstack-tic-tac-toe-61826-a614edb6/tic_tac_toe_frontend/node_modules/core-js/internals/set-is-disjoint-from.js'
npm warn tar TAR_ENTRY_ERROR ENOENT: no such file or directory, open '/home/kavia/workspace/code-generation/tictacplus-persistent-fullstack-tic-tac-toe-61826-a614edb6/tic_tac_toe_frontend/node_modules/core-js-pure/internals/set-size.js'
npm warn tar TAR_ENTRY_ERROR ENOENT: no such file or directory, open '/home/kavia/workspace/code-generation/tictacplus-persistent-fullstack-tic-tac-toe-61826-a614edb6/tic_tac_toe_frontend/node_modules/core-js/internals/set-is-subset-of.js'
npm warn tar TAR_ENTRY_ERROR ENOENT: no such file or directory, open '/home/kavia/workspace/code-generation/tictacplus-persistent-fullstack-tic-tac-toe-61826-a614edb6/tic_tac_toe_frontend/node_modules/core-js-pure/internals/set-species.js'
npm warn tar TAR_ENTRY_ERROR ENOENT: no such file or directory, open '/home/kavia/workspace/code-generation/tictacplus-persistent-fullstack-tic-tac-toe-61826-a614edb6/tic_tac_toe_frontend/node_modules/core-js/internals/set-is-superset-of.js'
npm warn tar TAR_ENTRY_ERROR ENOENT: no such file or directory, open '/home/kavia/workspace/code-generation/tictacplus-persistent-fullstack-tic-tac-toe-61826-a614edb6/tic_tac_toe_frontend/node_modules/core-js-pure/internals/set-symmetric-difference.js'
npm warn tar TAR_ENTRY_ERROR ENOENT: no such file or directory, open '/home/kavia/workspace/code-generation/tictacplus-persistent-fullstack-tic-tac-toe-61826-a614edb6/tic_tac_toe_frontend/node_modules/core-js/internals/set-iterate.js'
npm warn tar TAR_ENTRY_ERROR ENOENT: no such file or directory, open '/home/kavia/workspace/code-generation/tictacplus-persistent-fullstack-tic-tac-toe-61826-a614edb6/tic_tac_toe_frontend/node_modules/core-js/internals/set-method-accept-set-like.js'
npm warn tar TAR_ENTRY_ERROR ENOENT: no such file or directory, open '/home/kavia/workspace/code-generation/tictacplus-persistent-fullstack-tic-tac-toe-61826-a614edb6/tic_tac_toe_frontend/node_modules/core-js/proposals/set-methods-v2.js'
npm warn tar TAR_ENTRY_ERROR ENOENT: no such file or directory, open '/home/kavia/workspace/code-generation/tictacplus-persistent-fullstack-tic-tac-toe-61826-a614edb6/tic_tac_toe_frontend/node_modules/core-js/proposals/set-methods.js'
npm warn tar TAR_ENTRY_ERROR ENOENT: no such file or directory, open '/home/kavia/workspace/code-generation/tictacplus-persistent-fullstack-tic-tac-toe-61826-a614edb6/tic_tac_toe_frontend/node_modules/core-js/actual/object/set-prototype-of.js'
npm warn tar TAR_ENTRY_ERROR ENOENT: no such file or directory, open '/home/kavia/workspace/code-generation/tictacplus-persistent-fullstack-tic-tac-toe-61826-a614edb6/tic_tac_toe_frontend/node_modules/core-js-pure/internals/set-to-string-tag.js'
npm warn tar TAR_ENTRY_ERROR ENOENT: no such file or directory, open '/home/kavia/workspace/code-generation/tictacplus-persistent-fullstack-tic-tac-toe-61826-a614edb6/tic_tac_toe_frontend/node_modules/core-js/actual/reflect/set-prototype-of.js'
npm warn tar TAR_ENTRY_ERROR ENOENT: no such file or directory, open '/home/kavia/workspace/code-generation/tictacplus-persistent-fullstack-tic-tac-toe-61826-a614edb6/tic_tac_toe_frontend/node_modules/core-js/es/object/set-prototype-of.js'
npm warn tar TAR_ENTRY_ERROR ENOENT: no such file or directory, open '/home/kavia/workspace/code-generation/tictacplus-persistent-fullstack-tic-tac-toe-61826-a614edb6/tic_tac_toe_frontend/node_modules/core-js/es/reflect/set-prototype-of.js'
npm warn tar TAR_ENTRY_ERROR ENOENT: no such file or directory, open '/home/kavia/workspace/code-generation/tictacplus-persistent-fullstack-tic-tac-toe-61826-a614edb6/tic_tac_toe_frontend/node_modules/core-js-pure/internals/set-union.js'
npm warn tar TAR_ENTRY_ERROR ENOENT: no such file or directory, open '/home/kavia/workspace/code-generation/tictacplus-persistent-fullstack-tic-tac-toe-61826-a614edb6/tic_tac_toe_frontend/node_modules/core-js/features/object/set-prototype-of.js'
npm warn tar TAR_ENTRY_ERROR ENOENT: no such file or directory, open '/home/kavia/workspace/code-generation/tictacplus-persistent-fullstack-tic-tac-toe-61826-a614edb6/tic_tac_toe_frontend/node_modules/core-js/features/reflect/set-prototype-of.js'
npm warn tar TAR_ENTRY_ERROR ENOENT: no such file or directory, open '/home/kavia/workspace/code-generation/tictacplus-persistent-fullstack-tic-tac-toe-61826-a614edb6/tic_tac_toe_frontend/node_modules/core-js/full/object/set-prototype-of.js'
npm warn tar TAR_ENTRY_ERROR ENOENT: no such file or directory, open '/home/kavia/workspace/code-generation/tictacplus-persistent-fullstack-tic-tac-toe-61826-a614edb6/tic_tac_toe_frontend/node_modules/core-js/full/reflect/set-prototype-of.js'
npm warn tar TAR_ENTRY_ERROR ENOENT: no such file or directory, open '/home/kavia/workspace/code-generation/tictacplus-persistent-fullstack-tic-tac-toe-61826-a614edb6/tic_tac_toe_frontend/node_modules/core-js/stable/object/set-prototype-of.js'
npm warn tar TAR_ENTRY_ERROR ENOENT: no such file or directory, open '/home/kavia/workspace/code-generation/tictacplus-persistent-fullstack-tic-tac-toe-61826-a614edb6/tic_tac_toe_frontend/node_modules/core-js/stable/reflect/set-prototype-of.js'
npm warn tar TAR_ENTRY_ERROR ENOENT: no such file or directory, open '/home/kavia/workspace/code-generation/tictacplus-persistent-fullstack-tic-tac-toe-61826-a614edb6/tic_tac_toe_frontend/node_modules/core-js-pure/actual/reflect/set.js'
npm warn tar TAR_ENTRY_ERROR ENOENT: no such file or directory, open '/home/kavia/workspace/code-generation/tictacplus-persistent-fullstack-tic-tac-toe-61826-a614edb6/tic_tac_toe_frontend/node_modules/core-js/internals/set-size.js'
npm warn tar TAR_ENTRY_ERROR ENOENT: no such file or directory, open '/home/kavia/workspace/code-generation/tictacplus-persistent-fullstack-tic-tac-toe-61826-a614edb6/tic_tac_toe_frontend/node_modules/core-js/internals/set-species.js'
npm warn tar TAR_ENTRY_ERROR ENOENT: no such file or directory, open '/home/kavia/workspace/code-generation/tictacplus-persistent-fullstack-tic-tac-toe-61826-a614edb6/tic_tac_toe_frontend/node_modules/core-js-pure/es/reflect/set.js'
npm warn tar TAR_ENTRY_ERROR ENOENT: no such file or directory, open '/home/kavia/workspace/code-generation/tictacplus-persistent-fullstack-tic-tac-toe-61826-a614edb6/tic_tac_toe_frontend/node_modules/core-js/internals/set-symmetric-difference.js'
npm warn tar TAR_ENTRY_ERROR ENOENT: no such file or directory, open '/home/kavia/workspace/code-generation/tictacplus-persistent-fullstack-tic-tac-toe-61826-a614edb6/tic_tac_toe_frontend/node_modules/core-js-pure/features/reflect/set.js'
npm warn tar TAR_ENTRY_ERROR ENOENT: no such file or directory, open '/home/kavia/workspace/code-generation/tictacplus-persistent-fullstack-tic-tac-toe-61826-a614edb6/tic_tac_toe_frontend/node_modules/core-js-pure/full/reflect/set.js'
npm warn tar TAR_ENTRY_ERROR ENOENT: no such file or directory, open '/home/kavia/workspace/code-generation/tictacplus-persistent-fullstack-tic-tac-toe-61826-a614edb6/tic_tac_toe_frontend/node_modules/core-js/internals/set-to-string-tag.js'
npm warn tar TAR_ENTRY_ERROR ENOENT: no such file or directory, open '/home/kavia/workspace/code-generation/tictacplus-persistent-fullstack-tic-tac-toe-61826-a614edb6/tic_tac_toe_frontend/node_modules/core-js-pure/stable/reflect/set.js'
npm warn tar TAR_ENTRY_ERROR ENOENT: no such file or directory, open '/home/kavia/workspace/code-generation/tictacplus-persistent-fullstack-tic-tac-toe-61826-a614edb6/tic_tac_toe_frontend/node_modules/core-js-pure/internals/shared-key.js'
npm warn tar TAR_ENTRY_ERROR ENOENT: no such file or directory, open '/home/kavia/workspace/code-generation/tictacplus-persistent-fullstack-tic-tac-toe-61826-a614edb6/tic_tac_toe_frontend/node_modules/core-js/internals/set-union.js'
npm warn tar TAR_ENTRY_ERROR ENOENT: no such file or directory, open '/home/kavia/workspace/code-generation/tictacplus-persistent-fullstack-tic-tac-toe-61826-a614edb6/tic_tac_toe_frontend/node_modules/core-js-pure/internals/shared-store.js'
npm warn tar TAR_ENTRY_ERROR ENOENT: no such file or directory, open '/home/kavia/workspace/code-generation/tictacplus-persistent-fullstack-tic-tac-toe-61826-a614edb6/tic_tac_toe_frontend/node_modules/core-js-pure/internals/shared.js'
npm warn tar TAR_ENTRY_ERROR ENOENT: no such file or directory, open '/home/kavia/workspace/code-generation/tictacplus-persistent-fullstack-tic-tac-toe-61826-a614edb6/tic_tac_toe_frontend/node_modules/core-js-pure/actual/math/sign.js'
npm warn tar TAR_ENTRY_ERROR ENOENT: no such file or directory, open '/home/kavia/workspace/code-generation/tictacplus-persistent-fullstack-tic-tac-toe-61826-a614edb6/tic_tac_toe_frontend/node_modules/core-js-pure/es/math/sign.js'
npm warn tar TAR_ENTRY_ERROR ENOENT: no such file or directory, open '/home/kavia/workspace/code-generation/tictacplus-persistent-fullstack-tic-tac-toe-61826-a614edb6/tic_tac_toe_frontend/node_modules/core-js-pure/features/math/sign.js'
npm warn tar TAR_ENTRY_ERROR ENOENT: no such file or directory, open '/home/kavia/workspace/code-generation/tictacplus-persistent-fullstack-tic-tac-toe-61826-a614edb6/tic_tac_toe_frontend/node_modules/core-js-pure/full/math/sign.js'
npm warn tar TAR_ENTRY_ERROR ENOENT: no such file or directory, open '/home/kavia/workspace/code-generation/tictacplus-persistent-fullstack-tic-tac-toe-61826-a614edb6/tic_tac_toe_frontend/node_modules/core-js/actual/reflect/set.js'
npm warn tar TAR_ENTRY_ERROR ENOENT: no such file or directory, open '/home/kavia/workspace/code-generation/tictacplus-persistent-fullstack-tic-tac-toe-61826-a614edb6/tic_tac_toe_frontend/node_modules/core-js-pure/stable/math/sign.js'
npm warn tar TAR_ENTRY_ERROR ENOENT: no such file or directory, open '/home/kavia/workspace/code-generation/tictacplus-persistent-fullstack-tic-tac-toe-61826-a614edb6/tic_tac_toe_frontend/node_modules/core-js-pure/features/math/signbit.js'
npm warn tar TAR_ENTRY_ERROR ENOENT: no such file or directory, open '/home/kavia/workspace/code-generation/tictacplus-persistent-fullstack-tic-tac-toe-61826-a614edb6/tic_tac_toe_frontend/node_modules/core-js/es/reflect/set.js'
npm warn tar TAR_ENTRY_ERROR ENOENT: no such file or directory, open '/home/kavia/workspace/code-generation/tictacplus-persistent-fullstack-tic-tac-toe-61826-a614edb6/tic_tac_toe_frontend/node_modules/core-js-pure/full/math/signbit.js'
npm warn tar TAR_ENTRY_ERROR ENOENT: no such file or directory, open '/home/kavia/workspace/code-generation/tictacplus-persistent-fullstack-tic-tac-toe-61826-a614edb6/tic_tac_toe_frontend/node_modules/core-js-pure/actual/math/sinh.js'
npm warn tar TAR_ENTRY_ERROR ENOENT: no such file or directory, open '/home/kavia/workspace/code-generation/tictacplus-persistent-fullstack-tic-tac-toe-61826-a614edb6/tic_tac_toe_frontend/node_modules/core-js/features/reflect/set.js'
npm warn tar TAR_ENTRY_ERROR ENOENT: no such file or directory, open '/home/kavia/workspace/code-generation/tictacplus-persistent-fullstack-tic-tac-toe-61826-a614edb6/tic_tac_toe_frontend/node_modules/core-js-pure/es/math/sinh.js'
npm warn tar TAR_ENTRY_ERROR ENOENT: no such file or directory, open '/home/kavia/workspace/code-generation/tictacplus-persistent-fullstack-tic-tac-toe-61826-a614edb6/tic_tac_toe_frontend/node_modules/core-js-pure/features/math/sinh.js'
npm warn tar TAR_ENTRY_ERROR ENOENT: no such file or directory, open '/home/kavia/workspace/code-generation/tictacplus-persistent-fullstack-tic-tac-toe-61826-a614edb6/tic_tac_toe_frontend/node_modules/core-js/full/reflect/set.js'
npm warn tar TAR_ENTRY_ERROR ENOENT: no such file or directory, open '/home/kavia/workspace/code-generation/tictacplus-persistent-fullstack-tic-tac-toe-61826-a614edb6/tic_tac_toe_frontend/node_modules/core-js-pure/full/math/sinh.js'
npm warn tar TAR_ENTRY_ERROR ENOENT: no such file or directory, open '/home/kavia/workspace/code-generation/tictacplus-persistent-fullstack-tic-tac-toe-61826-a614edb6/tic_tac_toe_frontend/node_modules/core-js-pure/stable/math/sinh.js'
npm warn tar TAR_ENTRY_ERROR ENOENT: no such file or directory, open '/home/kavia/workspace/code-generation/tictacplus-persistent-fullstack-tic-tac-toe-61826-a614edb6/tic_tac_toe_frontend/node_modules/core-js/stable/reflect/set.js'
npm warn tar TAR_ENTRY_ERROR ENOENT: no such file or directory, open '/home/kavia/workspace/code-generation/tictacplus-persistent-fullstack-tic-tac-toe-61826-a614edb6/tic_tac_toe_frontend/node_modules/core-js-pure/actual/array-buffer/slice.js'
npm warn tar TAR_ENTRY_ERROR ENOENT: no such file or directory, open '/home/kavia/workspace/code-generation/tictacplus-persistent-fullstack-tic-tac-toe-61826-a614edb6/tic_tac_toe_frontend/node_modules/core-js/internals/shared-key.js'
npm warn tar TAR_ENTRY_ERROR ENOENT: no such file or directory, open '/home/kavia/workspace/code-generation/tictacplus-persistent-fullstack-tic-tac-toe-61826-a614edb6/tic_tac_toe_frontend/node_modules/core-js/internals/shared-store.js'
npm warn tar TAR_ENTRY_ERROR ENOENT: no such file or directory, open '/home/kavia/workspace/code-generation/tictacplus-persistent-fullstack-tic-tac-toe-61826-a614edb6/tic_tac_toe_frontend/node_modules/core-js/internals/shared.js'
npm warn tar TAR_ENTRY_ERROR ENOENT: no such file or directory, open '/home/kavia/workspace/code-generation/tictacplus-persistent-fullstack-tic-tac-toe-61826-a614edb6/tic_tac_toe_frontend/node_modules/core-js/actual/math/sign.js'
npm warn tar TAR_ENTRY_ERROR ENOENT: no such file or directory, open '/home/kavia/workspace/code-generation/tictacplus-persistent-fullstack-tic-tac-toe-61826-a614edb6/tic_tac_toe_frontend/node_modules/core-js-pure/es/array-buffer/slice.js'
npm warn tar TAR_ENTRY_ERROR ENOENT: no such file or directory, open '/home/kavia/workspace/code-generation/tictacplus-persistent-fullstack-tic-tac-toe-61826-a614edb6/tic_tac_toe_frontend/node_modules/core-js/es/math/sign.js'
npm warn tar TAR_ENTRY_ERROR ENOENT: no such file or directory, open '/home/kavia/workspace/code-generation/tictacplus-persistent-fullstack-tic-tac-toe-61826-a614edb6/tic_tac_toe_frontend/node_modules/core-js/features/math/sign.js'
npm warn tar TAR_ENTRY_ERROR ENOENT: no such file or directory, open '/home/kavia/workspace/code-generation/tictacplus-persistent-fullstack-tic-tac-toe-61826-a614edb6/tic_tac_toe_frontend/node_modules/core-js/full/math/sign.js'
npm warn tar TAR_ENTRY_ERROR ENOENT: no such file or directory, open '/home/kavia/workspace/code-generation/tictacplus-persistent-fullstack-tic-tac-toe-61826-a614edb6/tic_tac_toe_frontend/node_modules/core-js/stable/math/sign.js'
npm warn tar TAR_ENTRY_ERROR ENOENT: no such file or directory, open '/home/kavia/workspace/code-generation/tictacplus-persistent-fullstack-tic-tac-toe-61826-a614edb6/tic_tac_toe_frontend/node_modules/core-js/features/math/signbit.js'
npm warn tar TAR_ENTRY_ERROR ENOENT: no such file or directory, open '/home/kavia/workspace/code-generation/tictacplus-persistent-fullstack-tic-tac-toe-61826-a614edb6/tic_tac_toe_frontend/node_modules/core-js-pure/features/array-buffer/slice.js'
npm warn tar TAR_ENTRY_ERROR ENOENT: no such file or directory, open '/home/kavia/workspace/code-generation/tictacplus-persistent-fullstack-tic-tac-toe-61826-a614edb6/tic_tac_toe_frontend/node_modules/core-js/full/math/signbit.js'
npm warn tar TAR_ENTRY_ERROR ENOENT: no such file or directory, open '/home/kavia/workspace/code-generation/tictacplus-persistent-fullstack-tic-tac-toe-61826-a614edb6/tic_tac_toe_frontend/node_modules/core-js/actual/math/sinh.js'
npm warn tar TAR_ENTRY_ERROR ENOENT: no such file or directory, open '/home/kavia/workspace/code-generation/tictacplus-persistent-fullstack-tic-tac-toe-61826-a614edb6/tic_tac_toe_frontend/node_modules/core-js/es/math/sinh.js'
npm warn tar TAR_ENTRY_ERROR ENOENT: no such file or directory, open '/home/kavia/workspace/code-generation/tictacplus-persistent-fullstack-tic-tac-toe-61826-a614edb6/tic_tac_toe_frontend/node_modules/core-js/features/math/sinh.js'
npm warn tar TAR_ENTRY_ERROR ENOENT: no such file or directory, open '/home/kavia/workspace/code-generation/tictacplus-persistent-fullstack-tic-tac-toe-61826-a614edb6/tic_tac_toe_frontend/node_modules/core-js/full/math/sinh.js'
npm warn tar TAR_ENTRY_ERROR ENOENT: no such file or directory, open '/home/kavia/workspace/code-generation/tictacplus-persistent-fullstack-tic-tac-toe-61826-a614edb6/tic_tac_toe_frontend/node_modules/core-js-pure/full/array-buffer/slice.js'
npm warn tar TAR_ENTRY_ERROR ENOENT: no such file or directory, open '/home/kavia/workspace/code-generation/tictacplus-persistent-fullstack-tic-tac-toe-61826-a614edb6/tic_tac_toe_frontend/node_modules/core-js/stable/math/sinh.js'
npm warn tar TAR_ENTRY_ERROR ENOENT: no such file or directory, open '/home/kavia/workspace/code-generation/tictacplus-persistent-fullstack-tic-tac-toe-61826-a614edb6/tic_tac_toe_frontend/node_modules/core-js/actual/array-buffer/slice.js'
npm warn tar TAR_ENTRY_ERROR ENOENT: no such file or directory, open '/home/kavia/workspace/code-generation/tictacplus-persistent-fullstack-tic-tac-toe-61826-a614edb6/tic_tac_toe_frontend/node_modules/core-js-pure/stable/array-buffer/slice.js'
npm warn tar TAR_ENTRY_ERROR ENOENT: no such file or directory, open '/home/kavia/workspace/code-generation/tictacplus-persistent-fullstack-tic-tac-toe-61826-a614edb6/tic_tac_toe_frontend/node_modules/core-js/es/array-buffer/slice.js'
npm warn tar TAR_ENTRY_ERROR ENOENT: no such file or directory, open '/home/kavia/workspace/code-generation/tictacplus-persistent-fullstack-tic-tac-toe-61826-a614edb6/tic_tac_toe_frontend/node_modules/core-js/features/array-buffer/slice.js'
npm warn tar TAR_ENTRY_ERROR ENOENT: no such file or directory, open '/home/kavia/workspace/code-generation/tictacplus-persistent-fullstack-tic-tac-toe-61826-a614edb6/tic_tac_toe_frontend/node_modules/core-js/full/array-buffer/slice.js'
npm warn tar TAR_ENTRY_ERROR ENOENT: no such file or directory, open '/home/kavia/workspace/code-generation/tictacplus-persistent-fullstack-tic-tac-toe-61826-a614edb6/tic_tac_toe_frontend/node_modules/core-js/stable/array-buffer/slice.js'
npm warn tar TAR_ENTRY_ERROR ENOENT: no such file or directory, open '/home/kavia/workspace/code-generation/tictacplus-persistent-fullstack-tic-tac-toe-61826-a614edb6/tic_tac_toe_frontend/node_modules/core-js-pure/features/set/some.js'
npm warn tar TAR_ENTRY_ERROR ENOENT: no such file or directory, open '/home/kavia/workspace/code-generation/tictacplus-persistent-fullstack-tic-tac-toe-61826-a614edb6/tic_tac_toe_frontend/node_modules/core-js/features/set/some.js'
npm warn tar TAR_ENTRY_ERROR ENOENT: no such file or directory, open '/home/kavia/workspace/code-generation/tictacplus-persistent-fullstack-tic-tac-toe-61826-a614edb6/tic_tac_toe_frontend/node_modules/core-js-pure/internals/species-constructor.js'
npm warn tar TAR_ENTRY_ERROR ENOENT: no such file or directory, open '/home/kavia/workspace/code-generation/tictacplus-persistent-fullstack-tic-tac-toe-61826-a614edb6/tic_tac_toe_frontend/node_modules/core-js-pure/actual/symbol/species.js'
npm warn tar TAR_ENTRY_ERROR ENOENT: no such file or directory, open '/home/kavia/workspace/code-generation/tictacplus-persistent-fullstack-tic-tac-toe-61826-a614edb6/tic_tac_toe_frontend/node_modules/core-js-pure/es/symbol/species.js'
npm warn tar TAR_ENTRY_ERROR ENOENT: no such file or directory, open '/home/kavia/workspace/code-generation/tictacplus-persistent-fullstack-tic-tac-toe-61826-a614edb6/tic_tac_toe_frontend/node_modules/core-js-pure/features/symbol/species.js'
npm warn tar TAR_ENTRY_ERROR ENOENT: no such file or directory, open '/home/kavia/workspace/code-generation/tictacplus-persistent-fullstack-tic-tac-toe-61826-a614edb6/tic_tac_toe_frontend/node_modules/core-js-pure/full/symbol/species.js'
npm warn tar TAR_ENTRY_ERROR ENOENT: no such file or directory, open '/home/kavia/workspace/code-generation/tictacplus-persistent-fullstack-tic-tac-toe-61826-a614edb6/tic_tac_toe_frontend/node_modules/core-js-pure/stable/symbol/species.js'
npm warn tar TAR_ENTRY_ERROR ENOENT: no such file or directory, open '/home/kavia/workspace/code-generation/tictacplus-persistent-fullstack-tic-tac-toe-61826-a614edb6/tic_tac_toe_frontend/node_modules/core-js/internals/species-constructor.js'
npm warn tar TAR_ENTRY_ERROR ENOENT: no such file or directory, open '/home/kavia/workspace/code-generation/tictacplus-persistent-fullstack-tic-tac-toe-61826-a614edb6/tic_tac_toe_frontend/node_modules/core-js/actual/symbol/species.js'
npm warn tar TAR_ENTRY_ERROR ENOENT: no such file or directory, open '/home/kavia/workspace/code-generation/tictacplus-persistent-fullstack-tic-tac-toe-61826-a614edb6/tic_tac_toe_frontend/node_modules/core-js/es/symbol/species.js'
npm warn tar TAR_ENTRY_ERROR ENOENT: no such file or directory, open '/home/kavia/workspace/code-generation/tictacplus-persistent-fullstack-tic-tac-toe-61826-a614edb6/tic_tac_toe_frontend/node_modules/core-js/features/symbol/species.js'
npm warn tar TAR_ENTRY_ERROR ENOENT: no such file or directory, open '/home/kavia/workspace/code-generation/tictacplus-persistent-fullstack-tic-tac-toe-61826-a614edb6/tic_tac_toe_frontend/node_modules/core-js/full/symbol/species.js'
npm warn tar TAR_ENTRY_ERROR ENOENT: no such file or directory, open '/home/kavia/workspace/code-generation/tictacplus-persistent-fullstack-tic-tac-toe-61826-a614edb6/tic_tac_toe_frontend/node_modules/core-js/stable/symbol/species.js'
npm warn tar TAR_ENTRY_ERROR ENOENT: no such file or directory, open '/home/kavia/workspace/code-generation/tictacplus-persistent-fullstack-tic-tac-toe-61826-a614edb6/tic_tac_toe_frontend/node_modules/core-js-pure/actual/symbol/split.js'
npm warn tar TAR_ENTRY_ERROR ENOENT: no such file or directory, open '/home/kavia/workspace/code-generation/tictacplus-persistent-fullstack-tic-tac-toe-61826-a614edb6/tic_tac_toe_frontend/node_modules/core-js-pure/es/symbol/split.js'
npm warn tar TAR_ENTRY_ERROR ENOENT: no such file or directory, open '/home/kavia/workspace/code-generation/tictacplus-persistent-fullstack-tic-tac-toe-61826-a614edb6/tic_tac_toe_frontend/node_modules/core-js-pure/features/symbol/split.js'
npm warn tar TAR_ENTRY_ERROR ENOENT: no such file or directory, open '/home/kavia/workspace/code-generation/tictacplus-persistent-fullstack-tic-tac-toe-61826-a614edb6/tic_tac_toe_frontend/node_modules/core-js-pure/full/symbol/split.js'
npm warn tar TAR_ENTRY_ERROR ENOENT: no such file or directory, open '/home/kavia/workspace/code-generation/tictacplus-persistent-fullstack-tic-tac-toe-61826-a614edb6/tic_tac_toe_frontend/node_modules/core-js-pure/stable/symbol/split.js'
npm warn tar TAR_ENTRY_ERROR ENOENT: no such file or directory, open '/home/kavia/workspace/code-generation/tictacplus-persistent-fullstack-tic-tac-toe-61826-a614edb6/tic_tac_toe_frontend/node_modules/core-js/actual/symbol/split.js'
npm warn tar TAR_ENTRY_ERROR ENOENT: no such file or directory, open '/home/kavia/workspace/code-generation/tictacplus-persistent-fullstack-tic-tac-toe-61826-a614edb6/tic_tac_toe_frontend/node_modules/core-js/es/regexp/split.js'
npm warn tar TAR_ENTRY_ERROR ENOENT: no such file or directory, open '/home/kavia/workspace/code-generation/tictacplus-persistent-fullstack-tic-tac-toe-61826-a614edb6/tic_tac_toe_frontend/node_modules/core-js/es/symbol/split.js'
npm warn tar TAR_ENTRY_ERROR ENOENT: no such file or directory, open '/home/kavia/workspace/code-generation/tictacplus-persistent-fullstack-tic-tac-toe-61826-a614edb6/tic_tac_toe_frontend/node_modules/core-js/features/regexp/split.js'
npm warn tar TAR_ENTRY_ERROR ENOENT: no such file or directory, open '/home/kavia/workspace/code-generation/tictacplus-persistent-fullstack-tic-tac-toe-61826-a614edb6/tic_tac_toe_frontend/node_modules/core-js/features/symbol/split.js'
npm warn tar TAR_ENTRY_ERROR ENOENT: no such file or directory, open '/home/kavia/workspace/code-generation/tictacplus-persistent-fullstack-tic-tac-toe-61826-a614edb6/tic_tac_toe_frontend/node_modules/core-js/full/regexp/split.js'
npm warn tar TAR_ENTRY_ERROR ENOENT: no such file or directory, open '/home/kavia/workspace/code-generation/tictacplus-persistent-fullstack-tic-tac-toe-61826-a614edb6/tic_tac_toe_frontend/node_modules/core-js/full/symbol/split.js'
npm warn tar TAR_ENTRY_ERROR ENOENT: no such file or directory, open '/home/kavia/workspace/code-generation/tictacplus-persistent-fullstack-tic-tac-toe-61826-a614edb6/tic_tac_toe_frontend/node_modules/core-js/stable/regexp/split.js'
npm warn tar TAR_ENTRY_ERROR ENOENT: no such file or directory, open '/home/kavia/workspace/code-generation/tictacplus-persistent-fullstack-tic-tac-toe-61826-a614edb6/tic_tac_toe_frontend/node_modules/core-js/stable/symbol/split.js'
npm warn tar TAR_ENTRY_ERROR ENOENT: no such file or directory, open '/home/kavia/workspace/code-generation/tictacplus-persistent-fullstack-tic-tac-toe-61826-a614edb6/tic_tac_toe_frontend/node_modules/core-js-pure/proposals/string-at.js'
npm warn tar TAR_ENTRY_ERROR ENOENT: no such file or directory, open '/home/kavia/workspace/code-generation/tictacplus-persistent-fullstack-tic-tac-toe-61826-a614edb6/tic_tac_toe_frontend/node_modules/core-js-pure/proposals/string-code-points.js'
npm warn tar TAR_ENTRY_ERROR ENOENT: no such file or directory, open '/home/kavia/workspace/code-generation/tictacplus-persistent-fullstack-tic-tac-toe-61826-a614edb6/tic_tac_toe_frontend/node_modules/core-js-pure/internals/string-cooked.js'
npm warn tar TAR_ENTRY_ERROR ENOENT: no such file or directory, open '/home/kavia/workspace/code-generation/tictacplus-persistent-fullstack-tic-tac-toe-61826-a614edb6/tic_tac_toe_frontend/node_modules/core-js/es/regexp/sticky.js'
npm warn tar TAR_ENTRY_ERROR ENOENT: no such file or directory, open '/home/kavia/workspace/code-generation/tictacplus-persistent-fullstack-tic-tac-toe-61826-a614edb6/tic_tac_toe_frontend/node_modules/core-js-pure/proposals/string-cooked.js'
npm warn tar TAR_ENTRY_ERROR ENOENT: no such file or directory, open '/home/kavia/workspace/code-generation/tictacplus-persistent-fullstack-tic-tac-toe-61826-a614edb6/tic_tac_toe_frontend/node_modules/core-js/features/regexp/sticky.js'
npm warn tar TAR_ENTRY_ERROR ENOENT: no such file or directory, open '/home/kavia/workspace/code-generation/tictacplus-persistent-fullstack-tic-tac-toe-61826-a614edb6/tic_tac_toe_frontend/node_modules/core-js-pure/proposals/string-dedent.js'
npm warn tar TAR_ENTRY_ERROR ENOENT: no such file or directory, open '/home/kavia/workspace/code-generation/tictacplus-persistent-fullstack-tic-tac-toe-61826-a614edb6/tic_tac_toe_frontend/node_modules/core-js/full/regexp/sticky.js'
npm warn tar TAR_ENTRY_ERROR ENOENT: no such file or directory, open '/home/kavia/workspace/code-generation/tictacplus-persistent-fullstack-tic-tac-toe-61826-a614edb6/tic_tac_toe_frontend/node_modules/core-js-pure/internals/string-html-forced.js'
npm warn tar TAR_ENTRY_ERROR ENOENT: no such file or directory, open '/home/kavia/workspace/code-generation/tictacplus-persistent-fullstack-tic-tac-toe-61826-a614edb6/tic_tac_toe_frontend/node_modules/core-js/stable/regexp/sticky.js'
npm warn tar TAR_ENTRY_ERROR ENOENT: no such file or directory, open '/home/kavia/workspace/code-generation/tictacplus-persistent-fullstack-tic-tac-toe-61826-a614edb6/tic_tac_toe_frontend/node_modules/core-js-pure/proposals/string-left-right-trim.js'
npm warn tar TAR_ENTRY_ERROR ENOENT: no such file or directory, open '/home/kavia/workspace/code-generation/tictacplus-persistent-fullstack-tic-tac-toe-61826-a614edb6/tic_tac_toe_frontend/node_modules/core-js-pure/proposals/string-match-all.js'
npm warn tar TAR_ENTRY_ERROR ENOENT: no such file or directory, open '/home/kavia/workspace/code-generation/tictacplus-persistent-fullstack-tic-tac-toe-61826-a614edb6/tic_tac_toe_frontend/node_modules/core-js-pure/internals/string-multibyte.js'
npm warn tar TAR_ENTRY_ERROR ENOENT: no such file or directory, open '/home/kavia/workspace/code-generation/tictacplus-persistent-fullstack-tic-tac-toe-61826-a614edb6/tic_tac_toe_frontend/node_modules/core-js-pure/internals/string-pad-webkit-bug.js'
npm warn tar TAR_ENTRY_ERROR ENOENT: no such file or directory, open '/home/kavia/workspace/code-generation/tictacplus-persistent-fullstack-tic-tac-toe-61826-a614edb6/tic_tac_toe_frontend/node_modules/core-js-pure/internals/string-pad.js'
npm warn tar TAR_ENTRY_ERROR ENOENT: no such file or directory, open '/home/kavia/workspace/code-generation/tictacplus-persistent-fullstack-tic-tac-toe-61826-a614edb6/tic_tac_toe_frontend/node_modules/core-js-pure/proposals/string-padding.js'
npm warn tar TAR_ENTRY_ERROR ENOENT: no such file or directory, open '/home/kavia/workspace/code-generation/tictacplus-persistent-fullstack-tic-tac-toe-61826-a614edb6/tic_tac_toe_frontend/node_modules/core-js-pure/internals/string-parse.js'
npm warn tar TAR_ENTRY_ERROR ENOENT: no such file or directory, open '/home/kavia/workspace/code-generation/tictacplus-persistent-fullstack-tic-tac-toe-61826-a614edb6/tic_tac_toe_frontend/node_modules/core-js-pure/internals/string-punycode-to-ascii.js'
npm warn tar TAR_ENTRY_ERROR ENOENT: no such file or directory, open '/home/kavia/workspace/code-generation/tictacplus-persistent-fullstack-tic-tac-toe-61826-a614edb6/tic_tac_toe_frontend/node_modules/core-js-pure/internals/string-repeat.js'
npm warn tar TAR_ENTRY_ERROR ENOENT: no such file or directory, open '/home/kavia/workspace/code-generation/tictacplus-persistent-fullstack-tic-tac-toe-61826-a614edb6/tic_tac_toe_frontend/node_modules/core-js-pure/proposals/string-replace-all-stage-4.js'
npm warn tar TAR_ENTRY_ERROR ENOENT: no such file or directory, open '/home/kavia/workspace/code-generation/tictacplus-persistent-fullstack-tic-tac-toe-61826-a614edb6/tic_tac_toe_frontend/node_modules/core-js-pure/proposals/string-replace-all.js'
npm warn tar TAR_ENTRY_ERROR ENOENT: no such file or directory, open '/home/kavia/workspace/code-generation/tictacplus-persistent-fullstack-tic-tac-toe-61826-a614edb6/tic_tac_toe_frontend/node_modules/core-js/proposals/string-at.js'
npm warn tar TAR_ENTRY_ERROR ENOENT: no such file or directory, open '/home/kavia/workspace/code-generation/tictacplus-persistent-fullstack-tic-tac-toe-61826-a614edb6/tic_tac_toe_frontend/node_modules/core-js-pure/internals/string-trim-end.js'
npm warn tar TAR_ENTRY_ERROR ENOENT: no such file or directory, open '/home/kavia/workspace/code-generation/tictacplus-persistent-fullstack-tic-tac-toe-61826-a614edb6/tic_tac_toe_frontend/node_modules/core-js/proposals/string-code-points.js'
npm warn tar TAR_ENTRY_ERROR ENOENT: no such file or directory, open '/home/kavia/workspace/code-generation/tictacplus-persistent-fullstack-tic-tac-toe-61826-a614edb6/tic_tac_toe_frontend/node_modules/core-js-pure/internals/string-trim-forced.js'
npm warn tar TAR_ENTRY_ERROR ENOENT: no such file or directory, open '/home/kavia/workspace/code-generation/tictacplus-persistent-fullstack-tic-tac-toe-61826-a614edb6/tic_tac_toe_frontend/node_modules/core-js/internals/string-cooked.js'
npm warn tar TAR_ENTRY_ERROR ENOENT: no such file or directory, open '/home/kavia/workspace/code-generation/tictacplus-persistent-fullstack-tic-tac-toe-61826-a614edb6/tic_tac_toe_frontend/node_modules/core-js-pure/internals/string-trim-start.js'
npm warn tar TAR_ENTRY_ERROR ENOENT: no such file or directory, open '/home/kavia/workspace/code-generation/tictacplus-persistent-fullstack-tic-tac-toe-61826-a614edb6/tic_tac_toe_frontend/node_modules/core-js/proposals/string-cooked.js'
npm warn tar TAR_ENTRY_ERROR ENOENT: no such file or directory, open '/home/kavia/workspace/code-generation/tictacplus-persistent-fullstack-tic-tac-toe-61826-a614edb6/tic_tac_toe_frontend/node_modules/core-js-pure/internals/string-trim.js'
npm warn tar TAR_ENTRY_ERROR ENOENT: no such file or directory, open '/home/kavia/workspace/code-generation/tictacplus-persistent-fullstack-tic-tac-toe-61826-a614edb6/tic_tac_toe_frontend/node_modules/core-js/proposals/string-dedent.js'
npm warn tar TAR_ENTRY_ERROR ENOENT: no such file or directory, open '/home/kavia/workspace/code-generation/tictacplus-persistent-fullstack-tic-tac-toe-61826-a614edb6/tic_tac_toe_frontend/node_modules/core-js/internals/string-html-forced.js'
npm warn tar TAR_ENTRY_ERROR ENOENT: no such file or directory, open '/home/kavia/workspace/code-generation/tictacplus-persistent-fullstack-tic-tac-toe-61826-a614edb6/tic_tac_toe_frontend/node_modules/core-js/proposals/string-left-right-trim.js'
npm warn tar TAR_ENTRY_ERROR ENOENT: no such file or directory, open '/home/kavia/workspace/code-generation/tictacplus-persistent-fullstack-tic-tac-toe-61826-a614edb6/tic_tac_toe_frontend/node_modules/core-js/proposals/string-match-all.js'
npm warn tar TAR_ENTRY_ERROR ENOENT: no such file or directory, open '/home/kavia/workspace/code-generation/tictacplus-persistent-fullstack-tic-tac-toe-61826-a614edb6/tic_tac_toe_frontend/node_modules/core-js/internals/string-multibyte.js'
npm warn tar TAR_ENTRY_ERROR ENOENT: no such file or directory, open '/home/kavia/workspace/code-generation/tictacplus-persistent-fullstack-tic-tac-toe-61826-a614edb6/tic_tac_toe_frontend/node_modules/core-js/internals/string-pad-webkit-bug.js'
npm warn tar TAR_ENTRY_ERROR ENOENT: no such file or directory, open '/home/kavia/workspace/code-generation/tictacplus-persistent-fullstack-tic-tac-toe-61826-a614edb6/tic_tac_toe_frontend/node_modules/core-js-pure/internals/structured-clone-proper-transfer.js'
npm warn tar TAR_ENTRY_ERROR ENOENT: no such file or directory, open '/home/kavia/workspace/code-generation/tictacplus-persistent-fullstack-tic-tac-toe-61826-a614edb6/tic_tac_toe_frontend/node_modules/core-js/internals/string-pad.js'
npm warn tar TAR_ENTRY_ERROR ENOENT: no such file or directory, open '/home/kavia/workspace/code-generation/tictacplus-persistent-fullstack-tic-tac-toe-61826-a614edb6/tic_tac_toe_frontend/node_modules/core-js/proposals/string-padding.js'
npm warn tar TAR_ENTRY_ERROR ENOENT: no such file or directory, open '/home/kavia/workspace/code-generation/tictacplus-persistent-fullstack-tic-tac-toe-61826-a614edb6/tic_tac_toe_frontend/node_modules/core-js/internals/string-parse.js'
npm warn tar TAR_ENTRY_ERROR ENOENT: no such file or directory, open '/home/kavia/workspace/code-generation/tictacplus-persistent-fullstack-tic-tac-toe-61826-a614edb6/tic_tac_toe_frontend/node_modules/core-js/internals/string-punycode-to-ascii.js'
npm warn tar TAR_ENTRY_ERROR ENOENT: no such file or directory, open '/home/kavia/workspace/code-generation/tictacplus-persistent-fullstack-tic-tac-toe-61826-a614edb6/tic_tac_toe_frontend/node_modules/core-js-pure/web/structured-clone.js'
npm warn tar TAR_ENTRY_ERROR ENOENT: no such file or directory, open '/home/kavia/workspace/code-generation/tictacplus-persistent-fullstack-tic-tac-toe-61826-a614edb6/tic_tac_toe_frontend/node_modules/core-js/internals/string-repeat.js'
npm warn tar TAR_ENTRY_ERROR ENOENT: no such file or directory, open '/home/kavia/workspace/code-generation/tictacplus-persistent-fullstack-tic-tac-toe-61826-a614edb6/tic_tac_toe_frontend/node_modules/core-js/proposals/string-replace-all-stage-4.js'
npm warn tar TAR_ENTRY_ERROR ENOENT: no such file or directory, open '/home/kavia/workspace/code-generation/tictacplus-persistent-fullstack-tic-tac-toe-61826-a614edb6/tic_tac_toe_frontend/node_modules/core-js/proposals/string-replace-all.js'
npm warn tar TAR_ENTRY_ERROR ENOENT: no such file or directory, open '/home/kavia/workspace/code-generation/tictacplus-persistent-fullstack-tic-tac-toe-61826-a614edb6/tic_tac_toe_frontend/node_modules/core-js/internals/string-trim-end.js'
npm warn tar TAR_ENTRY_ERROR ENOENT: no such file or directory, open '/home/kavia/workspace/code-generation/tictacplus-persistent-fullstack-tic-tac-toe-61826-a614edb6/tic_tac_toe_frontend/node_modules/core-js/internals/string-trim-forced.js'
npm warn tar TAR_ENTRY_ERROR ENOENT: no such file or directory, open '/home/kavia/workspace/code-generation/tictacplus-persistent-fullstack-tic-tac-toe-61826-a614edb6/tic_tac_toe_frontend/node_modules/core-js/internals/string-trim-start.js'
npm warn tar TAR_ENTRY_ERROR ENOENT: no such file or directory, open '/home/kavia/workspace/code-generation/tictacplus-persistent-fullstack-tic-tac-toe-61826-a614edb6/tic_tac_toe_frontend/node_modules/core-js/internals/string-trim.js'
npm warn tar TAR_ENTRY_ERROR ENOENT: no such file or directory, open '/home/kavia/workspace/code-generation/tictacplus-persistent-fullstack-tic-tac-toe-61826-a614edb6/tic_tac_toe_frontend/node_modules/core-js/internals/structured-clone-proper-transfer.js'
npm warn tar TAR_ENTRY_ERROR ENOENT: no such file or directory, open '/home/kavia/workspace/code-generation/tictacplus-persistent-fullstack-tic-tac-toe-61826-a614edb6/tic_tac_toe_frontend/node_modules/core-js/web/structured-clone.js'
npm warn tar TAR_ENTRY_ERROR ENOENT: no such file or directory, open '/home/kavia/workspace/code-generation/tictacplus-persistent-fullstack-tic-tac-toe-61826-a614edb6/tic_tac_toe_frontend/node_modules/core-js-pure/actual/math/sum-precise.js'
npm warn tar TAR_ENTRY_ERROR ENOENT: no such file or directory, open '/home/kavia/workspace/code-generation/tictacplus-persistent-fullstack-tic-tac-toe-61826-a614edb6/tic_tac_toe_frontend/node_modules/core-js-pure/features/math/sum-precise.js'
npm warn tar TAR_ENTRY_ERROR ENOENT: no such file or directory, open '/home/kavia/workspace/code-generation/tictacplus-persistent-fullstack-tic-tac-toe-61826-a614edb6/tic_tac_toe_frontend/node_modules/core-js-pure/full/math/sum-precise.js'
npm warn tar TAR_ENTRY_ERROR ENOENT: no such file or directory, open '/home/kavia/workspace/code-generation/tictacplus-persistent-fullstack-tic-tac-toe-61826-a614edb6/tic_tac_toe_frontend/node_modules/core-js-pure/internals/symbol-constructor-detection.js'
npm warn tar TAR_ENTRY_ERROR ENOENT: no such file or directory, open '/home/kavia/workspace/code-generation/tictacplus-persistent-fullstack-tic-tac-toe-61826-a614edb6/tic_tac_toe_frontend/node_modules/core-js-pure/internals/symbol-define-to-primitive.js'
npm warn tar TAR_ENTRY_ERROR ENOENT: no such file or directory, open '/home/kavia/workspace/code-generation/tictacplus-persistent-fullstack-tic-tac-toe-61826-a614edb6/tic_tac_toe_frontend/node_modules/core-js/actual/math/sum-precise.js'
npm warn tar TAR_ENTRY_ERROR ENOENT: no such file or directory, open '/home/kavia/workspace/code-generation/tictacplus-persistent-fullstack-tic-tac-toe-61826-a614edb6/tic_tac_toe_frontend/node_modules/core-js-pure/proposals/symbol-description.js'
npm warn tar TAR_ENTRY_ERROR ENOENT: no such file or directory, open '/home/kavia/workspace/code-generation/tictacplus-persistent-fullstack-tic-tac-toe-61826-a614edb6/tic_tac_toe_frontend/node_modules/core-js/features/math/sum-precise.js'
npm warn tar TAR_ENTRY_ERROR ENOENT: no such file or directory, open '/home/kavia/workspace/code-generation/tictacplus-persistent-fullstack-tic-tac-toe-61826-a614edb6/tic_tac_toe_frontend/node_modules/core-js-pure/internals/symbol-is-registered.js'
npm warn tar TAR_ENTRY_ERROR ENOENT: no such file or directory, open '/home/kavia/workspace/code-generation/tictacplus-persistent-fullstack-tic-tac-toe-61826-a614edb6/tic_tac_toe_frontend/node_modules/core-js/full/math/sum-precise.js'
npm warn tar TAR_ENTRY_ERROR ENOENT: no such file or directory, open '/home/kavia/workspace/code-generation/tictacplus-persistent-fullstack-tic-tac-toe-61826-a614edb6/tic_tac_toe_frontend/node_modules/core-js-pure/internals/symbol-is-well-known.js'
npm warn tar TAR_ENTRY_ERROR ENOENT: no such file or directory, open '/home/kavia/workspace/code-generation/tictacplus-persistent-fullstack-tic-tac-toe-61826-a614edb6/tic_tac_toe_frontend/node_modules/core-js-pure/proposals/symbol-predicates-v2.js'
npm warn tar TAR_ENTRY_ERROR ENOENT: no such file or directory, open '/home/kavia/workspace/code-generation/tictacplus-persistent-fullstack-tic-tac-toe-61826-a614edb6/tic_tac_toe_frontend/node_modules/core-js-pure/proposals/symbol-predicates.js'
npm warn tar TAR_ENTRY_ERROR ENOENT: no such file or directory, open '/home/kavia/workspace/code-generation/tictacplus-persistent-fullstack-tic-tac-toe-61826-a614edb6/tic_tac_toe_frontend/node_modules/core-js-pure/internals/symbol-registry-detection.js'
npm warn tar TAR_ENTRY_ERROR ENOENT: no such file or directory, open '/home/kavia/workspace/code-generation/tictacplus-persistent-fullstack-tic-tac-toe-61826-a614edb6/tic_tac_toe_frontend/node_modules/core-js-pure/actual/set/symmetric-difference.js'
npm warn tar TAR_ENTRY_ERROR ENOENT: no such file or directory, open '/home/kavia/workspace/code-generation/tictacplus-persistent-fullstack-tic-tac-toe-61826-a614edb6/tic_tac_toe_frontend/node_modules/core-js-pure/es/set/symmetric-difference.js'
npm warn tar TAR_ENTRY_ERROR ENOENT: no such file or directory, open '/home/kavia/workspace/code-generation/tictacplus-persistent-fullstack-tic-tac-toe-61826-a614edb6/tic_tac_toe_frontend/node_modules/core-js-pure/features/set/symmetric-difference.js'
npm warn tar TAR_ENTRY_ERROR ENOENT: no such file or directory, open '/home/kavia/workspace/code-generation/tictacplus-persistent-fullstack-tic-tac-toe-61826-a614edb6/tic_tac_toe_frontend/node_modules/core-js-pure/stable/set/symmetric-difference.js'
npm warn tar TAR_ENTRY_ERROR ENOENT: no such file or directory, open '/home/kavia/workspace/code-generation/tictacplus-persistent-fullstack-tic-tac-toe-61826-a614edb6/tic_tac_toe_frontend/node_modules/core-js/internals/symbol-constructor-detection.js'
npm warn tar TAR_ENTRY_ERROR ENOENT: no such file or directory, open '/home/kavia/workspace/code-generation/tictacplus-persistent-fullstack-tic-tac-toe-61826-a614edb6/tic_tac_toe_frontend/node_modules/core-js/internals/symbol-define-to-primitive.js'
npm warn tar TAR_ENTRY_ERROR ENOENT: no such file or directory, open '/home/kavia/workspace/code-generation/tictacplus-persistent-fullstack-tic-tac-toe-61826-a614edb6/tic_tac_toe_frontend/node_modules/core-js/proposals/symbol-description.js'
npm warn tar TAR_ENTRY_ERROR ENOENT: no such file or directory, open '/home/kavia/workspace/code-generation/tictacplus-persistent-fullstack-tic-tac-toe-61826-a614edb6/tic_tac_toe_frontend/node_modules/core-js/internals/symbol-is-registered.js'
npm warn tar TAR_ENTRY_ERROR ENOENT: no such file or directory, open '/home/kavia/workspace/code-generation/tictacplus-persistent-fullstack-tic-tac-toe-61826-a614edb6/tic_tac_toe_frontend/node_modules/core-js-pure/actual/math/tanh.js'
npm warn tar TAR_ENTRY_ERROR ENOENT: no such file or directory, open '/home/kavia/workspace/code-generation/tictacplus-persistent-fullstack-tic-tac-toe-61826-a614edb6/tic_tac_toe_frontend/node_modules/core-js/internals/symbol-is-well-known.js'
npm warn tar TAR_ENTRY_ERROR ENOENT: no such file or directory, open '/home/kavia/workspace/code-generation/tictacplus-persistent-fullstack-tic-tac-toe-61826-a614edb6/tic_tac_toe_frontend/node_modules/core-js-pure/es/math/tanh.js'
npm warn tar TAR_ENTRY_ERROR ENOENT: no such file or directory, open '/home/kavia/workspace/code-generation/tictacplus-persistent-fullstack-tic-tac-toe-61826-a614edb6/tic_tac_toe_frontend/node_modules/core-js/proposals/symbol-predicates-v2.js'
npm warn tar TAR_ENTRY_ERROR ENOENT: no such file or directory, open '/home/kavia/workspace/code-generation/tictacplus-persistent-fullstack-tic-tac-toe-61826-a614edb6/tic_tac_toe_frontend/node_modules/core-js-pure/features/math/tanh.js'
npm warn tar TAR_ENTRY_ERROR ENOENT: no such file or directory, open '/home/kavia/workspace/code-generation/tictacplus-persistent-fullstack-tic-tac-toe-61826-a614edb6/tic_tac_toe_frontend/node_modules/core-js/proposals/symbol-predicates.js'
npm warn tar TAR_ENTRY_ERROR ENOENT: no such file or directory, open '/home/kavia/workspace/code-generation/tictacplus-persistent-fullstack-tic-tac-toe-61826-a614edb6/tic_tac_toe_frontend/node_modules/core-js-pure/full/math/tanh.js'
npm warn tar TAR_ENTRY_ERROR ENOENT: no such file or directory, open '/home/kavia/workspace/code-generation/tictacplus-persistent-fullstack-tic-tac-toe-61826-a614edb6/tic_tac_toe_frontend/node_modules/core-js/internals/symbol-registry-detection.js'
npm warn tar TAR_ENTRY_ERROR ENOENT: no such file or directory, open '/home/kavia/workspace/code-generation/tictacplus-persistent-fullstack-tic-tac-toe-61826-a614edb6/tic_tac_toe_frontend/node_modules/core-js-pure/stable/math/tanh.js'
npm warn tar TAR_ENTRY_ERROR ENOENT: no such file or directory, open '/home/kavia/workspace/code-generation/tictacplus-persistent-fullstack-tic-tac-toe-61826-a614edb6/tic_tac_toe_frontend/node_modules/core-js/actual/set/symmetric-difference.js'
npm warn tar TAR_ENTRY_ERROR ENOENT: no such file or directory, open '/home/kavia/workspace/code-generation/tictacplus-persistent-fullstack-tic-tac-toe-61826-a614edb6/tic_tac_toe_frontend/node_modules/core-js-pure/internals/task.js'
npm warn tar TAR_ENTRY_ERROR ENOENT: no such file or directory, open '/home/kavia/workspace/code-generation/tictacplus-persistent-fullstack-tic-tac-toe-61826-a614edb6/tic_tac_toe_frontend/node_modules/core-js/es/set/symmetric-difference.js'
npm warn tar TAR_ENTRY_ERROR ENOENT: no such file or directory, open '/home/kavia/workspace/code-generation/tictacplus-persistent-fullstack-tic-tac-toe-61826-a614edb6/tic_tac_toe_frontend/node_modules/core-js/features/set/symmetric-difference.js'
npm warn tar TAR_ENTRY_ERROR ENOENT: no such file or directory, open '/home/kavia/workspace/code-generation/tictacplus-persistent-fullstack-tic-tac-toe-61826-a614edb6/tic_tac_toe_frontend/node_modules/core-js/stable/set/symmetric-difference.js'
npm warn tar TAR_ENTRY_ERROR ENOENT: no such file or directory, open '/home/kavia/workspace/code-generation/tictacplus-persistent-fullstack-tic-tac-toe-61826-a614edb6/tic_tac_toe_frontend/node_modules/core-js-pure/internals/this-number-value.js'
npm warn tar TAR_ENTRY_ERROR ENOENT: no such file or directory, open '/home/kavia/workspace/code-generation/tictacplus-persistent-fullstack-tic-tac-toe-61826-a614edb6/tic_tac_toe_frontend/node_modules/core-js-pure/web/timers.js'
npm warn tar TAR_ENTRY_ERROR ENOENT: no such file or directory, open '/home/kavia/workspace/code-generation/tictacplus-persistent-fullstack-tic-tac-toe-61826-a614edb6/tic_tac_toe_frontend/node_modules/core-js-pure/internals/to-absolute-index.js'
npm warn tar TAR_ENTRY_ERROR ENOENT: no such file or directory, open '/home/kavia/workspace/code-generation/tictacplus-persistent-fullstack-tic-tac-toe-61826-a614edb6/tic_tac_toe_frontend/node_modules/core-js/actual/math/tanh.js'
npm warn tar TAR_ENTRY_ERROR ENOENT: no such file or directory, open '/home/kavia/workspace/code-generation/tictacplus-persistent-fullstack-tic-tac-toe-61826-a614edb6/tic_tac_toe_frontend/node_modules/core-js/es/math/tanh.js'
npm warn tar TAR_ENTRY_ERROR ENOENT: no such file or directory, open '/home/kavia/workspace/code-generation/tictacplus-persistent-fullstack-tic-tac-toe-61826-a614edb6/tic_tac_toe_frontend/node_modules/core-js/features/math/tanh.js'
npm warn tar TAR_ENTRY_ERROR ENOENT: no such file or directory, open '/home/kavia/workspace/code-generation/tictacplus-persistent-fullstack-tic-tac-toe-61826-a614edb6/tic_tac_toe_frontend/node_modules/core-js/full/math/tanh.js'
npm warn tar TAR_ENTRY_ERROR ENOENT: no such file or directory, open '/home/kavia/workspace/code-generation/tictacplus-persistent-fullstack-tic-tac-toe-61826-a614edb6/tic_tac_toe_frontend/node_modules/core-js/stable/math/tanh.js'
npm warn tar TAR_ENTRY_ERROR ENOENT: no such file or directory, open '/home/kavia/workspace/code-generation/tictacplus-persistent-fullstack-tic-tac-toe-61826-a614edb6/tic_tac_toe_frontend/node_modules/core-js/internals/task.js'
npm warn tar TAR_ENTRY_ERROR ENOENT: no such file or directory, open '/home/kavia/workspace/code-generation/tictacplus-persistent-fullstack-tic-tac-toe-61826-a614edb6/tic_tac_toe_frontend/node_modules/core-js/es/regexp/test.js'
npm warn tar TAR_ENTRY_ERROR ENOENT: no such file or directory, open '/home/kavia/workspace/code-generation/tictacplus-persistent-fullstack-tic-tac-toe-61826-a614edb6/tic_tac_toe_frontend/node_modules/core-js/features/regexp/test.js'
npm warn tar TAR_ENTRY_ERROR ENOENT: no such file or directory, open '/home/kavia/workspace/code-generation/tictacplus-persistent-fullstack-tic-tac-toe-61826-a614edb6/tic_tac_toe_frontend/node_modules/core-js/full/regexp/test.js'
npm warn tar TAR_ENTRY_ERROR ENOENT: no such file or directory, open '/home/kavia/workspace/code-generation/tictacplus-persistent-fullstack-tic-tac-toe-61826-a614edb6/tic_tac_toe_frontend/node_modules/core-js-pure/internals/to-big-int.js'
npm warn tar TAR_ENTRY_ERROR ENOENT: no such file or directory, open '/home/kavia/workspace/code-generation/tictacplus-persistent-fullstack-tic-tac-toe-61826-a614edb6/tic_tac_toe_frontend/node_modules/core-js/stable/regexp/test.js'
npm warn tar TAR_ENTRY_ERROR ENOENT: no such file or directory, open '/home/kavia/workspace/code-generation/tictacplus-persistent-fullstack-tic-tac-toe-61826-a614edb6/tic_tac_toe_frontend/node_modules/core-js-pure/actual/number/to-exponential.js'
npm warn tar TAR_ENTRY_ERROR ENOENT: no such file or directory, open '/home/kavia/workspace/code-generation/tictacplus-persistent-fullstack-tic-tac-toe-61826-a614edb6/tic_tac_toe_frontend/node_modules/core-js/internals/this-number-value.js'
npm warn tar TAR_ENTRY_ERROR ENOENT: no such file or directory, lstat '/home/kavia/workspace/code-generation/tictacplus-persistent-fullstack-tic-tac-toe-61826-a614edb6/tic_tac_toe_frontend/node_modules/core-js-pure/actual/number/virtual'
npm warn tar TAR_ENTRY_ERROR ENOENT: no such file or directory, open '/home/kavia/workspace/code-generation/tictacplus-persistent-fullstack-tic-tac-toe-61826-a614edb6/tic_tac_toe_frontend/node_modules/core-js/web/timers.js'
npm warn tar TAR_ENTRY_ERROR ENOENT: no such file or directory, open '/home/kavia/workspace/code-generation/tictacplus-persistent-fullstack-tic-tac-toe-61826-a614edb6/tic_tac_toe_frontend/node_modules/core-js/internals/to-absolute-index.js'
npm warn tar TAR_ENTRY_ERROR ENOENT: no such file or directory, open '/home/kavia/workspace/code-generation/tictacplus-persistent-fullstack-tic-tac-toe-61826-a614edb6/tic_tac_toe_frontend/node_modules/core-js-pure/es/number/to-exponential.js'
npm warn tar TAR_ENTRY_ERROR ENOENT: no such file or directory, lstat '/home/kavia/workspace/code-generation/tictacplus-persistent-fullstack-tic-tac-toe-61826-a614edb6/tic_tac_toe_frontend/node_modules/core-js-pure/es/number/virtual'
npm warn tar TAR_ENTRY_ERROR ENOENT: no such file or directory, open '/home/kavia/workspace/code-generation/tictacplus-persistent-fullstack-tic-tac-toe-61826-a614edb6/tic_tac_toe_frontend/node_modules/core-js-pure/features/number/to-exponential.js'
npm warn tar TAR_ENTRY_ERROR ENOENT: no such file or directory, lstat '/home/kavia/workspace/code-generation/tictacplus-persistent-fullstack-tic-tac-toe-61826-a614edb6/tic_tac_toe_frontend/node_modules/core-js-pure/features/number/virtual'
npm warn tar TAR_ENTRY_ERROR ENOENT: no such file or directory, open '/home/kavia/workspace/code-generation/tictacplus-persistent-fullstack-tic-tac-toe-61826-a614edb6/tic_tac_toe_frontend/node_modules/core-js-pure/full/number/to-exponential.js'
npm warn tar TAR_ENTRY_ERROR ENOENT: no such file or directory, lstat '/home/kavia/workspace/code-generation/tictacplus-persistent-fullstack-tic-tac-toe-61826-a614edb6/tic_tac_toe_frontend/node_modules/core-js-pure/full/number/virtual'
npm warn tar TAR_ENTRY_ERROR ENOENT: no such file or directory, open '/home/kavia/workspace/code-generation/tictacplus-persistent-fullstack-tic-tac-toe-61826-a614edb6/tic_tac_toe_frontend/node_modules/core-js-pure/stable/number/to-exponential.js'
npm warn tar TAR_ENTRY_ERROR ENOENT: no such file or directory, lstat '/home/kavia/workspace/code-generation/tictacplus-persistent-fullstack-tic-tac-toe-61826-a614edb6/tic_tac_toe_frontend/node_modules/core-js-pure/stable/number/virtual'
npm warn tar TAR_ENTRY_ERROR ENOENT: no such file or directory, open '/home/kavia/workspace/code-generation/tictacplus-persistent-fullstack-tic-tac-toe-61826-a614edb6/tic_tac_toe_frontend/node_modules/core-js-pure/actual/number/to-fixed.js'
npm warn tar TAR_ENTRY_ERROR ENOENT: no such file or directory, lstat '/home/kavia/workspace/code-generation/tictacplus-persistent-fullstack-tic-tac-toe-61826-a614edb6/tic_tac_toe_frontend/node_modules/core-js-pure/actual/number/virtual'
npm warn tar TAR_ENTRY_ERROR ENOENT: no such file or directory, open '/home/kavia/workspace/code-generation/tictacplus-persistent-fullstack-tic-tac-toe-61826-a614edb6/tic_tac_toe_frontend/node_modules/core-js/internals/to-big-int.js'
npm warn tar TAR_ENTRY_ERROR ENOENT: no such file or directory, open '/home/kavia/workspace/code-generation/tictacplus-persistent-fullstack-tic-tac-toe-61826-a614edb6/tic_tac_toe_frontend/node_modules/core-js-pure/es/number/to-fixed.js'
npm warn tar TAR_ENTRY_ERROR ENOENT: no such file or directory, open '/home/kavia/workspace/code-generation/tictacplus-persistent-fullstack-tic-tac-toe-61826-a614edb6/tic_tac_toe_frontend/node_modules/core-js/actual/number/to-exponential.js'
npm warn tar TAR_ENTRY_ERROR ENOENT: no such file or directory, lstat '/home/kavia/workspace/code-generation/tictacplus-persistent-fullstack-tic-tac-toe-61826-a614edb6/tic_tac_toe_frontend/node_modules/core-js-pure/es/number/virtual'
npm warn tar TAR_ENTRY_ERROR ENOENT: no such file or directory, lstat '/home/kavia/workspace/code-generation/tictacplus-persistent-fullstack-tic-tac-toe-61826-a614edb6/tic_tac_toe_frontend/node_modules/core-js/actual/number/virtual'
npm warn tar TAR_ENTRY_ERROR ENOENT: no such file or directory, open '/home/kavia/workspace/code-generation/tictacplus-persistent-fullstack-tic-tac-toe-61826-a614edb6/tic_tac_toe_frontend/node_modules/core-js-pure/features/number/to-fixed.js'
npm warn tar TAR_ENTRY_ERROR ENOENT: no such file or directory, open '/home/kavia/workspace/code-generation/tictacplus-persistent-fullstack-tic-tac-toe-61826-a614edb6/tic_tac_toe_frontend/node_modules/core-js/es/number/to-exponential.js'
npm warn tar TAR_ENTRY_ERROR ENOENT: no such file or directory, lstat '/home/kavia/workspace/code-generation/tictacplus-persistent-fullstack-tic-tac-toe-61826-a614edb6/tic_tac_toe_frontend/node_modules/core-js-pure/features/number/virtual'
npm warn tar TAR_ENTRY_ERROR ENOENT: no such file or directory, lstat '/home/kavia/workspace/code-generation/tictacplus-persistent-fullstack-tic-tac-toe-61826-a614edb6/tic_tac_toe_frontend/node_modules/core-js/es/number/virtual'
npm warn tar TAR_ENTRY_ERROR ENOENT: no such file or directory, open '/home/kavia/workspace/code-generation/tictacplus-persistent-fullstack-tic-tac-toe-61826-a614edb6/tic_tac_toe_frontend/node_modules/core-js-pure/full/number/to-fixed.js'
npm warn tar TAR_ENTRY_ERROR ENOENT: no such file or directory, open '/home/kavia/workspace/code-generation/tictacplus-persistent-fullstack-tic-tac-toe-61826-a614edb6/tic_tac_toe_frontend/node_modules/core-js/features/number/to-exponential.js'
npm warn tar TAR_ENTRY_ERROR ENOENT: no such file or directory, lstat '/home/kavia/workspace/code-generation/tictacplus-persistent-fullstack-tic-tac-toe-61826-a614edb6/tic_tac_toe_frontend/node_modules/core-js-pure/full/number/virtual'
npm warn tar TAR_ENTRY_ERROR ENOENT: no such file or directory, lstat '/home/kavia/workspace/code-generation/tictacplus-persistent-fullstack-tic-tac-toe-61826-a614edb6/tic_tac_toe_frontend/node_modules/core-js/features/number/virtual'
npm warn tar TAR_ENTRY_ERROR ENOENT: no such file or directory, open '/home/kavia/workspace/code-generation/tictacplus-persistent-fullstack-tic-tac-toe-61826-a614edb6/tic_tac_toe_frontend/node_modules/core-js-pure/stable/number/to-fixed.js'
npm warn tar TAR_ENTRY_ERROR ENOENT: no such file or directory, open '/home/kavia/workspace/code-generation/tictacplus-persistent-fullstack-tic-tac-toe-61826-a614edb6/tic_tac_toe_frontend/node_modules/core-js/full/number/to-exponential.js'
npm warn tar TAR_ENTRY_ERROR ENOENT: no such file or directory, lstat '/home/kavia/workspace/code-generation/tictacplus-persistent-fullstack-tic-tac-toe-61826-a614edb6/tic_tac_toe_frontend/node_modules/core-js-pure/stable/number/virtual'
npm warn tar TAR_ENTRY_ERROR ENOENT: no such file or directory, lstat '/home/kavia/workspace/code-generation/tictacplus-persistent-fullstack-tic-tac-toe-61826-a614edb6/tic_tac_toe_frontend/node_modules/core-js/full/number/virtual'
npm warn tar TAR_ENTRY_ERROR ENOENT: no such file or directory, open '/home/kavia/workspace/code-generation/tictacplus-persistent-fullstack-tic-tac-toe-61826-a614edb6/tic_tac_toe_frontend/node_modules/core-js/stable/number/to-exponential.js'
npm warn tar TAR_ENTRY_ERROR ENOENT: no such file or directory, lstat '/home/kavia/workspace/code-generation/tictacplus-persistent-fullstack-tic-tac-toe-61826-a614edb6/tic_tac_toe_frontend/node_modules/core-js/stable/number/virtual'
npm warn tar TAR_ENTRY_ERROR ENOENT: no such file or directory, open '/home/kavia/workspace/code-generation/tictacplus-persistent-fullstack-tic-tac-toe-61826-a614edb6/tic_tac_toe_frontend/node_modules/core-js/actual/number/to-fixed.js'
npm warn tar TAR_ENTRY_ERROR ENOENT: no such file or directory, lstat '/home/kavia/workspace/code-generation/tictacplus-persistent-fullstack-tic-tac-toe-61826-a614edb6/tic_tac_toe_frontend/node_modules/core-js/actual/number/virtual'
npm warn tar TAR_ENTRY_ERROR ENOENT: no such file or directory, open '/home/kavia/workspace/code-generation/tictacplus-persistent-fullstack-tic-tac-toe-61826-a614edb6/tic_tac_toe_frontend/node_modules/core-js/es/number/to-fixed.js'
npm warn tar TAR_ENTRY_ERROR ENOENT: no such file or directory, lstat '/home/kavia/workspace/code-generation/tictacplus-persistent-fullstack-tic-tac-toe-61826-a614edb6/tic_tac_toe_frontend/node_modules/core-js/es/number/virtual'
npm warn tar TAR_ENTRY_ERROR ENOENT: no such file or directory, open '/home/kavia/workspace/code-generation/tictacplus-persistent-fullstack-tic-tac-toe-61826-a614edb6/tic_tac_toe_frontend/node_modules/core-js-pure/internals/to-index.js'
npm warn tar TAR_ENTRY_ERROR ENOENT: no such file or directory, open '/home/kavia/workspace/code-generation/tictacplus-persistent-fullstack-tic-tac-toe-61826-a614edb6/tic_tac_toe_frontend/node_modules/core-js-pure/internals/to-indexed-object.js'
npm warn tar TAR_ENTRY_ERROR ENOENT: no such file or directory, open '/home/kavia/workspace/code-generation/tictacplus-persistent-fullstack-tic-tac-toe-61826-a614edb6/tic_tac_toe_frontend/node_modules/core-js/features/number/to-fixed.js'
npm warn tar TAR_ENTRY_ERROR ENOENT: no such file or directory, open '/home/kavia/workspace/code-generation/tictacplus-persistent-fullstack-tic-tac-toe-61826-a614edb6/tic_tac_toe_frontend/node_modules/core-js-pure/internals/to-integer-or-infinity.js'
npm warn tar TAR_ENTRY_ERROR ENOENT: no such file or directory, lstat '/home/kavia/workspace/code-generation/tictacplus-persistent-fullstack-tic-tac-toe-61826-a614edb6/tic_tac_toe_frontend/node_modules/core-js/features/number/virtual'
npm warn tar TAR_ENTRY_ERROR ENOENT: no such file or directory, open '/home/kavia/workspace/code-generation/tictacplus-persistent-fullstack-tic-tac-toe-61826-a614edb6/tic_tac_toe_frontend/node_modules/core-js/full/number/to-fixed.js'
npm warn tar TAR_ENTRY_ERROR ENOENT: no such file or directory, lstat '/home/kavia/workspace/code-generation/tictacplus-persistent-fullstack-tic-tac-toe-61826-a614edb6/tic_tac_toe_frontend/node_modules/core-js/full/number/virtual'
npm warn tar TAR_ENTRY_ERROR ENOENT: no such file or directory, open '/home/kavia/workspace/code-generation/tictacplus-persistent-fullstack-tic-tac-toe-61826-a614edb6/tic_tac_toe_frontend/node_modules/core-js/stable/number/to-fixed.js'
npm warn tar TAR_ENTRY_ERROR ENOENT: no such file or directory, lstat '/home/kavia/workspace/code-generation/tictacplus-persistent-fullstack-tic-tac-toe-61826-a614edb6/tic_tac_toe_frontend/node_modules/core-js/stable/number/virtual'
npm warn tar TAR_ENTRY_ERROR ENOENT: no such file or directory, open '/home/kavia/workspace/code-generation/tictacplus-persistent-fullstack-tic-tac-toe-61826-a614edb6/tic_tac_toe_frontend/node_modules/core-js-pure/actual/url/to-json.js'
npm warn tar TAR_ENTRY_ERROR ENOENT: no such file or directory, open '/home/kavia/workspace/code-generation/tictacplus-persistent-fullstack-tic-tac-toe-61826-a614edb6/tic_tac_toe_frontend/node_modules/core-js-pure/features/url/to-json.js'
npm warn tar TAR_ENTRY_ERROR ENOENT: no such file or directory, open '/home/kavia/workspace/code-generation/tictacplus-persistent-fullstack-tic-tac-toe-61826-a614edb6/tic_tac_toe_frontend/node_modules/core-js-pure/full/url/to-json.js'
npm warn tar TAR_ENTRY_ERROR ENOENT: no such file or directory, open '/home/kavia/workspace/code-generation/tictacplus-persistent-fullstack-tic-tac-toe-61826-a614edb6/tic_tac_toe_frontend/node_modules/core-js-pure/stable/url/to-json.js'
npm warn tar TAR_ENTRY_ERROR ENOENT: no such file or directory, open '/home/kavia/workspace/code-generation/tictacplus-persistent-fullstack-tic-tac-toe-61826-a614edb6/tic_tac_toe_frontend/node_modules/core-js-pure/internals/to-length.js'
npm warn tar TAR_ENTRY_ERROR ENOENT: no such file or directory, open '/home/kavia/workspace/code-generation/tictacplus-persistent-fullstack-tic-tac-toe-61826-a614edb6/tic_tac_toe_frontend/node_modules/core-js/internals/to-index.js'
npm warn tar TAR_ENTRY_ERROR ENOENT: no such file or directory, open '/home/kavia/workspace/code-generation/tictacplus-persistent-fullstack-tic-tac-toe-61826-a614edb6/tic_tac_toe_frontend/node_modules/core-js/internals/to-indexed-object.js'
npm warn tar TAR_ENTRY_ERROR ENOENT: no such file or directory, open '/home/kavia/workspace/code-generation/tictacplus-persistent-fullstack-tic-tac-toe-61826-a614edb6/tic_tac_toe_frontend/node_modules/core-js/internals/to-integer-or-infinity.js'
npm warn tar TAR_ENTRY_ERROR ENOENT: no such file or directory, open '/home/kavia/workspace/code-generation/tictacplus-persistent-fullstack-tic-tac-toe-61826-a614edb6/tic_tac_toe_frontend/node_modules/core-js-pure/internals/to-object.js'
npm warn tar TAR_ENTRY_ERROR ENOENT: no such file or directory, open '/home/kavia/workspace/code-generation/tictacplus-persistent-fullstack-tic-tac-toe-61826-a614edb6/tic_tac_toe_frontend/node_modules/core-js-pure/internals/to-offset.js'
npm warn tar TAR_ENTRY_ERROR ENOENT: no such file or directory, open '/home/kavia/workspace/code-generation/tictacplus-persistent-fullstack-tic-tac-toe-61826-a614edb6/tic_tac_toe_frontend/node_modules/core-js-pure/internals/to-positive-integer.js'
npm warn tar TAR_ENTRY_ERROR ENOENT: no such file or directory, open '/home/kavia/workspace/code-generation/tictacplus-persistent-fullstack-tic-tac-toe-61826-a614edb6/tic_tac_toe_frontend/node_modules/core-js-pure/actual/number/to-precision.js'
npm warn tar TAR_ENTRY_ERROR ENOENT: no such file or directory, lstat '/home/kavia/workspace/code-generation/tictacplus-persistent-fullstack-tic-tac-toe-61826-a614edb6/tic_tac_toe_frontend/node_modules/core-js-pure/actual/number/virtual'
npm warn tar TAR_ENTRY_ERROR ENOENT: no such file or directory, open '/home/kavia/workspace/code-generation/tictacplus-persistent-fullstack-tic-tac-toe-61826-a614edb6/tic_tac_toe_frontend/node_modules/core-js/actual/url/to-json.js'
npm warn tar TAR_ENTRY_ERROR ENOENT: no such file or directory, open '/home/kavia/workspace/code-generation/tictacplus-persistent-fullstack-tic-tac-toe-61826-a614edb6/tic_tac_toe_frontend/node_modules/core-js-pure/es/number/to-precision.js'
npm warn tar TAR_ENTRY_ERROR ENOENT: no such file or directory, lstat '/home/kavia/workspace/code-generation/tictacplus-persistent-fullstack-tic-tac-toe-61826-a614edb6/tic_tac_toe_frontend/node_modules/core-js-pure/es/number/virtual'
npm warn tar TAR_ENTRY_ERROR ENOENT: no such file or directory, open '/home/kavia/workspace/code-generation/tictacplus-persistent-fullstack-tic-tac-toe-61826-a614edb6/tic_tac_toe_frontend/node_modules/core-js/features/url/to-json.js'
npm warn tar TAR_ENTRY_ERROR ENOENT: no such file or directory, open '/home/kavia/workspace/code-generation/tictacplus-persistent-fullstack-tic-tac-toe-61826-a614edb6/tic_tac_toe_frontend/node_modules/core-js-pure/features/number/to-precision.js'
npm warn tar TAR_ENTRY_ERROR ENOENT: no such file or directory, open '/home/kavia/workspace/code-generation/tictacplus-persistent-fullstack-tic-tac-toe-61826-a614edb6/tic_tac_toe_frontend/node_modules/core-js/full/url/to-json.js'
npm warn tar TAR_ENTRY_ERROR ENOENT: no such file or directory, lstat '/home/kavia/workspace/code-generation/tictacplus-persistent-fullstack-tic-tac-toe-61826-a614edb6/tic_tac_toe_frontend/node_modules/core-js-pure/features/number/virtual'
npm warn tar TAR_ENTRY_ERROR ENOENT: no such file or directory, open '/home/kavia/workspace/code-generation/tictacplus-persistent-fullstack-tic-tac-toe-61826-a614edb6/tic_tac_toe_frontend/node_modules/core-js/stable/url/to-json.js'
npm warn tar TAR_ENTRY_ERROR ENOENT: no such file or directory, open '/home/kavia/workspace/code-generation/tictacplus-persistent-fullstack-tic-tac-toe-61826-a614edb6/tic_tac_toe_frontend/node_modules/core-js-pure/full/number/to-precision.js'
npm warn tar TAR_ENTRY_ERROR ENOENT: no such file or directory, open '/home/kavia/workspace/code-generation/tictacplus-persistent-fullstack-tic-tac-toe-61826-a614edb6/tic_tac_toe_frontend/node_modules/core-js/internals/to-length.js'
npm warn tar TAR_ENTRY_ERROR ENOENT: no such file or directory, lstat '/home/kavia/workspace/code-generation/tictacplus-persistent-fullstack-tic-tac-toe-61826-a614edb6/tic_tac_toe_frontend/node_modules/core-js-pure/full/number/virtual'
npm warn tar TAR_ENTRY_ERROR ENOENT: no such file or directory, open '/home/kavia/workspace/code-generation/tictacplus-persistent-fullstack-tic-tac-toe-61826-a614edb6/tic_tac_toe_frontend/node_modules/core-js-pure/stable/number/to-precision.js'
npm warn tar TAR_ENTRY_ERROR ENOENT: no such file or directory, lstat '/home/kavia/workspace/code-generation/tictacplus-persistent-fullstack-tic-tac-toe-61826-a614edb6/tic_tac_toe_frontend/node_modules/core-js-pure/stable/number/virtual'
npm warn tar TAR_ENTRY_ERROR ENOENT: no such file or directory, open '/home/kavia/workspace/code-generation/tictacplus-persistent-fullstack-tic-tac-toe-61826-a614edb6/tic_tac_toe_frontend/node_modules/core-js/internals/to-object.js'
npm warn tar TAR_ENTRY_ERROR ENOENT: no such file or directory, open '/home/kavia/workspace/code-generation/tictacplus-persistent-fullstack-tic-tac-toe-61826-a614edb6/tic_tac_toe_frontend/node_modules/core-js-pure/actual/symbol/to-primitive.js'
npm warn tar TAR_ENTRY_ERROR ENOENT: no such file or directory, open '/home/kavia/workspace/code-generation/tictacplus-persistent-fullstack-tic-tac-toe-61826-a614edb6/tic_tac_toe_frontend/node_modules/core-js/internals/to-offset.js'
npm warn tar TAR_ENTRY_ERROR ENOENT: no such file or directory, open '/home/kavia/workspace/code-generation/tictacplus-persistent-fullstack-tic-tac-toe-61826-a614edb6/tic_tac_toe_frontend/node_modules/core-js/internals/to-positive-integer.js'
npm warn tar TAR_ENTRY_ERROR ENOENT: no such file or directory, open '/home/kavia/workspace/code-generation/tictacplus-persistent-fullstack-tic-tac-toe-61826-a614edb6/tic_tac_toe_frontend/node_modules/core-js-pure/es/symbol/to-primitive.js'
npm warn tar TAR_ENTRY_ERROR ENOENT: no such file or directory, open '/home/kavia/workspace/code-generation/tictacplus-persistent-fullstack-tic-tac-toe-61826-a614edb6/tic_tac_toe_frontend/node_modules/core-js/actual/number/to-precision.js'
npm warn tar TAR_ENTRY_ERROR ENOENT: no such file or directory, lstat '/home/kavia/workspace/code-generation/tictacplus-persistent-fullstack-tic-tac-toe-61826-a614edb6/tic_tac_toe_frontend/node_modules/core-js/actual/number/virtual'
npm warn tar TAR_ENTRY_ERROR ENOENT: no such file or directory, open '/home/kavia/workspace/code-generation/tictacplus-persistent-fullstack-tic-tac-toe-61826-a614edb6/tic_tac_toe_frontend/node_modules/core-js-pure/features/symbol/to-primitive.js'
npm warn tar TAR_ENTRY_ERROR ENOENT: no such file or directory, open '/home/kavia/workspace/code-generation/tictacplus-persistent-fullstack-tic-tac-toe-61826-a614edb6/tic_tac_toe_frontend/node_modules/core-js/es/number/to-precision.js'
npm warn tar TAR_ENTRY_ERROR ENOENT: no such file or directory, open '/home/kavia/workspace/code-generation/tictacplus-persistent-fullstack-tic-tac-toe-61826-a614edb6/tic_tac_toe_frontend/node_modules/core-js-pure/full/symbol/to-primitive.js'
npm warn tar TAR_ENTRY_ERROR ENOENT: no such file or directory, lstat '/home/kavia/workspace/code-generation/tictacplus-persistent-fullstack-tic-tac-toe-61826-a614edb6/tic_tac_toe_frontend/node_modules/core-js/es/number/virtual'
npm warn tar TAR_ENTRY_ERROR ENOENT: no such file or directory, open '/home/kavia/workspace/code-generation/tictacplus-persistent-fullstack-tic-tac-toe-61826-a614edb6/tic_tac_toe_frontend/node_modules/core-js-pure/internals/to-primitive.js'
npm warn tar TAR_ENTRY_ERROR ENOENT: no such file or directory, open '/home/kavia/workspace/code-generation/tictacplus-persistent-fullstack-tic-tac-toe-61826-a614edb6/tic_tac_toe_frontend/node_modules/core-js/features/number/to-precision.js'
npm warn tar TAR_ENTRY_ERROR ENOENT: no such file or directory, open '/home/kavia/workspace/code-generation/tictacplus-persistent-fullstack-tic-tac-toe-61826-a614edb6/tic_tac_toe_frontend/node_modules/core-js-pure/stable/symbol/to-primitive.js'
npm warn tar TAR_ENTRY_ERROR ENOENT: no such file or directory, lstat '/home/kavia/workspace/code-generation/tictacplus-persistent-fullstack-tic-tac-toe-61826-a614edb6/tic_tac_toe_frontend/node_modules/core-js/features/number/virtual'
npm warn tar TAR_ENTRY_ERROR ENOENT: no such file or directory, open '/home/kavia/workspace/code-generation/tictacplus-persistent-fullstack-tic-tac-toe-61826-a614edb6/tic_tac_toe_frontend/node_modules/core-js-pure/internals/to-property-key.js'
npm warn tar TAR_ENTRY_ERROR ENOENT: no such file or directory, open '/home/kavia/workspace/code-generation/tictacplus-persistent-fullstack-tic-tac-toe-61826-a614edb6/tic_tac_toe_frontend/node_modules/core-js/full/number/to-precision.js'
npm warn tar TAR_ENTRY_ERROR ENOENT: no such file or directory, lstat '/home/kavia/workspace/code-generation/tictacplus-persistent-fullstack-tic-tac-toe-61826-a614edb6/tic_tac_toe_frontend/node_modules/core-js/full/number/virtual'
npm warn tar TAR_ENTRY_ERROR ENOENT: no such file or directory, open '/home/kavia/workspace/code-generation/tictacplus-persistent-fullstack-tic-tac-toe-61826-a614edb6/tic_tac_toe_frontend/node_modules/core-js/stable/number/to-precision.js'
npm warn tar TAR_ENTRY_ERROR ENOENT: no such file or directory, lstat '/home/kavia/workspace/code-generation/tictacplus-persistent-fullstack-tic-tac-toe-61826-a614edb6/tic_tac_toe_frontend/node_modules/core-js/stable/number/virtual'
npm warn tar TAR_ENTRY_ERROR ENOENT: no such file or directory, open '/home/kavia/workspace/code-generation/tictacplus-persistent-fullstack-tic-tac-toe-61826-a614edb6/tic_tac_toe_frontend/node_modules/core-js/actual/symbol/to-primitive.js'
npm warn tar TAR_ENTRY_ERROR ENOENT: no such file or directory, open '/home/kavia/workspace/code-generation/tictacplus-persistent-fullstack-tic-tac-toe-61826-a614edb6/tic_tac_toe_frontend/node_modules/core-js/es/symbol/to-primitive.js'
npm warn tar TAR_ENTRY_ERROR ENOENT: no such file or directory, open '/home/kavia/workspace/code-generation/tictacplus-persistent-fullstack-tic-tac-toe-61826-a614edb6/tic_tac_toe_frontend/node_modules/core-js/features/symbol/to-primitive.js'
npm warn tar TAR_ENTRY_ERROR ENOENT: no such file or directory, open '/home/kavia/workspace/code-generation/tictacplus-persistent-fullstack-tic-tac-toe-61826-a614edb6/tic_tac_toe_frontend/node_modules/core-js/full/symbol/to-primitive.js'
npm warn tar TAR_ENTRY_ERROR ENOENT: no such file or directory, open '/home/kavia/workspace/code-generation/tictacplus-persistent-fullstack-tic-tac-toe-61826-a614edb6/tic_tac_toe_frontend/node_modules/core-js/internals/to-primitive.js'
npm warn tar TAR_ENTRY_ERROR ENOENT: no such file or directory, open '/home/kavia/workspace/code-generation/tictacplus-persistent-fullstack-tic-tac-toe-61826-a614edb6/tic_tac_toe_frontend/node_modules/core-js/stable/symbol/to-primitive.js'
npm warn tar TAR_ENTRY_ERROR ENOENT: no such file or directory, open '/home/kavia/workspace/code-generation/tictacplus-persistent-fullstack-tic-tac-toe-61826-a614edb6/tic_tac_toe_frontend/node_modules/core-js/internals/to-property-key.js'
npm warn tar TAR_ENTRY_ERROR ENOENT: no such file or directory, open '/home/kavia/workspace/code-generation/tictacplus-persistent-fullstack-tic-tac-toe-61826-a614edb6/tic_tac_toe_frontend/node_modules/core-js-pure/internals/to-set-like.js'
npm warn tar TAR_ENTRY_ERROR ENOENT: no such file or directory, open '/home/kavia/workspace/code-generation/tictacplus-persistent-fullstack-tic-tac-toe-61826-a614edb6/tic_tac_toe_frontend/node_modules/core-js/internals/to-set-like.js'
npm warn tar TAR_ENTRY_ERROR ENOENT: no such file or directory, open '/home/kavia/workspace/code-generation/tictacplus-persistent-fullstack-tic-tac-toe-61826-a614edb6/tic_tac_toe_frontend/node_modules/core-js-pure/internals/to-string-tag-support.js'
npm warn tar TAR_ENTRY_ERROR ENOENT: no such file or directory, open '/home/kavia/workspace/code-generation/tictacplus-persistent-fullstack-tic-tac-toe-61826-a614edb6/tic_tac_toe_frontend/node_modules/core-js-pure/actual/dom-exception/to-string-tag.js'
npm warn tar TAR_ENTRY_ERROR ENOENT: no such file or directory, open '/home/kavia/workspace/code-generation/tictacplus-persistent-fullstack-tic-tac-toe-61826-a614edb6/tic_tac_toe_frontend/node_modules/core-js-pure/actual/math/to-string-tag.js'
npm warn tar TAR_ENTRY_ERROR ENOENT: no such file or directory, open '/home/kavia/workspace/code-generation/tictacplus-persistent-fullstack-tic-tac-toe-61826-a614edb6/tic_tac_toe_frontend/node_modules/core-js-pure/actual/reflect/to-string-tag.js'
npm warn tar TAR_ENTRY_ERROR ENOENT: no such file or directory, open '/home/kavia/workspace/code-generation/tictacplus-persistent-fullstack-tic-tac-toe-61826-a614edb6/tic_tac_toe_frontend/node_modules/core-js-pure/actual/symbol/to-string-tag.js'
npm warn tar TAR_ENTRY_ERROR ENOENT: no such file or directory, open '/home/kavia/workspace/code-generation/tictacplus-persistent-fullstack-tic-tac-toe-61826-a614edb6/tic_tac_toe_frontend/node_modules/core-js-pure/es/math/to-string-tag.js'
npm warn tar TAR_ENTRY_ERROR ENOENT: no such file or directory, open '/home/kavia/workspace/code-generation/tictacplus-persistent-fullstack-tic-tac-toe-61826-a614edb6/tic_tac_toe_frontend/node_modules/core-js-pure/es/reflect/to-string-tag.js'
npm warn tar TAR_ENTRY_ERROR ENOENT: no such file or directory, open '/home/kavia/workspace/code-generation/tictacplus-persistent-fullstack-tic-tac-toe-61826-a614edb6/tic_tac_toe_frontend/node_modules/core-js-pure/es/symbol/to-string-tag.js'
npm warn tar TAR_ENTRY_ERROR ENOENT: no such file or directory, open '/home/kavia/workspace/code-generation/tictacplus-persistent-fullstack-tic-tac-toe-61826-a614edb6/tic_tac_toe_frontend/node_modules/core-js-pure/features/dom-exception/to-string-tag.js'
npm warn tar TAR_ENTRY_ERROR ENOENT: no such file or directory, open '/home/kavia/workspace/code-generation/tictacplus-persistent-fullstack-tic-tac-toe-61826-a614edb6/tic_tac_toe_frontend/node_modules/core-js-pure/features/math/to-string-tag.js'
npm warn tar TAR_ENTRY_ERROR ENOENT: no such file or directory, open '/home/kavia/workspace/code-generation/tictacplus-persistent-fullstack-tic-tac-toe-61826-a614edb6/tic_tac_toe_frontend/node_modules/core-js-pure/features/reflect/to-string-tag.js'
npm warn tar TAR_ENTRY_ERROR ENOENT: no such file or directory, open '/home/kavia/workspace/code-generation/tictacplus-persistent-fullstack-tic-tac-toe-61826-a614edb6/tic_tac_toe_frontend/node_modules/core-js-pure/features/symbol/to-string-tag.js'
npm warn tar TAR_ENTRY_ERROR ENOENT: no such file or directory, open '/home/kavia/workspace/code-generation/tictacplus-persistent-fullstack-tic-tac-toe-61826-a614edb6/tic_tac_toe_frontend/node_modules/core-js-pure/full/dom-exception/to-string-tag.js'
npm warn tar TAR_ENTRY_ERROR ENOENT: no such file or directory, open '/home/kavia/workspace/code-generation/tictacplus-persistent-fullstack-tic-tac-toe-61826-a614edb6/tic_tac_toe_frontend/node_modules/core-js-pure/full/math/to-string-tag.js'
npm warn tar TAR_ENTRY_ERROR ENOENT: no such file or directory, open '/home/kavia/workspace/code-generation/tictacplus-persistent-fullstack-tic-tac-toe-61826-a614edb6/tic_tac_toe_frontend/node_modules/core-js-pure/full/reflect/to-string-tag.js'
npm warn tar TAR_ENTRY_ERROR ENOENT: no such file or directory, open '/home/kavia/workspace/code-generation/tictacplus-persistent-fullstack-tic-tac-toe-61826-a614edb6/tic_tac_toe_frontend/node_modules/core-js/internals/to-string-tag-support.js'
npm warn tar TAR_ENTRY_ERROR ENOENT: no such file or directory, open '/home/kavia/workspace/code-generation/tictacplus-persistent-fullstack-tic-tac-toe-61826-a614edb6/tic_tac_toe_frontend/node_modules/core-js-pure/full/symbol/to-string-tag.js'
npm warn tar TAR_ENTRY_ERROR ENOENT: no such file or directory, open '/home/kavia/workspace/code-generation/tictacplus-persistent-fullstack-tic-tac-toe-61826-a614edb6/tic_tac_toe_frontend/node_modules/core-js/actual/dom-exception/to-string-tag.js'
npm warn tar TAR_ENTRY_ERROR ENOENT: no such file or directory, open '/home/kavia/workspace/code-generation/tictacplus-persistent-fullstack-tic-tac-toe-61826-a614edb6/tic_tac_toe_frontend/node_modules/core-js-pure/stable/dom-exception/to-string-tag.js'
npm warn tar TAR_ENTRY_ERROR ENOENT: no such file or directory, open '/home/kavia/workspace/code-generation/tictacplus-persistent-fullstack-tic-tac-toe-61826-a614edb6/tic_tac_toe_frontend/node_modules/core-js/actual/math/to-string-tag.js'
npm warn tar TAR_ENTRY_ERROR ENOENT: no such file or directory, open '/home/kavia/workspace/code-generation/tictacplus-persistent-fullstack-tic-tac-toe-61826-a614edb6/tic_tac_toe_frontend/node_modules/core-js-pure/stable/math/to-string-tag.js'
npm warn tar TAR_ENTRY_ERROR ENOENT: no such file or directory, open '/home/kavia/workspace/code-generation/tictacplus-persistent-fullstack-tic-tac-toe-61826-a614edb6/tic_tac_toe_frontend/node_modules/core-js/actual/reflect/to-string-tag.js'
npm warn tar TAR_ENTRY_ERROR ENOENT: no such file or directory, open '/home/kavia/workspace/code-generation/tictacplus-persistent-fullstack-tic-tac-toe-61826-a614edb6/tic_tac_toe_frontend/node_modules/core-js-pure/stable/reflect/to-string-tag.js'
npm warn tar TAR_ENTRY_ERROR ENOENT: no such file or directory, open '/home/kavia/workspace/code-generation/tictacplus-persistent-fullstack-tic-tac-toe-61826-a614edb6/tic_tac_toe_frontend/node_modules/core-js/actual/symbol/to-string-tag.js'
npm warn tar TAR_ENTRY_ERROR ENOENT: no such file or directory, open '/home/kavia/workspace/code-generation/tictacplus-persistent-fullstack-tic-tac-toe-61826-a614edb6/tic_tac_toe_frontend/node_modules/core-js-pure/stable/symbol/to-string-tag.js'
npm warn tar TAR_ENTRY_ERROR ENOENT: no such file or directory, open '/home/kavia/workspace/code-generation/tictacplus-persistent-fullstack-tic-tac-toe-61826-a614edb6/tic_tac_toe_frontend/node_modules/core-js/es/math/to-string-tag.js'
npm warn tar TAR_ENTRY_ERROR ENOENT: no such file or directory, open '/home/kavia/workspace/code-generation/tictacplus-persistent-fullstack-tic-tac-toe-61826-a614edb6/tic_tac_toe_frontend/node_modules/core-js-pure/actual/error/to-string.js'
npm warn tar TAR_ENTRY_ERROR ENOENT: no such file or directory, open '/home/kavia/workspace/code-generation/tictacplus-persistent-fullstack-tic-tac-toe-61826-a614edb6/tic_tac_toe_frontend/node_modules/core-js/es/reflect/to-string-tag.js'
npm warn tar TAR_ENTRY_ERROR ENOENT: no such file or directory, open '/home/kavia/workspace/code-generation/tictacplus-persistent-fullstack-tic-tac-toe-61826-a614edb6/tic_tac_toe_frontend/node_modules/core-js-pure/actual/object/to-string.js'
npm warn tar TAR_ENTRY_ERROR ENOENT: no such file or directory, open '/home/kavia/workspace/code-generation/tictacplus-persistent-fullstack-tic-tac-toe-61826-a614edb6/tic_tac_toe_frontend/node_modules/core-js/es/symbol/to-string-tag.js'
npm warn tar TAR_ENTRY_ERROR ENOENT: no such file or directory, open '/home/kavia/workspace/code-generation/tictacplus-persistent-fullstack-tic-tac-toe-61826-a614edb6/tic_tac_toe_frontend/node_modules/core-js/features/dom-exception/to-string-tag.js'
npm warn tar TAR_ENTRY_ERROR ENOENT: no such file or directory, open '/home/kavia/workspace/code-generation/tictacplus-persistent-fullstack-tic-tac-toe-61826-a614edb6/tic_tac_toe_frontend/node_modules/core-js/features/math/to-string-tag.js'
npm warn tar TAR_ENTRY_ERROR ENOENT: no such file or directory, open '/home/kavia/workspace/code-generation/tictacplus-persistent-fullstack-tic-tac-toe-61826-a614edb6/tic_tac_toe_frontend/node_modules/core-js-pure/es/error/to-string.js'
npm warn tar TAR_ENTRY_ERROR ENOENT: no such file or directory, open '/home/kavia/workspace/code-generation/tictacplus-persistent-fullstack-tic-tac-toe-61826-a614edb6/tic_tac_toe_frontend/node_modules/core-js/features/reflect/to-string-tag.js'
npm warn tar TAR_ENTRY_ERROR ENOENT: no such file or directory, open '/home/kavia/workspace/code-generation/tictacplus-persistent-fullstack-tic-tac-toe-61826-a614edb6/tic_tac_toe_frontend/node_modules/core-js-pure/es/object/to-string.js'
npm warn tar TAR_ENTRY_ERROR ENOENT: no such file or directory, open '/home/kavia/workspace/code-generation/tictacplus-persistent-fullstack-tic-tac-toe-61826-a614edb6/tic_tac_toe_frontend/node_modules/core-js/features/symbol/to-string-tag.js'
npm warn tar TAR_ENTRY_ERROR ENOENT: no such file or directory, open '/home/kavia/workspace/code-generation/tictacplus-persistent-fullstack-tic-tac-toe-61826-a614edb6/tic_tac_toe_frontend/node_modules/core-js/full/dom-exception/to-string-tag.js'
npm warn tar TAR_ENTRY_ERROR ENOENT: no such file or directory, open '/home/kavia/workspace/code-generation/tictacplus-persistent-fullstack-tic-tac-toe-61826-a614edb6/tic_tac_toe_frontend/node_modules/core-js/full/math/to-string-tag.js'
npm warn tar TAR_ENTRY_ERROR ENOENT: no such file or directory, open '/home/kavia/workspace/code-generation/tictacplus-persistent-fullstack-tic-tac-toe-61826-a614edb6/tic_tac_toe_frontend/node_modules/core-js-pure/features/error/to-string.js'
npm warn tar TAR_ENTRY_ERROR ENOENT: no such file or directory, open '/home/kavia/workspace/code-generation/tictacplus-persistent-fullstack-tic-tac-toe-61826-a614edb6/tic_tac_toe_frontend/node_modules/core-js/full/reflect/to-string-tag.js'
npm warn tar TAR_ENTRY_ERROR ENOENT: no such file or directory, open '/home/kavia/workspace/code-generation/tictacplus-persistent-fullstack-tic-tac-toe-61826-a614edb6/tic_tac_toe_frontend/node_modules/core-js-pure/features/object/to-string.js'
npm warn tar TAR_ENTRY_ERROR ENOENT: no such file or directory, open '/home/kavia/workspace/code-generation/tictacplus-persistent-fullstack-tic-tac-toe-61826-a614edb6/tic_tac_toe_frontend/node_modules/core-js/full/symbol/to-string-tag.js'
npm warn tar TAR_ENTRY_ERROR ENOENT: no such file or directory, open '/home/kavia/workspace/code-generation/tictacplus-persistent-fullstack-tic-tac-toe-61826-a614edb6/tic_tac_toe_frontend/node_modules/core-js/stable/dom-exception/to-string-tag.js'
npm warn tar TAR_ENTRY_ERROR ENOENT: no such file or directory, open '/home/kavia/workspace/code-generation/tictacplus-persistent-fullstack-tic-tac-toe-61826-a614edb6/tic_tac_toe_frontend/node_modules/core-js/stable/math/to-string-tag.js'
npm warn tar TAR_ENTRY_ERROR ENOENT: no such file or directory, open '/home/kavia/workspace/code-generation/tictacplus-persistent-fullstack-tic-tac-toe-61826-a614edb6/tic_tac_toe_frontend/node_modules/core-js-pure/full/error/to-string.js'
npm warn tar TAR_ENTRY_ERROR ENOENT: no such file or directory, open '/home/kavia/workspace/code-generation/tictacplus-persistent-fullstack-tic-tac-toe-61826-a614edb6/tic_tac_toe_frontend/node_modules/core-js/stable/reflect/to-string-tag.js'
npm warn tar TAR_ENTRY_ERROR ENOENT: no such file or directory, open '/home/kavia/workspace/code-generation/tictacplus-persistent-fullstack-tic-tac-toe-61826-a614edb6/tic_tac_toe_frontend/node_modules/core-js-pure/full/object/to-string.js'
npm warn tar TAR_ENTRY_ERROR ENOENT: no such file or directory, open '/home/kavia/workspace/code-generation/tictacplus-persistent-fullstack-tic-tac-toe-61826-a614edb6/tic_tac_toe_frontend/node_modules/core-js/stable/symbol/to-string-tag.js'
npm warn tar TAR_ENTRY_ERROR ENOENT: no such file or directory, open '/home/kavia/workspace/code-generation/tictacplus-persistent-fullstack-tic-tac-toe-61826-a614edb6/tic_tac_toe_frontend/node_modules/core-js/actual/error/to-string.js'
npm warn tar TAR_ENTRY_ERROR ENOENT: no such file or directory, open '/home/kavia/workspace/code-generation/tictacplus-persistent-fullstack-tic-tac-toe-61826-a614edb6/tic_tac_toe_frontend/node_modules/core-js-pure/internals/to-string.js'
npm warn tar TAR_ENTRY_ERROR ENOENT: no such file or directory, open '/home/kavia/workspace/code-generation/tictacplus-persistent-fullstack-tic-tac-toe-61826-a614edb6/tic_tac_toe_frontend/node_modules/core-js/actual/object/to-string.js'
npm warn tar TAR_ENTRY_ERROR ENOENT: no such file or directory, open '/home/kavia/workspace/code-generation/tictacplus-persistent-fullstack-tic-tac-toe-61826-a614edb6/tic_tac_toe_frontend/node_modules/core-js-pure/stable/error/to-string.js'
npm warn tar TAR_ENTRY_ERROR ENOENT: no such file or directory, open '/home/kavia/workspace/code-generation/tictacplus-persistent-fullstack-tic-tac-toe-61826-a614edb6/tic_tac_toe_frontend/node_modules/core-js-pure/stable/object/to-string.js'
npm warn tar TAR_ENTRY_ERROR ENOENT: no such file or directory, open '/home/kavia/workspace/code-generation/tictacplus-persistent-fullstack-tic-tac-toe-61826-a614edb6/tic_tac_toe_frontend/node_modules/core-js/es/error/to-string.js'
npm warn tar TAR_ENTRY_ERROR ENOENT: no such file or directory, open '/home/kavia/workspace/code-generation/tictacplus-persistent-fullstack-tic-tac-toe-61826-a614edb6/tic_tac_toe_frontend/node_modules/core-js/es/object/to-string.js'
npm warn tar TAR_ENTRY_ERROR ENOENT: no such file or directory, open '/home/kavia/workspace/code-generation/tictacplus-persistent-fullstack-tic-tac-toe-61826-a614edb6/tic_tac_toe_frontend/node_modules/core-js-pure/internals/to-uint8-clamped.js'
npm warn tar TAR_ENTRY_ERROR ENOENT: no such file or directory, open '/home/kavia/workspace/code-generation/tictacplus-persistent-fullstack-tic-tac-toe-61826-a614edb6/tic_tac_toe_frontend/node_modules/core-js/es/regexp/to-string.js'
npm warn tar TAR_ENTRY_ERROR ENOENT: no such file or directory, open '/home/kavia/workspace/code-generation/tictacplus-persistent-fullstack-tic-tac-toe-61826-a614edb6/tic_tac_toe_frontend/node_modules/core-js/features/error/to-string.js'
npm warn tar TAR_ENTRY_ERROR ENOENT: no such file or directory, open '/home/kavia/workspace/code-generation/tictacplus-persistent-fullstack-tic-tac-toe-61826-a614edb6/tic_tac_toe_frontend/node_modules/core-js/features/object/to-string.js'
npm warn tar TAR_ENTRY_ERROR ENOENT: no such file or directory, open '/home/kavia/workspace/code-generation/tictacplus-persistent-fullstack-tic-tac-toe-61826-a614edb6/tic_tac_toe_frontend/node_modules/core-js/features/regexp/to-string.js'
npm warn tar TAR_ENTRY_ERROR ENOENT: no such file or directory, open '/home/kavia/workspace/code-generation/tictacplus-persistent-fullstack-tic-tac-toe-61826-a614edb6/tic_tac_toe_frontend/node_modules/core-js/full/error/to-string.js'
npm warn tar TAR_ENTRY_ERROR ENOENT: no such file or directory, open '/home/kavia/workspace/code-generation/tictacplus-persistent-fullstack-tic-tac-toe-61826-a614edb6/tic_tac_toe_frontend/node_modules/core-js/full/object/to-string.js'
npm warn tar TAR_ENTRY_ERROR ENOENT: no such file or directory, open '/home/kavia/workspace/code-generation/tictacplus-persistent-fullstack-tic-tac-toe-61826-a614edb6/tic_tac_toe_frontend/node_modules/core-js/full/regexp/to-string.js'
npm warn tar TAR_ENTRY_ERROR ENOENT: no such file or directory, open '/home/kavia/workspace/code-generation/tictacplus-persistent-fullstack-tic-tac-toe-61826-a614edb6/tic_tac_toe_frontend/node_modules/core-js/internals/to-string.js'
npm warn tar TAR_ENTRY_ERROR ENOENT: no such file or directory, open '/home/kavia/workspace/code-generation/tictacplus-persistent-fullstack-tic-tac-toe-61826-a614edb6/tic_tac_toe_frontend/node_modules/core-js/stable/error/to-string.js'
npm warn tar TAR_ENTRY_ERROR ENOENT: no such file or directory, open '/home/kavia/workspace/code-generation/tictacplus-persistent-fullstack-tic-tac-toe-61826-a614edb6/tic_tac_toe_frontend/node_modules/core-js/stable/object/to-string.js'
npm warn tar TAR_ENTRY_ERROR ENOENT: no such file or directory, open '/home/kavia/workspace/code-generation/tictacplus-persistent-fullstack-tic-tac-toe-61826-a614edb6/tic_tac_toe_frontend/node_modules/core-js-pure/actual/array-buffer/transfer-to-fixed-length.js'
npm warn tar TAR_ENTRY_ERROR ENOENT: no such file or directory, open '/home/kavia/workspace/code-generation/tictacplus-persistent-fullstack-tic-tac-toe-61826-a614edb6/tic_tac_toe_frontend/node_modules/core-js/stable/regexp/to-string.js'
npm warn tar TAR_ENTRY_ERROR ENOENT: no such file or directory, open '/home/kavia/workspace/code-generation/tictacplus-persistent-fullstack-tic-tac-toe-61826-a614edb6/tic_tac_toe_frontend/node_modules/core-js-pure/es/array-buffer/transfer-to-fixed-length.js'
npm warn tar TAR_ENTRY_ERROR ENOENT: no such file or directory, open '/home/kavia/workspace/code-generation/tictacplus-persistent-fullstack-tic-tac-toe-61826-a614edb6/tic_tac_toe_frontend/node_modules/core-js-pure/features/array-buffer/transfer-to-fixed-length.js'
npm warn tar TAR_ENTRY_ERROR ENOENT: no such file or directory, open '/home/kavia/workspace/code-generation/tictacplus-persistent-fullstack-tic-tac-toe-61826-a614edb6/tic_tac_toe_frontend/node_modules/core-js/internals/to-uint8-clamped.js'
npm warn tar TAR_ENTRY_ERROR ENOENT: no such file or directory, open '/home/kavia/workspace/code-generation/tictacplus-persistent-fullstack-tic-tac-toe-61826-a614edb6/tic_tac_toe_frontend/node_modules/core-js-pure/full/array-buffer/transfer-to-fixed-length.js'
npm warn tar TAR_ENTRY_ERROR ENOENT: no such file or directory, open '/home/kavia/workspace/code-generation/tictacplus-persistent-fullstack-tic-tac-toe-61826-a614edb6/tic_tac_toe_frontend/node_modules/core-js-pure/stable/array-buffer/transfer-to-fixed-length.js'
npm warn tar TAR_ENTRY_ERROR ENOENT: no such file or directory, open '/home/kavia/workspace/code-generation/tictacplus-persistent-fullstack-tic-tac-toe-61826-a614edb6/tic_tac_toe_frontend/node_modules/core-js-pure/actual/array-buffer/transfer.js'
npm warn tar TAR_ENTRY_ERROR ENOENT: no such file or directory, open '/home/kavia/workspace/code-generation/tictacplus-persistent-fullstack-tic-tac-toe-61826-a614edb6/tic_tac_toe_frontend/node_modules/core-js-pure/es/array-buffer/transfer.js'
npm warn tar TAR_ENTRY_ERROR ENOENT: no such file or directory, open '/home/kavia/workspace/code-generation/tictacplus-persistent-fullstack-tic-tac-toe-61826-a614edb6/tic_tac_toe_frontend/node_modules/core-js-pure/features/array-buffer/transfer.js'
npm warn tar TAR_ENTRY_ERROR ENOENT: no such file or directory, open '/home/kavia/workspace/code-generation/tictacplus-persistent-fullstack-tic-tac-toe-61826-a614edb6/tic_tac_toe_frontend/node_modules/core-js-pure/full/array-buffer/transfer.js'
npm warn tar TAR_ENTRY_ERROR ENOENT: no such file or directory, open '/home/kavia/workspace/code-generation/tictacplus-persistent-fullstack-tic-tac-toe-61826-a614edb6/tic_tac_toe_frontend/node_modules/core-js-pure/stable/array-buffer/transfer.js'
npm warn tar TAR_ENTRY_ERROR ENOENT: no such file or directory, open '/home/kavia/workspace/code-generation/tictacplus-persistent-fullstack-tic-tac-toe-61826-a614edb6/tic_tac_toe_frontend/node_modules/core-js/actual/array-buffer/transfer-to-fixed-length.js'
npm warn tar TAR_ENTRY_ERROR ENOENT: no such file or directory, open '/home/kavia/workspace/code-generation/tictacplus-persistent-fullstack-tic-tac-toe-61826-a614edb6/tic_tac_toe_frontend/node_modules/core-js/es/array-buffer/transfer-to-fixed-length.js'
npm warn tar TAR_ENTRY_ERROR ENOENT: no such file or directory, open '/home/kavia/workspace/code-generation/tictacplus-persistent-fullstack-tic-tac-toe-61826-a614edb6/tic_tac_toe_frontend/node_modules/core-js/features/array-buffer/transfer-to-fixed-length.js'
npm warn tar TAR_ENTRY_ERROR ENOENT: no such file or directory, open '/home/kavia/workspace/code-generation/tictacplus-persistent-fullstack-tic-tac-toe-61826-a614edb6/tic_tac_toe_frontend/node_modules/core-js/full/array-buffer/transfer-to-fixed-length.js'
npm warn tar TAR_ENTRY_ERROR ENOENT: no such file or directory, open '/home/kavia/workspace/code-generation/tictacplus-persistent-fullstack-tic-tac-toe-61826-a614edb6/tic_tac_toe_frontend/node_modules/core-js/stable/array-buffer/transfer-to-fixed-length.js'
npm warn tar TAR_ENTRY_ERROR ENOENT: no such file or directory, open '/home/kavia/workspace/code-generation/tictacplus-persistent-fullstack-tic-tac-toe-61826-a614edb6/tic_tac_toe_frontend/node_modules/core-js/actual/array-buffer/transfer.js'
npm warn tar TAR_ENTRY_ERROR ENOENT: no such file or directory, open '/home/kavia/workspace/code-generation/tictacplus-persistent-fullstack-tic-tac-toe-61826-a614edb6/tic_tac_toe_frontend/node_modules/core-js/es/array-buffer/transfer.js'
npm warn tar TAR_ENTRY_ERROR ENOENT: no such file or directory, open '/home/kavia/workspace/code-generation/tictacplus-persistent-fullstack-tic-tac-toe-61826-a614edb6/tic_tac_toe_frontend/node_modules/core-js/features/array-buffer/transfer.js'
npm warn tar TAR_ENTRY_ERROR ENOENT: no such file or directory, open '/home/kavia/workspace/code-generation/tictacplus-persistent-fullstack-tic-tac-toe-61826-a614edb6/tic_tac_toe_frontend/node_modules/core-js/full/array-buffer/transfer.js'
npm warn tar TAR_ENTRY_ERROR ENOENT: no such file or directory, open '/home/kavia/workspace/code-generation/tictacplus-persistent-fullstack-tic-tac-toe-61826-a614edb6/tic_tac_toe_frontend/node_modules/core-js/stable/array-buffer/transfer.js'
npm warn tar TAR_ENTRY_ERROR ENOENT: no such file or directory, open '/home/kavia/workspace/code-generation/tictacplus-persistent-fullstack-tic-tac-toe-61826-a614edb6/tic_tac_toe_frontend/node_modules/core-js-pure/actual/math/trunc.js'
npm warn tar TAR_ENTRY_ERROR ENOENT: no such file or directory, open '/home/kavia/workspace/code-generation/tictacplus-persistent-fullstack-tic-tac-toe-61826-a614edb6/tic_tac_toe_frontend/node_modules/core-js-pure/es/math/trunc.js'
npm warn tar TAR_ENTRY_ERROR ENOENT: no such file or directory, open '/home/kavia/workspace/code-generation/tictacplus-persistent-fullstack-tic-tac-toe-61826-a614edb6/tic_tac_toe_frontend/node_modules/core-js-pure/features/math/trunc.js'
npm warn tar TAR_ENTRY_ERROR ENOENT: no such file or directory, open '/home/kavia/workspace/code-generation/tictacplus-persistent-fullstack-tic-tac-toe-61826-a614edb6/tic_tac_toe_frontend/node_modules/core-js-pure/full/math/trunc.js'
npm warn tar TAR_ENTRY_ERROR ENOENT: no such file or directory, open '/home/kavia/workspace/code-generation/tictacplus-persistent-fullstack-tic-tac-toe-61826-a614edb6/tic_tac_toe_frontend/node_modules/core-js-pure/stable/math/trunc.js'
npm warn tar TAR_ENTRY_ERROR ENOENT: no such file or directory, open '/home/kavia/workspace/code-generation/tictacplus-persistent-fullstack-tic-tac-toe-61826-a614edb6/tic_tac_toe_frontend/node_modules/core-js-pure/internals/try-to-string.js'
npm warn tar TAR_ENTRY_ERROR ENOENT: no such file or directory, open '/home/kavia/workspace/code-generation/tictacplus-persistent-fullstack-tic-tac-toe-61826-a614edb6/tic_tac_toe_frontend/node_modules/core-js-pure/internals/typed-array-constructor.js'
npm warn tar TAR_ENTRY_ERROR ENOENT: no such file or directory, open '/home/kavia/workspace/code-generation/tictacplus-persistent-fullstack-tic-tac-toe-61826-a614edb6/tic_tac_toe_frontend/node_modules/core-js-pure/internals/typed-array-constructors-require-wrappers.js'
npm warn tar TAR_ENTRY_ERROR ENOENT: no such file or directory, open '/home/kavia/workspace/code-generation/tictacplus-persistent-fullstack-tic-tac-toe-61826-a614edb6/tic_tac_toe_frontend/node_modules/core-js-pure/internals/typed-array-from-same-type-and-list.js'
npm warn tar TAR_ENTRY_ERROR ENOENT: no such file or directory, open '/home/kavia/workspace/code-generation/tictacplus-persistent-fullstack-tic-tac-toe-61826-a614edb6/tic_tac_toe_frontend/node_modules/core-js-pure/internals/typed-array-from.js'
npm warn tar TAR_ENTRY_ERROR ENOENT: no such file or directory, open '/home/kavia/workspace/code-generation/tictacplus-persistent-fullstack-tic-tac-toe-61826-a614edb6/tic_tac_toe_frontend/node_modules/core-js-pure/internals/uid.js'
npm warn tar TAR_ENTRY_ERROR ENOENT: no such file or directory, open '/home/kavia/workspace/code-generation/tictacplus-persistent-fullstack-tic-tac-toe-61826-a614edb6/tic_tac_toe_frontend/node_modules/core-js/actual/math/trunc.js'
npm warn tar TAR_ENTRY_ERROR ENOENT: no such file or directory, open '/home/kavia/workspace/code-generation/tictacplus-persistent-fullstack-tic-tac-toe-61826-a614edb6/tic_tac_toe_frontend/node_modules/core-js/es/math/trunc.js'
npm warn tar TAR_ENTRY_ERROR ENOENT: no such file or directory, open '/home/kavia/workspace/code-generation/tictacplus-persistent-fullstack-tic-tac-toe-61826-a614edb6/tic_tac_toe_frontend/node_modules/core-js/features/math/trunc.js'
npm warn tar TAR_ENTRY_ERROR ENOENT: no such file or directory, open '/home/kavia/workspace/code-generation/tictacplus-persistent-fullstack-tic-tac-toe-61826-a614edb6/tic_tac_toe_frontend/node_modules/core-js/full/math/trunc.js'
npm warn tar TAR_ENTRY_ERROR ENOENT: no such file or directory, open '/home/kavia/workspace/code-generation/tictacplus-persistent-fullstack-tic-tac-toe-61826-a614edb6/tic_tac_toe_frontend/node_modules/core-js/stable/math/trunc.js'
npm warn tar TAR_ENTRY_ERROR ENOENT: no such file or directory, open '/home/kavia/workspace/code-generation/tictacplus-persistent-fullstack-tic-tac-toe-61826-a614edb6/tic_tac_toe_frontend/node_modules/core-js/internals/try-to-string.js'
npm warn tar TAR_ENTRY_ERROR ENOENT: no such file or directory, open '/home/kavia/workspace/code-generation/tictacplus-persistent-fullstack-tic-tac-toe-61826-a614edb6/tic_tac_toe_frontend/node_modules/core-js/internals/typed-array-constructor.js'
npm warn tar TAR_ENTRY_ERROR ENOENT: no such file or directory, open '/home/kavia/workspace/code-generation/tictacplus-persistent-fullstack-tic-tac-toe-61826-a614edb6/tic_tac_toe_frontend/node_modules/core-js/internals/typed-array-constructors-require-wrappers.js'
npm warn tar TAR_ENTRY_ERROR ENOENT: no such file or directory, open '/home/kavia/workspace/code-generation/tictacplus-persistent-fullstack-tic-tac-toe-61826-a614edb6/tic_tac_toe_frontend/node_modules/core-js/internals/typed-array-from-same-type-and-list.js'
npm warn tar TAR_ENTRY_ERROR ENOENT: no such file or directory, open '/home/kavia/workspace/code-generation/tictacplus-persistent-fullstack-tic-tac-toe-61826-a614edb6/tic_tac_toe_frontend/node_modules/core-js/internals/typed-array-from.js'
npm warn tar TAR_ENTRY_ERROR ENOENT: no such file or directory, open '/home/kavia/workspace/code-generation/tictacplus-persistent-fullstack-tic-tac-toe-61826-a614edb6/tic_tac_toe_frontend/node_modules/core-js/internals/uid.js'
npm warn tar TAR_ENTRY_ERROR ENOENT: no such file or directory, open '/home/kavia/workspace/code-generation/tictacplus-persistent-fullstack-tic-tac-toe-61826-a614edb6/tic_tac_toe_frontend/node_modules/core-js-pure/internals/uint8-from-base64.js'
npm warn tar TAR_ENTRY_ERROR ENOENT: no such file or directory, open '/home/kavia/workspace/code-generation/tictacplus-persistent-fullstack-tic-tac-toe-61826-a614edb6/tic_tac_toe_frontend/node_modules/core-js-pure/internals/uint8-from-hex.js'
npm warn tar TAR_ENTRY_ERROR ENOENT: no such file or directory, open '/home/kavia/workspace/code-generation/tictacplus-persistent-fullstack-tic-tac-toe-61826-a614edb6/tic_tac_toe_frontend/node_modules/core-js-pure/features/math/umulh.js'
npm warn tar TAR_ENTRY_ERROR ENOENT: no such file or directory, open '/home/kavia/workspace/code-generation/tictacplus-persistent-fullstack-tic-tac-toe-61826-a614edb6/tic_tac_toe_frontend/node_modules/core-js-pure/full/math/umulh.js'
npm warn tar TAR_ENTRY_ERROR ENOENT: no such file or directory, open '/home/kavia/workspace/code-generation/tictacplus-persistent-fullstack-tic-tac-toe-61826-a614edb6/tic_tac_toe_frontend/node_modules/core-js-pure/features/function/un-this.js'
npm warn tar TAR_ENTRY_ERROR ENOENT: no such file or directory, open '/home/kavia/workspace/code-generation/tictacplus-persistent-fullstack-tic-tac-toe-61826-a614edb6/tic_tac_toe_frontend/node_modules/core-js-pure/features/function/virtual/un-this.js'
npm warn tar TAR_ENTRY_ERROR ENOENT: no such file or directory, open '/home/kavia/workspace/code-generation/tictacplus-persistent-fullstack-tic-tac-toe-61826-a614edb6/tic_tac_toe_frontend/node_modules/core-js-pure/full/function/un-this.js'
npm warn tar TAR_ENTRY_ERROR ENOENT: no such file or directory, open '/home/kavia/workspace/code-generation/tictacplus-persistent-fullstack-tic-tac-toe-61826-a614edb6/tic_tac_toe_frontend/node_modules/core-js-pure/full/function/virtual/un-this.js'
npm warn tar TAR_ENTRY_ERROR ENOENT: no such file or directory, open '/home/kavia/workspace/code-generation/tictacplus-persistent-fullstack-tic-tac-toe-61826-a614edb6/tic_tac_toe_frontend/node_modules/core-js-pure/actual/set/union.js'
npm warn tar TAR_ENTRY_ERROR ENOENT: no such file or directory, open '/home/kavia/workspace/code-generation/tictacplus-persistent-fullstack-tic-tac-toe-61826-a614edb6/tic_tac_toe_frontend/node_modules/core-js-pure/es/set/union.js'
npm warn tar TAR_ENTRY_ERROR ENOENT: no such file or directory, open '/home/kavia/workspace/code-generation/tictacplus-persistent-fullstack-tic-tac-toe-61826-a614edb6/tic_tac_toe_frontend/node_modules/core-js-pure/features/set/union.js'
npm warn tar TAR_ENTRY_ERROR ENOENT: no such file or directory, open '/home/kavia/workspace/code-generation/tictacplus-persistent-fullstack-tic-tac-toe-61826-a614edb6/tic_tac_toe_frontend/node_modules/core-js-pure/stable/set/union.js'
npm warn tar TAR_ENTRY_ERROR ENOENT: no such file or directory, open '/home/kavia/workspace/code-generation/tictacplus-persistent-fullstack-tic-tac-toe-61826-a614edb6/tic_tac_toe_frontend/node_modules/core-js/internals/uint8-from-base64.js'
npm warn tar TAR_ENTRY_ERROR ENOENT: no such file or directory, open '/home/kavia/workspace/code-generation/tictacplus-persistent-fullstack-tic-tac-toe-61826-a614edb6/tic_tac_toe_frontend/node_modules/core-js/internals/uint8-from-hex.js'
npm warn tar TAR_ENTRY_ERROR ENOENT: no such file or directory, open '/home/kavia/workspace/code-generation/tictacplus-persistent-fullstack-tic-tac-toe-61826-a614edb6/tic_tac_toe_frontend/node_modules/core-js/features/math/umulh.js'
npm warn tar TAR_ENTRY_ERROR ENOENT: no such file or directory, open '/home/kavia/workspace/code-generation/tictacplus-persistent-fullstack-tic-tac-toe-61826-a614edb6/tic_tac_toe_frontend/node_modules/core-js/full/math/umulh.js'
npm warn tar TAR_ENTRY_ERROR ENOENT: no such file or directory, open '/home/kavia/workspace/code-generation/tictacplus-persistent-fullstack-tic-tac-toe-61826-a614edb6/tic_tac_toe_frontend/node_modules/core-js/features/function/un-this.js'
npm warn tar TAR_ENTRY_ERROR ENOENT: no such file or directory, open '/home/kavia/workspace/code-generation/tictacplus-persistent-fullstack-tic-tac-toe-61826-a614edb6/tic_tac_toe_frontend/node_modules/core-js/features/function/virtual/un-this.js'
npm warn tar TAR_ENTRY_ERROR ENOENT: no such file or directory, open '/home/kavia/workspace/code-generation/tictacplus-persistent-fullstack-tic-tac-toe-61826-a614edb6/tic_tac_toe_frontend/node_modules/core-js/full/function/un-this.js'
npm warn tar TAR_ENTRY_ERROR ENOENT: no such file or directory, open '/home/kavia/workspace/code-generation/tictacplus-persistent-fullstack-tic-tac-toe-61826-a614edb6/tic_tac_toe_frontend/node_modules/core-js-pure/actual/symbol/unscopables.js'
npm warn tar TAR_ENTRY_ERROR ENOENT: no such file or directory, open '/home/kavia/workspace/code-generation/tictacplus-persistent-fullstack-tic-tac-toe-61826-a614edb6/tic_tac_toe_frontend/node_modules/core-js/full/function/virtual/un-this.js'
npm warn tar TAR_ENTRY_ERROR ENOENT: no such file or directory, open '/home/kavia/workspace/code-generation/tictacplus-persistent-fullstack-tic-tac-toe-61826-a614edb6/tic_tac_toe_frontend/node_modules/core-js-pure/es/symbol/unscopables.js'
npm warn tar TAR_ENTRY_ERROR ENOENT: no such file or directory, open '/home/kavia/workspace/code-generation/tictacplus-persistent-fullstack-tic-tac-toe-61826-a614edb6/tic_tac_toe_frontend/node_modules/core-js-pure/features/symbol/unscopables.js'
npm warn tar TAR_ENTRY_ERROR ENOENT: no such file or directory, open '/home/kavia/workspace/code-generation/tictacplus-persistent-fullstack-tic-tac-toe-61826-a614edb6/tic_tac_toe_frontend/node_modules/core-js-pure/full/symbol/unscopables.js'
npm warn tar TAR_ENTRY_ERROR ENOENT: no such file or directory, open '/home/kavia/workspace/code-generation/tictacplus-persistent-fullstack-tic-tac-toe-61826-a614edb6/tic_tac_toe_frontend/node_modules/core-js-pure/stable/symbol/unscopables.js'
npm warn tar TAR_ENTRY_ERROR ENOENT: no such file or directory, open '/home/kavia/workspace/code-generation/tictacplus-persistent-fullstack-tic-tac-toe-61826-a614edb6/tic_tac_toe_frontend/node_modules/core-js/actual/set/union.js'
npm warn tar TAR_ENTRY_ERROR ENOENT: no such file or directory, open '/home/kavia/workspace/code-generation/tictacplus-persistent-fullstack-tic-tac-toe-61826-a614edb6/tic_tac_toe_frontend/node_modules/core-js/es/set/union.js'
npm warn tar TAR_ENTRY_ERROR ENOENT: no such file or directory, open '/home/kavia/workspace/code-generation/tictacplus-persistent-fullstack-tic-tac-toe-61826-a614edb6/tic_tac_toe_frontend/node_modules/core-js/features/set/union.js'
npm warn tar TAR_ENTRY_ERROR ENOENT: no such file or directory, open '/home/kavia/workspace/code-generation/tictacplus-persistent-fullstack-tic-tac-toe-61826-a614edb6/tic_tac_toe_frontend/node_modules/core-js/stable/set/union.js'
npm warn tar TAR_ENTRY_ERROR ENOENT: no such file or directory, open '/home/kavia/workspace/code-generation/tictacplus-persistent-fullstack-tic-tac-toe-61826-a614edb6/tic_tac_toe_frontend/node_modules/core-js/actual/symbol/unscopables.js'
npm warn tar TAR_ENTRY_ERROR ENOENT: no such file or directory, open '/home/kavia/workspace/code-generation/tictacplus-persistent-fullstack-tic-tac-toe-61826-a614edb6/tic_tac_toe_frontend/node_modules/core-js/es/symbol/unscopables.js'
npm warn tar TAR_ENTRY_ERROR ENOENT: no such file or directory, open '/home/kavia/workspace/code-generation/tictacplus-persistent-fullstack-tic-tac-toe-61826-a614edb6/tic_tac_toe_frontend/node_modules/core-js/features/symbol/unscopables.js'
npm warn tar TAR_ENTRY_ERROR ENOENT: no such file or directory, open '/home/kavia/workspace/code-generation/tictacplus-persistent-fullstack-tic-tac-toe-61826-a614edb6/tic_tac_toe_frontend/node_modules/core-js/full/symbol/unscopables.js'
npm warn tar TAR_ENTRY_ERROR ENOENT: no such file or directory, open '/home/kavia/workspace/code-generation/tictacplus-persistent-fullstack-tic-tac-toe-61826-a614edb6/tic_tac_toe_frontend/node_modules/core-js/stable/symbol/unscopables.js'
npm warn tar TAR_ENTRY_ERROR ENOENT: no such file or directory, open '/home/kavia/workspace/code-generation/tictacplus-persistent-fullstack-tic-tac-toe-61826-a614edb6/tic_tac_toe_frontend/node_modules/core-js-pure/features/weak-map/upsert.js'
npm warn tar TAR_ENTRY_ERROR ENOENT: no such file or directory, open '/home/kavia/workspace/code-generation/tictacplus-persistent-fullstack-tic-tac-toe-61826-a614edb6/tic_tac_toe_frontend/node_modules/core-js-pure/full/weak-map/upsert.js'
npm warn tar TAR_ENTRY_ERROR ENOENT: no such file or directory, open '/home/kavia/workspace/code-generation/tictacplus-persistent-fullstack-tic-tac-toe-61826-a614edb6/tic_tac_toe_frontend/node_modules/core-js-pure/internals/url-constructor-detection.js'
npm warn tar TAR_ENTRY_ERROR ENOENT: no such file or directory, open '/home/kavia/workspace/code-generation/tictacplus-persistent-fullstack-tic-tac-toe-61826-a614edb6/tic_tac_toe_frontend/node_modules/core-js-pure/web/url-search-params.js'
npm warn tar TAR_ENTRY_ERROR ENOENT: no such file or directory, open '/home/kavia/workspace/code-generation/tictacplus-persistent-fullstack-tic-tac-toe-61826-a614edb6/tic_tac_toe_frontend/node_modules/core-js-pure/proposals/url.js'
npm warn tar TAR_ENTRY_ERROR ENOENT: no such file or directory, open '/home/kavia/workspace/code-generation/tictacplus-persistent-fullstack-tic-tac-toe-61826-a614edb6/tic_tac_toe_frontend/node_modules/core-js-pure/web/url.js'
npm warn tar TAR_ENTRY_ERROR ENOENT: no such file or directory, open '/home/kavia/workspace/code-generation/tictacplus-persistent-fullstack-tic-tac-toe-61826-a614edb6/tic_tac_toe_frontend/node_modules/core-js-pure/internals/use-symbol-as-uid.js'
npm warn tar TAR_ENTRY_ERROR ENOENT: no such file or directory, open '/home/kavia/workspace/code-generation/tictacplus-persistent-fullstack-tic-tac-toe-61826-a614edb6/tic_tac_toe_frontend/node_modules/core-js-pure/proposals/using-statement.js'
npm warn tar TAR_ENTRY_ERROR ENOENT: no such file or directory, open '/home/kavia/workspace/code-generation/tictacplus-persistent-fullstack-tic-tac-toe-61826-a614edb6/tic_tac_toe_frontend/node_modules/core-js-pure/internals/v8-prototype-define-bug.js'
npm warn tar TAR_ENTRY_ERROR ENOENT: no such file or directory, open '/home/kavia/workspace/code-generation/tictacplus-persistent-fullstack-tic-tac-toe-61826-a614edb6/tic_tac_toe_frontend/node_modules/core-js-pure/internals/validate-arguments-length.js'
npm warn tar TAR_ENTRY_ERROR ENOENT: no such file or directory, open '/home/kavia/workspace/code-generation/tictacplus-persistent-fullstack-tic-tac-toe-61826-a614edb6/tic_tac_toe_frontend/node_modules/core-js-pure/actual/object/values.js'
npm warn tar TAR_ENTRY_ERROR ENOENT: no such file or directory, open '/home/kavia/workspace/code-generation/tictacplus-persistent-fullstack-tic-tac-toe-61826-a614edb6/tic_tac_toe_frontend/node_modules/core-js-pure/es/object/values.js'
npm warn tar TAR_ENTRY_ERROR ENOENT: no such file or directory, open '/home/kavia/workspace/code-generation/tictacplus-persistent-fullstack-tic-tac-toe-61826-a614edb6/tic_tac_toe_frontend/node_modules/core-js/features/weak-map/upsert.js'
npm warn tar TAR_ENTRY_ERROR ENOENT: no such file or directory, open '/home/kavia/workspace/code-generation/tictacplus-persistent-fullstack-tic-tac-toe-61826-a614edb6/tic_tac_toe_frontend/node_modules/core-js/full/weak-map/upsert.js'
npm warn tar TAR_ENTRY_ERROR ENOENT: no such file or directory, open '/home/kavia/workspace/code-generation/tictacplus-persistent-fullstack-tic-tac-toe-61826-a614edb6/tic_tac_toe_frontend/node_modules/core-js/internals/url-constructor-detection.js'
npm warn tar TAR_ENTRY_ERROR ENOENT: no such file or directory, open '/home/kavia/workspace/code-generation/tictacplus-persistent-fullstack-tic-tac-toe-61826-a614edb6/tic_tac_toe_frontend/node_modules/core-js/web/url-search-params.js'
npm warn tar TAR_ENTRY_ERROR ENOENT: no such file or directory, open '/home/kavia/workspace/code-generation/tictacplus-persistent-fullstack-tic-tac-toe-61826-a614edb6/tic_tac_toe_frontend/node_modules/core-js-pure/features/object/values.js'
npm warn tar TAR_ENTRY_ERROR ENOENT: no such file or directory, open '/home/kavia/workspace/code-generation/tictacplus-persistent-fullstack-tic-tac-toe-61826-a614edb6/tic_tac_toe_frontend/node_modules/core-js/proposals/url.js'
npm warn tar TAR_ENTRY_ERROR ENOENT: no such file or directory, open '/home/kavia/workspace/code-generation/tictacplus-persistent-fullstack-tic-tac-toe-61826-a614edb6/tic_tac_toe_frontend/node_modules/core-js/web/url.js'
npm warn tar TAR_ENTRY_ERROR ENOENT: no such file or directory, open '/home/kavia/workspace/code-generation/tictacplus-persistent-fullstack-tic-tac-toe-61826-a614edb6/tic_tac_toe_frontend/node_modules/core-js/internals/use-symbol-as-uid.js'
npm warn tar TAR_ENTRY_ERROR ENOENT: no such file or directory, open '/home/kavia/workspace/code-generation/tictacplus-persistent-fullstack-tic-tac-toe-61826-a614edb6/tic_tac_toe_frontend/node_modules/core-js/proposals/using-statement.js'
npm warn tar TAR_ENTRY_ERROR ENOENT: no such file or directory, open '/home/kavia/workspace/code-generation/tictacplus-persistent-fullstack-tic-tac-toe-61826-a614edb6/tic_tac_toe_frontend/node_modules/core-js/internals/v8-prototype-define-bug.js'
npm warn tar TAR_ENTRY_ERROR ENOENT: no such file or directory, open '/home/kavia/workspace/code-generation/tictacplus-persistent-fullstack-tic-tac-toe-61826-a614edb6/tic_tac_toe_frontend/node_modules/core-js-pure/full/object/values.js'
npm warn tar TAR_ENTRY_ERROR ENOENT: no such file or directory, open '/home/kavia/workspace/code-generation/tictacplus-persistent-fullstack-tic-tac-toe-61826-a614edb6/tic_tac_toe_frontend/node_modules/core-js/internals/validate-arguments-length.js'
npm warn tar TAR_ENTRY_ERROR ENOENT: no such file or directory, open '/home/kavia/workspace/code-generation/tictacplus-persistent-fullstack-tic-tac-toe-61826-a614edb6/tic_tac_toe_frontend/node_modules/core-js/actual/object/values.js'
npm warn tar TAR_ENTRY_ERROR ENOENT: no such file or directory, open '/home/kavia/workspace/code-generation/tictacplus-persistent-fullstack-tic-tac-toe-61826-a614edb6/tic_tac_toe_frontend/node_modules/core-js-pure/stable/object/values.js'
npm warn tar TAR_ENTRY_ERROR ENOENT: no such file or directory, open '/home/kavia/workspace/code-generation/tictacplus-persistent-fullstack-tic-tac-toe-61826-a614edb6/tic_tac_toe_frontend/node_modules/core-js-pure/internals/weak-map-basic-detection.js'
npm warn tar TAR_ENTRY_ERROR ENOENT: no such file or directory, open '/home/kavia/workspace/code-generation/tictacplus-persistent-fullstack-tic-tac-toe-61826-a614edb6/tic_tac_toe_frontend/node_modules/core-js-pure/internals/weak-map-helpers.js'
npm warn tar TAR_ENTRY_ERROR ENOENT: no such file or directory, open '/home/kavia/workspace/code-generation/tictacplus-persistent-fullstack-tic-tac-toe-61826-a614edb6/tic_tac_toe_frontend/node_modules/core-js-pure/internals/weak-set-helpers.js'
npm warn tar TAR_ENTRY_ERROR ENOENT: no such file or directory, open '/home/kavia/workspace/code-generation/tictacplus-persistent-fullstack-tic-tac-toe-61826-a614edb6/tic_tac_toe_frontend/node_modules/core-js/es/object/values.js'
npm warn tar TAR_ENTRY_ERROR ENOENT: no such file or directory, open '/home/kavia/workspace/code-generation/tictacplus-persistent-fullstack-tic-tac-toe-61826-a614edb6/tic_tac_toe_frontend/node_modules/core-js/features/object/values.js'
npm warn tar TAR_ENTRY_ERROR ENOENT: no such file or directory, open '/home/kavia/workspace/code-generation/tictacplus-persistent-fullstack-tic-tac-toe-61826-a614edb6/tic_tac_toe_frontend/node_modules/core-js/full/object/values.js'
npm warn tar TAR_ENTRY_ERROR ENOENT: no such file or directory, open '/home/kavia/workspace/code-generation/tictacplus-persistent-fullstack-tic-tac-toe-61826-a614edb6/tic_tac_toe_frontend/node_modules/core-js/stable/object/values.js'
npm warn tar TAR_ENTRY_ERROR ENOENT: no such file or directory, open '/home/kavia/workspace/code-generation/tictacplus-persistent-fullstack-tic-tac-toe-61826-a614edb6/tic_tac_toe_frontend/node_modules/core-js/internals/weak-map-basic-detection.js'
npm warn tar TAR_ENTRY_ERROR ENOENT: no such file or directory, open '/home/kavia/workspace/code-generation/tictacplus-persistent-fullstack-tic-tac-toe-61826-a614edb6/tic_tac_toe_frontend/node_modules/core-js/internals/weak-map-helpers.js'
npm warn tar TAR_ENTRY_ERROR ENOENT: no such file or directory, open '/home/kavia/workspace/code-generation/tictacplus-persistent-fullstack-tic-tac-toe-61826-a614edb6/tic_tac_toe_frontend/node_modules/core-js/internals/weak-set-helpers.js'
npm warn tar TAR_ENTRY_ERROR ENOENT: no such file or directory, open '/home/kavia/workspace/code-generation/tictacplus-persistent-fullstack-tic-tac-toe-61826-a614edb6/tic_tac_toe_frontend/node_modules/core-js-pure/proposals/well-formed-stringify.js'
npm warn tar TAR_ENTRY_ERROR ENOENT: no such file or directory, open '/home/kavia/workspace/code-generation/tictacplus-persistent-fullstack-tic-tac-toe-61826-a614edb6/tic_tac_toe_frontend/node_modules/core-js-pure/proposals/well-formed-unicode-strings.js'
npm warn tar TAR_ENTRY_ERROR ENOENT: no such file or directory, open '/home/kavia/workspace/code-generation/tictacplus-persistent-fullstack-tic-tac-toe-61826-a614edb6/tic_tac_toe_frontend/node_modules/core-js-pure/internals/well-known-symbol-define.js'
npm warn tar TAR_ENTRY_ERROR ENOENT: no such file or directory, open '/home/kavia/workspace/code-generation/tictacplus-persistent-fullstack-tic-tac-toe-61826-a614edb6/tic_tac_toe_frontend/node_modules/core-js-pure/internals/well-known-symbol-wrapped.js'
npm warn tar TAR_ENTRY_ERROR ENOENT: no such file or directory, open '/home/kavia/workspace/code-generation/tictacplus-persistent-fullstack-tic-tac-toe-61826-a614edb6/tic_tac_toe_frontend/node_modules/core-js-pure/internals/well-known-symbol.js'
npm warn tar TAR_ENTRY_ERROR ENOENT: no such file or directory, open '/home/kavia/workspace/code-generation/tictacplus-persistent-fullstack-tic-tac-toe-61826-a614edb6/tic_tac_toe_frontend/node_modules/core-js-pure/internals/whitespaces.js'
npm warn tar TAR_ENTRY_ERROR ENOENT: no such file or directory, open '/home/kavia/workspace/code-generation/tictacplus-persistent-fullstack-tic-tac-toe-61826-a614edb6/tic_tac_toe_frontend/node_modules/core-js/proposals/well-formed-stringify.js'
npm warn tar TAR_ENTRY_ERROR ENOENT: no such file or directory, open '/home/kavia/workspace/code-generation/tictacplus-persistent-fullstack-tic-tac-toe-61826-a614edb6/tic_tac_toe_frontend/node_modules/core-js/proposals/well-formed-unicode-strings.js'
npm warn tar TAR_ENTRY_ERROR ENOENT: no such file or directory, open '/home/kavia/workspace/code-generation/tictacplus-persistent-fullstack-tic-tac-toe-61826-a614edb6/tic_tac_toe_frontend/node_modules/core-js/internals/well-known-symbol-define.js'
npm warn tar TAR_ENTRY_ERROR ENOENT: no such file or directory, open '/home/kavia/workspace/code-generation/tictacplus-persistent-fullstack-tic-tac-toe-61826-a614edb6/tic_tac_toe_frontend/node_modules/core-js/internals/well-known-symbol-wrapped.js'
npm warn tar TAR_ENTRY_ERROR ENOENT: no such file or directory, open '/home/kavia/workspace/code-generation/tictacplus-persistent-fullstack-tic-tac-toe-61826-a614edb6/tic_tac_toe_frontend/node_modules/core-js/internals/well-known-symbol.js'
npm warn tar TAR_ENTRY_ERROR ENOENT: no such file or directory, open '/home/kavia/workspace/code-generation/tictacplus-persistent-fullstack-tic-tac-toe-61826-a614edb6/tic_tac_toe_frontend/node_modules/core-js/internals/whitespaces.js'
npm warn tar TAR_ENTRY_ERROR ENOENT: no such file or directory, open '/home/kavia/workspace/code-generation/tictacplus-persistent-fullstack-tic-tac-toe-61826-a614edb6/tic_tac_toe_frontend/node_modules/core-js-pure/internals/wrap-error-constructor-with-cause.js'
npm warn tar TAR_ENTRY_ERROR ENOENT: no such file or directory, open '/home/kavia/workspace/code-generation/tictacplus-persistent-fullstack-tic-tac-toe-61826-a614edb6/tic_tac_toe_frontend/node_modules/core-js-pure/internals/README.md'
npm warn tar TAR_ENTRY_ERROR ENOENT: no such file or directory, open '/home/kavia/workspace/code-generation/tictacplus-persistent-fullstack-tic-tac-toe-61826-a614edb6/tic_tac_toe_frontend/node_modules/core-js-pure/stage/README.md'
npm warn tar TAR_ENTRY_ERROR ENOENT: no such file or directory, open '/home/kavia/workspace/code-generation/tictacplus-persistent-fullstack-tic-tac-toe-61826-a614edb6/tic_tac_toe_frontend/node_modules/core-js-pure/web/README.md'
npm warn tar TAR_ENTRY_ERROR ENOENT: no such file or directory, open '/home/kavia/workspace/code-generation/tictacplus-persistent-fullstack-tic-tac-toe-61826-a614edb6/tic_tac_toe_frontend/node_modules/core-js/internals/wrap-error-constructor-with-cause.js'
npm warn tar TAR_ENTRY_ERROR ENOENT: no such file or directory, open '/home/kavia/workspace/code-generation/tictacplus-persistent-fullstack-tic-tac-toe-61826-a614edb6/tic_tac_toe_frontend/node_modules/core-js/internals/README.md'
npm warn tar TAR_ENTRY_ERROR ENOENT: no such file or directory, open '/home/kavia/workspace/code-generation/tictacplus-persistent-fullstack-tic-tac-toe-61826-a614edb6/tic_tac_toe_frontend/node_modules/core-js/stage/README.md'
npm warn tar TAR_ENTRY_ERROR ENOENT: no such file or directory, open '/home/kavia/workspace/code-generation/tictacplus-persistent-fullstack-tic-tac-toe-61826-a614edb6/tic_tac_toe_frontend/node_modules/core-js/web/README.md'

added 1325 packages, and audited 1327 packages in 52s

268 packages are looking for funding
  run `npm fund` for details

13 vulnerabilities (1 low, 6 moderate, 6 high)

To address issues that do not require attention, run:
  npm audit fix

To address all issues (including breaking changes), run:
  npm audit fix --force

Run `npm audit` for details.
npm notice
npm notice New major version of npm available! 10.8.2 -> 11.4.2
npm notice Changelog: https://github.com/npm/cli/releases/tag/v11.4.2
npm notice To update run: npm install -g npm@11.4.2
npm notice
